-- MariaDB dump 10.18  Distrib 10.4.17-MariaDB, for Win64 (AMD64)
--
-- Host: localhost    Database: egov_db
-- ------------------------------------------------------
-- Server version	10.4.17-MariaDB

/*!40101 SET @OLD_CHARACTER_SET_CLIENT=@@CHARACTER_SET_CLIENT */;
/*!40101 SET @OLD_CHARACTER_SET_RESULTS=@@CHARACTER_SET_RESULTS */;
/*!40101 SET @OLD_COLLATION_CONNECTION=@@COLLATION_CONNECTION */;
/*!40101 SET NAMES utf8mb4 */;
/*!40103 SET @OLD_TIME_ZONE=@@TIME_ZONE */;
/*!40103 SET TIME_ZONE='+00:00' */;
/*!40014 SET @OLD_UNIQUE_CHECKS=@@UNIQUE_CHECKS, UNIQUE_CHECKS=0 */;
/*!40014 SET @OLD_FOREIGN_KEY_CHECKS=@@FOREIGN_KEY_CHECKS, FOREIGN_KEY_CHECKS=0 */;
/*!40101 SET @OLD_SQL_MODE=@@SQL_MODE, SQL_MODE='NO_AUTO_VALUE_ON_ZERO' */;
/*!40111 SET @OLD_SQL_NOTES=@@SQL_NOTES, SQL_NOTES=0 */;

--
-- Table structure for table `auth_group`
--

DROP TABLE IF EXISTS `auth_group`;
/*!40101 SET @saved_cs_client     = @@character_set_client */;
/*!40101 SET character_set_client = utf8 */;
CREATE TABLE `auth_group` (
  `id` int(11) NOT NULL AUTO_INCREMENT,
  `name` varchar(150) NOT NULL,
  PRIMARY KEY (`id`),
  UNIQUE KEY `name` (`name`)
) ENGINE=InnoDB DEFAULT CHARSET=utf8mb4;
/*!40101 SET character_set_client = @saved_cs_client */;

--
-- Dumping data for table `auth_group`
--

LOCK TABLES `auth_group` WRITE;
/*!40000 ALTER TABLE `auth_group` DISABLE KEYS */;
/*!40000 ALTER TABLE `auth_group` ENABLE KEYS */;
UNLOCK TABLES;

--
-- Table structure for table `auth_group_permissions`
--

DROP TABLE IF EXISTS `auth_group_permissions`;
/*!40101 SET @saved_cs_client     = @@character_set_client */;
/*!40101 SET character_set_client = utf8 */;
CREATE TABLE `auth_group_permissions` (
  `id` int(11) NOT NULL AUTO_INCREMENT,
  `group_id` int(11) NOT NULL,
  `permission_id` int(11) NOT NULL,
  PRIMARY KEY (`id`),
  UNIQUE KEY `auth_group_permissions_group_id_permission_id_0cd325b0_uniq` (`group_id`,`permission_id`),
  KEY `auth_group_permissio_permission_id_84c5c92e_fk_auth_perm` (`permission_id`),
  CONSTRAINT `auth_group_permissio_permission_id_84c5c92e_fk_auth_perm` FOREIGN KEY (`permission_id`) REFERENCES `auth_permission` (`id`),
  CONSTRAINT `auth_group_permissions_group_id_b120cbf9_fk_auth_group_id` FOREIGN KEY (`group_id`) REFERENCES `auth_group` (`id`)
) ENGINE=InnoDB DEFAULT CHARSET=utf8mb4;
/*!40101 SET character_set_client = @saved_cs_client */;

--
-- Dumping data for table `auth_group_permissions`
--

LOCK TABLES `auth_group_permissions` WRITE;
/*!40000 ALTER TABLE `auth_group_permissions` DISABLE KEYS */;
/*!40000 ALTER TABLE `auth_group_permissions` ENABLE KEYS */;
UNLOCK TABLES;

--
-- Table structure for table `auth_permission`
--

DROP TABLE IF EXISTS `auth_permission`;
/*!40101 SET @saved_cs_client     = @@character_set_client */;
/*!40101 SET character_set_client = utf8 */;
CREATE TABLE `auth_permission` (
  `id` int(11) NOT NULL AUTO_INCREMENT,
  `name` varchar(255) NOT NULL,
  `content_type_id` int(11) NOT NULL,
  `codename` varchar(100) NOT NULL,
  PRIMARY KEY (`id`),
  UNIQUE KEY `auth_permission_content_type_id_codename_01ab375a_uniq` (`content_type_id`,`codename`),
  CONSTRAINT `auth_permission_content_type_id_2f476e4b_fk_django_co` FOREIGN KEY (`content_type_id`) REFERENCES `django_content_type` (`id`)
) ENGINE=InnoDB AUTO_INCREMENT=173 DEFAULT CHARSET=utf8mb4;
/*!40101 SET character_set_client = @saved_cs_client */;

--
-- Dumping data for table `auth_permission`
--

LOCK TABLES `auth_permission` WRITE;
/*!40000 ALTER TABLE `auth_permission` DISABLE KEYS */;
INSERT INTO `auth_permission` VALUES (1,'Can add log entry',1,'add_logentry'),(2,'Can change log entry',1,'change_logentry'),(3,'Can delete log entry',1,'delete_logentry'),(4,'Can view log entry',1,'view_logentry'),(5,'Can add permission',2,'add_permission'),(6,'Can change permission',2,'change_permission'),(7,'Can delete permission',2,'delete_permission'),(8,'Can view permission',2,'view_permission'),(9,'Can add group',3,'add_group'),(10,'Can change group',3,'change_group'),(11,'Can delete group',3,'delete_group'),(12,'Can view group',3,'view_group'),(13,'Can add user',4,'add_user'),(14,'Can change user',4,'change_user'),(15,'Can delete user',4,'delete_user'),(16,'Can view user',4,'view_user'),(17,'Can add content type',5,'add_contenttype'),(18,'Can change content type',5,'change_contenttype'),(19,'Can delete content type',5,'delete_contenttype'),(20,'Can view content type',5,'view_contenttype'),(21,'Can add session',6,'add_session'),(22,'Can change session',6,'change_session'),(23,'Can delete session',6,'delete_session'),(24,'Can view session',6,'view_session'),(25,'Can add Asset_type',7,'add_asset_type'),(26,'Can change Asset_type',7,'change_asset_type'),(27,'Can delete Asset_type',7,'delete_asset_type'),(28,'Can view Asset_type',7,'view_asset_type'),(29,'Can add System',8,'add_system'),(30,'Can change System',8,'change_system'),(31,'Can delete System',8,'delete_system'),(32,'Can view System',8,'view_system'),(33,'Can add Asset',9,'add_asset'),(34,'Can change Asset',9,'change_asset'),(35,'Can delete Asset',9,'delete_asset'),(36,'Can view Asset',9,'view_asset'),(37,'Can add Process',10,'add_process'),(38,'Can change Process',10,'change_process'),(39,'Can delete Process',10,'delete_process'),(40,'Can view Process',10,'view_process'),(41,'Can add Attribute_value',11,'add_attribute_value'),(42,'Can change Attribute_value',11,'change_attribute_value'),(43,'Can delete Attribute_value',11,'delete_attribute_value'),(44,'Can view Attribute_value',11,'view_attribute_value'),(45,'Can add Threat',12,'add_threat'),(46,'Can change Threat',12,'change_threat'),(47,'Can delete Threat',12,'delete_threat'),(48,'Can view Threat',12,'view_threat'),(49,'Can add Attribute',13,'add_attribute'),(50,'Can change Attribute',13,'change_attribute'),(51,'Can delete Attribute',13,'delete_attribute'),(52,'Can view Attribute',13,'view_attribute'),(53,'Can add threat_has_attribute',14,'add_threat_has_attribute'),(54,'Can change threat_has_attribute',14,'change_threat_has_attribute'),(55,'Can delete threat_has_attribute',14,'delete_threat_has_attribute'),(56,'Can view threat_has_attribute',14,'view_threat_has_attribute'),(57,'Can add asset_has_attribute',15,'add_asset_has_attribute'),(58,'Can change asset_has_attribute',15,'change_asset_has_attribute'),(59,'Can delete asset_has_attribute',15,'delete_asset_has_attribute'),(60,'Can view asset_has_attribute',15,'view_asset_has_attribute'),(61,'Can add Control',16,'add_control'),(62,'Can change Control',16,'change_control'),(63,'Can delete Control',16,'delete_control'),(64,'Can view Control',16,'view_control'),(65,'Can add threat_has_control',17,'add_threat_has_control'),(66,'Can change threat_has_control',17,'change_threat_has_control'),(67,'Can delete threat_has_control',17,'delete_threat_has_control'),(68,'Can view threat_has_control',17,'view_threat_has_control'),(69,'Can add Threat_details',18,'add_threat_details'),(70,'Can change Threat_details',18,'change_threat_details'),(71,'Can delete Threat_details',18,'delete_threat_details'),(72,'Can view Threat_details',18,'view_threat_details'),(73,'Can add Subcategory',19,'add_subcategory'),(74,'Can change Subcategory',19,'change_subcategory'),(75,'Can delete Subcategory',19,'delete_subcategory'),(76,'Can view Subcategory',19,'view_subcategory'),(77,'Can add threat_details_has_subcategory',20,'add_threat_details_has_subcategory'),(78,'Can change threat_details_has_subcategory',20,'change_threat_details_has_subcategory'),(79,'Can delete threat_details_has_subcategory',20,'delete_threat_details_has_subcategory'),(80,'Can view threat_details_has_subcategory',20,'view_threat_details_has_subcategory'),(81,'Can add threat_has_subcategory',21,'add_threat_has_subcategory'),(82,'Can change threat_has_subcategory',21,'change_threat_has_subcategory'),(83,'Can delete threat_has_subcategory',21,'delete_threat_has_subcategory'),(84,'Can view threat_has_subcategory',21,'view_threat_has_subcategory'),(85,'Can add subcategory_has_control',22,'add_subcategory_has_control'),(86,'Can change subcategory_has_control',22,'change_subcategory_has_control'),(87,'Can delete subcategory_has_control',22,'delete_subcategory_has_control'),(88,'Can view subcategory_has_control',22,'view_subcategory_has_control'),(89,'Can add threat_has_threatdetails',23,'add_threat_has_threatdetails'),(90,'Can change threat_has_threatdetails',23,'change_threat_has_threatdetails'),(91,'Can delete threat_has_threatdetails',23,'delete_threat_has_threatdetails'),(92,'Can view threat_has_threatdetails',23,'view_threat_has_threatdetails'),(93,'Can add Function',24,'add_function'),(94,'Can change Function',24,'change_function'),(95,'Can delete Function',24,'delete_function'),(96,'Can view Function',24,'view_function'),(97,'Can add Category',25,'add_category'),(98,'Can change Category',25,'change_category'),(99,'Can delete Category',25,'delete_category'),(100,'Can view Category',25,'view_category'),(101,'Can add is_a_requirement_for_mitigation',21,'add_is_a_requirement_for_mitigation'),(102,'Can change is_a_requirement_for_mitigation',21,'change_is_a_requirement_for_mitigation'),(103,'Can delete is_a_requirement_for_mitigation',21,'delete_is_a_requirement_for_mitigation'),(104,'Can view is_a_requirement_for_mitigation',21,'view_is_a_requirement_for_mitigation'),(105,'Can add subcategory_is_implemented_through_control',22,'add_subcategory_is_implemented_through_control'),(106,'Can change subcategory_is_implemented_through_control',22,'change_subcategory_is_implemented_through_control'),(107,'Can delete subcategory_is_implemented_through_control',22,'delete_subcategory_is_implemented_through_control'),(108,'Can view subcategory_is_implemented_through_control',22,'view_subcategory_is_implemented_through_control'),(109,'Can add Subcategory',26,'add_family'),(110,'Can change Subcategory',26,'change_family'),(111,'Can delete Subcategory',26,'delete_family'),(112,'Can view Subcategory',26,'view_family'),(113,'Can add control_has_subcontrol',27,'add_control_has_subcontrol'),(114,'Can change control_has_subcontrol',27,'change_control_has_subcontrol'),(115,'Can delete control_has_subcontrol',27,'delete_control_has_subcontrol'),(116,'Can view control_has_subcontrol',27,'view_control_has_subcontrol'),(117,'Can add control_has_relatedcontrol',28,'add_control_has_relatedcontrol'),(118,'Can change control_has_relatedcontrol',28,'change_control_has_relatedcontrol'),(119,'Can delete control_has_relatedcontrol',28,'delete_control_has_relatedcontrol'),(120,'Can view control_has_relatedcontrol',28,'view_control_has_relatedcontrol'),(121,'Can add Subcategory',29,'add_context'),(122,'Can change Subcategory',29,'change_context'),(123,'Can delete Subcategory',29,'delete_context'),(124,'Can view Subcategory',29,'view_context'),(125,'Can add contextualization',30,'add_contextualization'),(126,'Can change contextualization',30,'change_contextualization'),(127,'Can delete contextualization',30,'delete_contextualization'),(128,'Can view contextualization',30,'view_contextualization'),(129,'Can add Context_and_profile',29,'add_context_and_profile'),(130,'Can change Context_and_profile',29,'change_context_and_profile'),(131,'Can delete Context_and_profile',29,'delete_context_and_profile'),(132,'Can view Context_and_profile',29,'view_context_and_profile'),(133,'Can add contextualization_and_profile',30,'add_contextualization_and_profile'),(134,'Can change contextualization_and_profile',30,'change_contextualization_and_profile'),(135,'Can delete contextualization_and_profile',30,'delete_contextualization_and_profile'),(136,'Can view contextualization_and_profile',30,'view_contextualization_and_profile'),(137,'Can add profile_has_context',31,'add_profile_has_context'),(138,'Can change profile_has_context',31,'change_profile_has_context'),(139,'Can delete profile_has_context',31,'delete_profile_has_context'),(140,'Can view profile_has_context',31,'view_profile_has_context'),(141,'Can add Profile',32,'add_profile'),(142,'Can change Profile',32,'change_profile'),(143,'Can delete Profile',32,'delete_profile'),(144,'Can view Profile',32,'view_profile'),(145,'Can add profile_maturity_control',33,'add_profile_maturity_control'),(146,'Can change profile_maturity_control',33,'change_profile_maturity_control'),(147,'Can delete profile_maturity_control',33,'delete_profile_maturity_control'),(148,'Can view profile_maturity_control',33,'view_profile_maturity_control'),(149,'Can add profile_has_subcategory',34,'add_profile_has_subcategory'),(150,'Can change profile_has_subcategory',34,'change_profile_has_subcategory'),(151,'Can delete profile_has_subcategory',34,'delete_profile_has_subcategory'),(152,'Can view profile_has_subcategory',34,'view_profile_has_subcategory'),(153,'Can add fusioncontext_has_context',35,'add_fusioncontext_has_context'),(154,'Can change fusioncontext_has_context',35,'change_fusioncontext_has_context'),(155,'Can delete fusioncontext_has_context',35,'delete_fusioncontext_has_context'),(156,'Can view fusioncontext_has_context',35,'view_fusioncontext_has_context'),(157,'Can add contextualization_has_maturity_levels',36,'add_contextualization_has_maturity_levels'),(158,'Can change contextualization_has_maturity_levels',36,'change_contextualization_has_maturity_levels'),(159,'Can delete contextualization_has_maturity_levels',36,'delete_contextualization_has_maturity_levels'),(160,'Can view contextualization_has_maturity_levels',36,'view_contextualization_has_maturity_levels'),(161,'Can add Maturity_level',37,'add_maturity_level'),(162,'Can change Maturity_level',37,'change_maturity_level'),(163,'Can delete Maturity_level',37,'delete_maturity_level'),(164,'Can view Maturity_level',37,'view_maturity_level'),(165,'Can add Subcategory',38,'add_control_framework'),(166,'Can change Subcategory',38,'change_control_framework'),(167,'Can delete Subcategory',38,'delete_control_framework'),(168,'Can view Subcategory',38,'view_control_framework'),(169,'Can add threat_has_family',39,'add_threat_has_family'),(170,'Can change threat_has_family',39,'change_threat_has_family'),(171,'Can delete threat_has_family',39,'delete_threat_has_family'),(172,'Can view threat_has_family',39,'view_threat_has_family');
/*!40000 ALTER TABLE `auth_permission` ENABLE KEYS */;
UNLOCK TABLES;

--
-- Table structure for table `auth_user`
--

DROP TABLE IF EXISTS `auth_user`;
/*!40101 SET @saved_cs_client     = @@character_set_client */;
/*!40101 SET character_set_client = utf8 */;
CREATE TABLE `auth_user` (
  `id` int(11) NOT NULL AUTO_INCREMENT,
  `password` varchar(128) NOT NULL,
  `last_login` datetime(6) DEFAULT NULL,
  `is_superuser` tinyint(1) NOT NULL,
  `username` varchar(150) NOT NULL,
  `first_name` varchar(150) NOT NULL,
  `last_name` varchar(150) NOT NULL,
  `email` varchar(254) NOT NULL,
  `is_staff` tinyint(1) NOT NULL,
  `is_active` tinyint(1) NOT NULL,
  `date_joined` datetime(6) NOT NULL,
  PRIMARY KEY (`id`),
  UNIQUE KEY `username` (`username`)
) ENGINE=InnoDB DEFAULT CHARSET=utf8mb4;
/*!40101 SET character_set_client = @saved_cs_client */;

--
-- Dumping data for table `auth_user`
--

LOCK TABLES `auth_user` WRITE;
/*!40000 ALTER TABLE `auth_user` DISABLE KEYS */;
/*!40000 ALTER TABLE `auth_user` ENABLE KEYS */;
UNLOCK TABLES;

--
-- Table structure for table `auth_user_groups`
--

DROP TABLE IF EXISTS `auth_user_groups`;
/*!40101 SET @saved_cs_client     = @@character_set_client */;
/*!40101 SET character_set_client = utf8 */;
CREATE TABLE `auth_user_groups` (
  `id` int(11) NOT NULL AUTO_INCREMENT,
  `user_id` int(11) NOT NULL,
  `group_id` int(11) NOT NULL,
  PRIMARY KEY (`id`),
  UNIQUE KEY `auth_user_groups_user_id_group_id_94350c0c_uniq` (`user_id`,`group_id`),
  KEY `auth_user_groups_group_id_97559544_fk_auth_group_id` (`group_id`),
  CONSTRAINT `auth_user_groups_group_id_97559544_fk_auth_group_id` FOREIGN KEY (`group_id`) REFERENCES `auth_group` (`id`),
  CONSTRAINT `auth_user_groups_user_id_6a12ed8b_fk_auth_user_id` FOREIGN KEY (`user_id`) REFERENCES `auth_user` (`id`)
) ENGINE=InnoDB DEFAULT CHARSET=utf8mb4;
/*!40101 SET character_set_client = @saved_cs_client */;

--
-- Dumping data for table `auth_user_groups`
--

LOCK TABLES `auth_user_groups` WRITE;
/*!40000 ALTER TABLE `auth_user_groups` DISABLE KEYS */;
/*!40000 ALTER TABLE `auth_user_groups` ENABLE KEYS */;
UNLOCK TABLES;

--
-- Table structure for table `auth_user_user_permissions`
--

DROP TABLE IF EXISTS `auth_user_user_permissions`;
/*!40101 SET @saved_cs_client     = @@character_set_client */;
/*!40101 SET character_set_client = utf8 */;
CREATE TABLE `auth_user_user_permissions` (
  `id` int(11) NOT NULL AUTO_INCREMENT,
  `user_id` int(11) NOT NULL,
  `permission_id` int(11) NOT NULL,
  PRIMARY KEY (`id`),
  UNIQUE KEY `auth_user_user_permissions_user_id_permission_id_14a6b632_uniq` (`user_id`,`permission_id`),
  KEY `auth_user_user_permi_permission_id_1fbb5f2c_fk_auth_perm` (`permission_id`),
  CONSTRAINT `auth_user_user_permi_permission_id_1fbb5f2c_fk_auth_perm` FOREIGN KEY (`permission_id`) REFERENCES `auth_permission` (`id`),
  CONSTRAINT `auth_user_user_permissions_user_id_a95ead1b_fk_auth_user_id` FOREIGN KEY (`user_id`) REFERENCES `auth_user` (`id`)
) ENGINE=InnoDB DEFAULT CHARSET=utf8mb4;
/*!40101 SET character_set_client = @saved_cs_client */;

--
-- Dumping data for table `auth_user_user_permissions`
--

LOCK TABLES `auth_user_user_permissions` WRITE;
/*!40000 ALTER TABLE `auth_user_user_permissions` DISABLE KEYS */;
/*!40000 ALTER TABLE `auth_user_user_permissions` ENABLE KEYS */;
UNLOCK TABLES;

--
-- Table structure for table `django_admin_log`
--

DROP TABLE IF EXISTS `django_admin_log`;
/*!40101 SET @saved_cs_client     = @@character_set_client */;
/*!40101 SET character_set_client = utf8 */;
CREATE TABLE `django_admin_log` (
  `id` int(11) NOT NULL AUTO_INCREMENT,
  `action_time` datetime(6) NOT NULL,
  `object_id` longtext DEFAULT NULL,
  `object_repr` varchar(200) NOT NULL,
  `action_flag` smallint(5) unsigned NOT NULL CHECK (`action_flag` >= 0),
  `change_message` longtext NOT NULL,
  `content_type_id` int(11) DEFAULT NULL,
  `user_id` int(11) NOT NULL,
  PRIMARY KEY (`id`),
  KEY `django_admin_log_content_type_id_c4bce8eb_fk_django_co` (`content_type_id`),
  KEY `django_admin_log_user_id_c564eba6_fk_auth_user_id` (`user_id`),
  CONSTRAINT `django_admin_log_content_type_id_c4bce8eb_fk_django_co` FOREIGN KEY (`content_type_id`) REFERENCES `django_content_type` (`id`),
  CONSTRAINT `django_admin_log_user_id_c564eba6_fk_auth_user_id` FOREIGN KEY (`user_id`) REFERENCES `auth_user` (`id`)
) ENGINE=InnoDB DEFAULT CHARSET=utf8mb4;
/*!40101 SET character_set_client = @saved_cs_client */;

--
-- Dumping data for table `django_admin_log`
--

LOCK TABLES `django_admin_log` WRITE;
/*!40000 ALTER TABLE `django_admin_log` DISABLE KEYS */;
/*!40000 ALTER TABLE `django_admin_log` ENABLE KEYS */;
UNLOCK TABLES;

--
-- Table structure for table `django_content_type`
--

DROP TABLE IF EXISTS `django_content_type`;
/*!40101 SET @saved_cs_client     = @@character_set_client */;
/*!40101 SET character_set_client = utf8 */;
CREATE TABLE `django_content_type` (
  `id` int(11) NOT NULL AUTO_INCREMENT,
  `app_label` varchar(100) NOT NULL,
  `model` varchar(100) NOT NULL,
  PRIMARY KEY (`id`),
  UNIQUE KEY `django_content_type_app_label_model_76bd3d3b_uniq` (`app_label`,`model`)
) ENGINE=InnoDB AUTO_INCREMENT=40 DEFAULT CHARSET=utf8mb4;
/*!40101 SET character_set_client = @saved_cs_client */;

--
-- Dumping data for table `django_content_type`
--

LOCK TABLES `django_content_type` WRITE;
/*!40000 ALTER TABLE `django_content_type` DISABLE KEYS */;
INSERT INTO `django_content_type` VALUES (1,'admin','logentry'),(3,'auth','group'),(2,'auth','permission'),(4,'auth','user'),(5,'contenttypes','contenttype'),(9,'parsingBPMN','asset'),(15,'parsingBPMN','asset_has_attribute'),(7,'parsingBPMN','asset_type'),(13,'parsingBPMN','attribute'),(11,'parsingBPMN','attribute_value'),(25,'parsingbpmn','category'),(29,'parsingbpmn','context'),(30,'parsingbpmn','contextualization'),(36,'parsingbpmn','contextualization_has_maturity_levels'),(16,'parsingbpmn','control'),(38,'parsingbpmn','control_framework'),(28,'parsingbpmn','control_has_relatedcontrol'),(27,'parsingbpmn','control_has_subcontrol'),(26,'parsingbpmn','family'),(24,'parsingbpmn','function'),(35,'parsingbpmn','fusioncontext_has_context'),(21,'parsingbpmn','is_a_requirement_for_mitigation'),(37,'parsingbpmn','maturity_level'),(10,'parsingBPMN','process'),(32,'parsingbpmn','profile'),(31,'parsingbpmn','profile_has_context'),(34,'parsingbpmn','profile_has_subcategory'),(33,'parsingbpmn','profile_maturity_control'),(19,'parsingbpmn','subcategory'),(22,'parsingbpmn','subcategory_is_implemented_through_control'),(8,'parsingBPMN','system'),(12,'parsingBPMN','threat'),(18,'parsingbpmn','threat_details'),(20,'parsingbpmn','threat_details_has_subcategory'),(14,'parsingBPMN','threat_has_attribute'),(17,'parsingbpmn','threat_has_control'),(39,'parsingbpmn','threat_has_family'),(23,'parsingbpmn','threat_has_threatdetails'),(6,'sessions','session');
/*!40000 ALTER TABLE `django_content_type` ENABLE KEYS */;
UNLOCK TABLES;

--
-- Table structure for table `django_migrations`
--

DROP TABLE IF EXISTS `django_migrations`;
/*!40101 SET @saved_cs_client     = @@character_set_client */;
/*!40101 SET character_set_client = utf8 */;
CREATE TABLE `django_migrations` (
  `id` int(11) NOT NULL AUTO_INCREMENT,
  `app` varchar(255) NOT NULL,
  `name` varchar(255) NOT NULL,
  `applied` datetime(6) NOT NULL,
  PRIMARY KEY (`id`)
) ENGINE=InnoDB AUTO_INCREMENT=80 DEFAULT CHARSET=utf8mb4;
/*!40101 SET character_set_client = @saved_cs_client */;

--
-- Dumping data for table `django_migrations`
--

LOCK TABLES `django_migrations` WRITE;
/*!40000 ALTER TABLE `django_migrations` DISABLE KEYS */;
INSERT INTO `django_migrations` VALUES (1,'contenttypes','0001_initial','2020-10-21 10:28:20.518521'),(2,'auth','0001_initial','2020-10-21 10:28:20.732947'),(3,'admin','0001_initial','2020-10-21 10:28:21.280041'),(4,'admin','0002_logentry_remove_auto_add','2020-10-21 10:28:21.440106'),(5,'admin','0003_logentry_add_action_flag_choices','2020-10-21 10:28:21.448071'),(6,'contenttypes','0002_remove_content_type_name','2020-10-21 10:28:21.531279'),(7,'auth','0002_alter_permission_name_max_length','2020-10-21 10:28:21.644952'),(8,'auth','0003_alter_user_email_max_length','2020-10-21 10:28:21.709779'),(9,'auth','0004_alter_user_username_opts','2020-10-21 10:28:21.717758'),(10,'auth','0005_alter_user_last_login_null','2020-10-21 10:28:21.810510'),(11,'auth','0006_require_contenttypes_0002','2020-10-21 10:28:21.813540'),(12,'auth','0007_alter_validators_add_error_messages','2020-10-21 10:28:21.820520'),(13,'auth','0008_alter_user_username_max_length','2020-10-21 10:28:21.836481'),(14,'auth','0009_alter_user_last_name_max_length','2020-10-21 10:28:21.878328'),(15,'auth','0010_alter_group_name_max_length','2020-10-21 10:28:21.895323'),(16,'auth','0011_update_proxy_permissions','2020-10-21 10:28:21.902264'),(17,'auth','0012_alter_user_first_name_max_length','2020-10-21 10:28:21.920216'),(18,'sessions','0001_initial','2020-10-21 10:28:21.949138'),(19,'parsingBPMN','0001_initial','2020-10-21 10:28:37.932384'),(20,'parsingBPMN','0002_attribute_value_threat','2020-10-21 13:56:02.880433'),(21,'parsingBPMN','0003_auto_20201021_1639','2020-10-21 14:40:22.237484'),(22,'parsingBPMN','0004_auto_20201021_1730','2020-10-21 15:30:38.466402'),(23,'parsingBPMN','0005_auto_20201021_1806','2020-10-21 16:06:28.968480'),(24,'parsingBPMN','0006_auto_20201021_1922','2020-10-21 17:22:53.146964'),(25,'parsingBPMN','0007_asset_asset_type','2020-10-22 14:25:58.692734'),(26,'parsingbpmn','0001_initial','2020-10-30 14:54:02.556697'),(27,'parsingbpmn','0002_attribute_value_threat','2020-10-30 14:54:02.561685'),(28,'parsingbpmn','0003_auto_20201021_1639','2020-10-30 14:54:02.566366'),(29,'parsingbpmn','0004_auto_20201021_1730','2020-10-30 14:54:02.570418'),(30,'parsingbpmn','0005_auto_20201021_1806','2020-10-30 14:54:02.574713'),(31,'parsingbpmn','0006_auto_20201021_1922','2020-10-30 14:54:02.582431'),(32,'parsingbpmn','0007_asset_asset_type','2020-10-30 14:54:02.586286'),(33,'parsingbpmn','0008_control_threat_has_control','2020-10-30 14:54:02.591437'),(34,'parsingbpmn','0010_threat_has_control','2020-10-30 15:16:27.952019'),(35,'parsingbpmn','0002_subcategory','2021-01-28 14:53:42.222311'),(36,'parsingbpmn','0002_subcategory_threat_details','2021-01-28 15:05:43.623686'),(37,'parsingbpmn','0003_subcategory_has_control_threat_details_has_subcategory_threat_has_subcategory','2021-01-28 15:21:33.744156'),(38,'parsingbpmn','0004_auto_20210129_0947','2021-01-29 08:47:42.446650'),(39,'parsingbpmn','0005_auto_20210129_1015','2021-01-29 09:15:39.456474'),(40,'parsingbpmn','0006_remove_category_function','2021-02-10 09:40:40.126210'),(41,'parsingbpmn','0007_auto_20210210_1042','2021-02-10 09:42:55.186899'),(42,'parsingbpmn','0008_category_function','2021-02-10 10:31:53.612019'),(43,'parsingbpmn','0009_auto_20210210_1140','2021-02-10 10:40:25.914775'),(44,'parsingbpmn','0010_auto_20210210_1141','2021-02-10 10:42:02.888331'),(45,'parsingbpmn','0011_family','2021-02-10 10:51:19.804314'),(46,'parsingbpmn','0012_control_family','2021-02-10 10:52:33.307932'),(47,'parsingbpmn','0013_control_has_subcontrol','2021-02-10 10:54:51.469503'),(48,'parsingbpmn','0014_control_has_relatedcontrol','2021-02-10 10:59:14.538051'),(49,'parsingbpmn','0015_context_contextualization','2021-02-10 11:04:20.417799'),(50,'parsingbpmn','0016_auto_20210210_1212','2021-02-10 11:12:52.630674'),(51,'parsingbpmn','0017_auto_20210210_1528','2021-02-10 14:28:09.436428'),(52,'parsingbpmn','0018_control_maturity_level','2021-02-15 16:05:29.514046'),(53,'parsingbpmn','0019_auto_20210215_1713','2021-02-15 16:13:07.430519'),(54,'parsingbpmn','0020_remove_context_and_profile_maturity_levels','2021-02-15 16:13:41.215965'),(55,'parsingbpmn','0021_auto_20210215_1717','2021-02-15 16:17:19.636574'),(56,'parsingbpmn','0022_auto_20210215_1719','2021-02-15 16:19:59.978014'),(57,'parsingbpmn','0023_auto_20210219_1456','2021-02-19 13:56:57.165408'),(58,'parsingbpmn','0024_auto_20210219_1502','2021-02-19 14:02:33.687860'),(59,'parsingbpmn','0025_auto_20210219_1503','2021-02-19 14:03:22.055161'),(60,'parsingbpmn','0026_auto_20210219_1503','2021-02-19 14:04:00.510689'),(61,'parsingbpmn','0027_auto_20210219_1915','2021-02-19 18:15:51.464495'),(62,'parsingbpmn','0028_delete_profile_maturity_control','2021-02-19 18:31:55.124782'),(63,'parsingbpmn','0029_profile_maturity_control','2021-02-19 18:32:24.568453'),(64,'parsingbpmn','0030_auto_20210223_1716','2021-02-23 16:16:59.811791'),(65,'parsingbpmn','0031_remove_context_method','2021-02-23 17:10:34.167566'),(66,'parsingbpmn','0032_remove_profile_method','2021-02-24 09:34:52.560049'),(67,'parsingbpmn','0033_contextualization_has_maturity_levels_maturity_level','2021-03-04 09:41:11.935214'),(68,'parsingbpmn','0034_remove_contextualization_maturity_level','2021-03-04 14:07:58.385598'),(69,'parsingbpmn','0035_remove_profile_has_subcategory_maturity_level','2021-03-04 14:09:21.769209'),(70,'parsingbpmn','0036_profile_has_subcategory_maturity_level','2021-03-04 14:10:20.200519'),(71,'parsingbpmn','0037_maturity_level_context','2021-03-04 16:49:10.148611'),(72,'parsingbpmn','0038_auto_20210305_1616','2021-03-05 15:16:17.638888'),(73,'parsingbpmn','0039_remove_control_framework_description','2021-03-05 15:20:36.265216'),(74,'parsingbpmn','0040_auto_20210305_1625','2021-03-05 15:25:24.943582'),(75,'parsingbpmn','0041_threat_has_family','2021-03-08 11:01:18.122457'),(76,'parsingbpmn','0042_profile_maturity_control_implementation','2021-03-10 10:57:50.646139'),(77,'parsingbpmn','0043_profile_framework','2021-03-10 11:05:28.826162'),(78,'parsingbpmn','0044_auto_20210310_1516','2021-03-10 14:17:00.965231'),(79,'parsingbpmn','0045_auto_20210329_1223','2021-03-29 10:24:30.260644');
/*!40000 ALTER TABLE `django_migrations` ENABLE KEYS */;
UNLOCK TABLES;

--
-- Table structure for table `django_session`
--

DROP TABLE IF EXISTS `django_session`;
/*!40101 SET @saved_cs_client     = @@character_set_client */;
/*!40101 SET character_set_client = utf8 */;
CREATE TABLE `django_session` (
  `session_key` varchar(40) NOT NULL,
  `session_data` longtext NOT NULL,
  `expire_date` datetime(6) NOT NULL,
  PRIMARY KEY (`session_key`),
  KEY `django_session_expire_date_a5c62663` (`expire_date`)
) ENGINE=InnoDB DEFAULT CHARSET=utf8mb4;
/*!40101 SET character_set_client = @saved_cs_client */;

--
-- Dumping data for table `django_session`
--

LOCK TABLES `django_session` WRITE;
/*!40000 ALTER TABLE `django_session` DISABLE KEYS */;
INSERT INTO `django_session` VALUES ('24pueg0llsr6joae69zbdy8zhqwvx3nj','.eJztfetzG8eV778yxS8iq2CaIAk-_I2RtL6qkrOK5PXdqjiVGs40wL4GZpB5wJFS-d_veXVPvwYEIGnXcVApp0RiOOg-ffq8z-_842Sp2-7kuz__46TtH4u8U4u6-fhXXZ58dzk5Keqqa-ol_fjnq7u__HMSP3YTPHZ_M7m_TT55dRc-Ok0-dz0Nnru9ST83C56bTtNLnIVffHeZ3sp9-MVXyedur6MFTqYX6e--C8k4vbiaTC8v4L8p_JdeyF20s4vLyXQK3zK9g__un39BuOPR5YVbvpn95Z9_mXjP5VX5V3mmDTnl5Lt_nODfwZFV-UqdfHfy5tX5ww_fTE8mJ6Vqi0avO11X8PsPdVVnhapa3elMZy2wnVrpTGWLpc7y9TpvcvhgrltdwOdV1rd1Vqnl8kXdLPJKf_qUf4IXKXivt4HpPycnjVrCr4JFEgsPy3r4w4eX2fQc_het7M1qvVQrVXV5o7K-gi_f0A-6zkpYgMoa3dZNq7K86_RGZUXd0DfWWZ79rYcn6kzefg3vnucrvRSGn5ys8q5vdPfxr0u1UUv4sh90pVf1CZ4FrfAyXuHl9hUOO8EFNflGNUCqHqjbdk2PT8HC-q6Gr9ZF_fyKPnRwwHlTDmu6itd0Fa3p9Xyuuq7HFellVuq2qGElH4FkGn9a13jQGw3UAhIu8Gzz5TLPGtUhBSv6qVnRURc5bKCEBypY9FKr8-cX_bDJq09wBMOir-NFX0eL_lMP75_rglZteRCWU6m2dVfoUHb5Iq_gr-Bj4IZsWTd1Bp_N4S31QQudhQu9fI4ngb4_nyzrxUJXi59PhCnrtWr4StC6WtXAcrNX_-flux1WFZ_5TbyqmA__q9NLvImwJliBruZ1s6I1aLgjRb6BW5iVub9aXFEGa81WGm563dAfvxi9Y_DaEj4xh-R8UiHTVHD5chEju_BJvNHbcKNXCfI_wOrrporW-rceXgdyqa83PpeDAGvqDXI5PLsgUWf5HjgceWqH1YbC4S5ea3woY2vFSzYmFb72RmKy34dbuU6Q_XvVdno7f4CY6PrOUyEpCaMiOQR_SJ_A38BVn8APC_j7hsiQL4FANX1tqRvg8Dp7s8s1Cs7r6iLeZHxe7-AumC14gvJJZfBDq1WJZCdFNKwmpMlG0cciyUBwaiHUKi-KJ12pSQa0mPeVIyKIXvkEX93prl7i3zYKVlC1-aNe0lNIQCJ1nuE59Cjn4Avztq0LDXLsPHs7fjhFo1AtyurqZYeLq4plX6omkBdtv8zmIGVr2jdrECEFsKzOgRRNB2cKb1ff1ihA2hrE8EHMdxWZAdcJhfbKU1orlXVqqea41gI22QO1gGu6_HGpOqTtuqvXQKIcNumfI_wVKA_4O7BjzCb4dFdqVeN5gp7LangufwRhBv8ukXeBaHjswJxEKysEO_hWoAacUwEHjp_hq4BC3tWsM-Lg4QKUsel0iLa6iuyTWUpbVW1H-hztpxcgZnDxhWinPFuC1YRWkrmCGzjeuwtQe38nxbDUK016jgwDtODoTX9DXe1RFm-HQ6NYbSNzyouJB-2D1mDThthL7z7hMuCbOlBZvfJsA5SZdGb4V2LvadZFwycHUTaysm4SlHU0LvJhY3gio-0UYCxVHa1-A8QqmYiW_t5G1o1e5XLDDeX4ePpKeGZZF7vdsGEzoVNh_IHLwB-IxaDjD5CaX4N06XKUELgH-AVooqUwEeyinne_0oa-jGdwFZiLl0nP4ANQX5wCuNVgeyAL26W4rIGCFL4K3QO0GmnNlSqAyMBfdEAgPduCJO-aX2OkMcgavN1aTLhJ9mvd_NKi2AAmU0bSwF9s8FXw5_htzLD0VUAPfZ79ER6GXbZ48qJB-U6K_HfWXdGj9KVCSN5ccPDXOyi8WUjFZ21ZZLafT359glPHyIM1Z73THigLauwR2LIgNQ0LbVXROxrN3RIpGtkRyhzYPsiD8NvW_c_9xcX80siGFWgpkAurNaocIKqjrobXrzX90T2QcT5Hcj9PqVgJ3cS0ShsHjltiFDisZa0KvPsg-0_x_8DefhJLoa2XZC6sdVHgPysw9xriMTDlFk2-WjEHyrtgQ2dkHGwnjN3zSoNnDqT8E5uMLb0W7hkZh54T5RBM1LXcDjJtgvcjKUFFkh8Bv0Cm5ZPzljXBjaL4xvu2hJegHSv0AwsyOwXLY0nr0suRr69JZlTmwrHjRGbGRjfgwC7V2UHneRufZ2xUOPLb2OFkisLNJUluNBHQE74OKaQuyHSdI2VIsMuTovjDq5KgGd0GNhBQjCCPl6w2Qtme2misqO7CjaY8ptetWvSaDMoFWpbAGHBpW7H1HH0KZp9mgdTAFjfktrB9o-B7I0E1iIJD5NN9vPT4zv2QA_krlQr-eHoHjXYQLIHaoVMp6jW4pcaqJxldDns2HGfiWjvK_EO48voi3nHMlY69NnCl9Q5h7S_GyECihz0njfZmRTyZG6XnORrOTevlGsBlhEMtnojR7yNmNjoLxT58hgrP0aeqxEvuGJPrvCueDmHp62lIpZQ36txd41QZkaHJKbE8rZtvFrARWCCpkJZdK_hRmVsR3FkxDPiG20iOxtNAE4bEPFhHsAv6JwmJ1xWSBX8EAy7vW5EdCi8R0BV8MFgi0Tf0JSxVkf_y1aMWKQRGX5fj4avYyc_2IeuYFXgVWIEJTszmoLRbui4lG1JwN_rKYQnYAi43unfkCrh-0l4G4G0gGmbJeOEDUHBBoZXcGHBgL3ckqVCvVhRCABbPWQuTmb0BubYIzb92Uy8XiiNaFEe20h4EwQYZiR7Dvwg4-nYXjp5G7sRVUky7-gg8cPhKvVJdUxvXnyMkCZGAi2NLrMHLaVy2erNBW2MFR9VxbA_4ZwXHBCxN2hr164S-ywRNQQIWxHMl-W1gTADN-KsnaLeCKQZniAyB_N-hBTOHz31lAMIFA7MFkhjj8JRVYElMNjAqPzgP0EHA7nXGOqbGg9M5hhRa0K9dMxjHbmwioP_0YrcDCAPQV0mh4oTNkfigmcmdN7py4kaeXR8Uj4GMqQlSGGhS1p4OJR3LMeBQnYrlqMFKKJFyIDY71VRoXLV6Ucnt2fAZL188WL4m6kxclQ2cWhINycVQtED5Grq9vJyKxQiIo7ypDyNmGKW9SnrHnmcxsO2rt--y01e41bd122bv4ILh7-vqzIYgKCA9MK0fedChUMrFRmsq76I4rF7mHm3oC0lPjOQ0dqVDGAFGOsQWDKY1wOBr7ddREG-tMLwGp1chawPX2xtoqOAGSUw8FKjGWp2cVuNRVsrJg9TzOUiAKKC0657CUPDV-W3ibH9wREpCeAinoVeonHgGCwFQjnj_c1-C8I0gIaHFF6FAI8vfwxg1tLdgM3eJzfxBJKe3FeSZTLJ3zVLuLF8dVDOPy7z4hbLzzy_M2L1jingWKOJZtMK3QxT3VLXfZU9gVf5Kst6JwE3oOqBEwFARC0-QUGs4JpTyNkibKWsxnrGeBhFfozVDPj3u8DHHhCp56phRK5Y5nN_cBg1P1fniHM91LpdqafQlyj_XW5IFVvpR22fAv2XbySpZNCbhi5ir4RAewYtHlknFSfeyI6ZRcPkqGUpy5D6GSG1GUSQMhx5KoHHZc_CT4ozoVK_zBlM25FM16m-9Jl1Hsh8FPiwLFp6d-vL3DI8ATRdj4MkLcy1xVbBYxCZFnyZnn14cmuHSFPkezGcveBgzvkqGhVxTRBQd6nw9b_ALJBoTxH9NNN3L3rLW7yRdFWQlhR47bGPwpcZu0U1wi27SQc1SgbrUEhRsMViMJ9PXS_mNybdY5hxsXBBPHx_hFqmC1kY0QK-Swhvu9SJb0SoZ0EyfFDOKo4LhHp9nQAySo3BrOVoM_8AH4SvP9mL0u4vQYE4d6uBL-_kqztqR9Uvms_LNZxAei7yhvy1rEdFibaPVARqKRHWpHrVhaJXROS_5J8cyfN56Dhj27ircWcpwe8fxc5tubJSTbekrSqXWfharbjvdkfu3pNyYkWQsdBwCkGDCz4lxOHVL8gq_TXgDfyeXmCOmSTpKhGEHFyIKHdxdx2SITY3v8XSNFINlwI00yeQNsBesZ7HQYPdjWuFF0lM6aG2zeG2xM7ltbSAd0CbIyUTMJfmKgo6kzpdc6_1N5FlepEoMQN_BLZf4FwaElqrLJQslqrXJzSlbtzIn1kdnyPtVqaiMymUp1tM2j6YeHzmb3zSkLzmV6DIlpRNCo26H-3N_m9hwzDk_-gKA_JhBt4mGiuWCWbiYqZjprpjVKQgOG-kL0v1ZXpLdhNEXIysP2MxdYjMxq70du3_AZPA-WDeT_eeTpq4py6Gz__rjm_8Gt_Xnk4fSOSb-7P-C8q9_baPt2sCZ4gADuWgoDEHws4pD-bhSzYK4lwtmTCbKFzneexdYaSEuTF2SLZo7DIleeN95Sgol3xNGNbJ5vqOICUkbh1wuEjGX1xsOLSxf9FwWliY0JSu1IYgN0Ml9J6PTMQxHXgJvN_FEm-8wATU2QUvkN12HKYKdJME0LEoD12CHAkQyxgpVohHEZh6oFHTL8IrrquCYFydV0LUtyYCDLbUrbZK66E7U6JA2HIiGgyUzEQ3OArNdwjo2sAvKiv3FNUcQFiRLbXxkrjEv6-VVlE-Ru4NMqqmXKP7D629ifvgQxPkUW1EoCoiBwfgp9RoMBzpgNaTM5iAbyFiwfJKLOSSURfNZf9LGVwjNocu0OTS6latgK7GTFW7FNxFD8x4-QIsNlVLW9mu0fk34Yds2rNGoqbSWsgpsRammgOdqNgzbGk8bbgJIhG8x9V4UNcnkec5lVo3iis6JjR_YN0SW476kunZJ9f1PiXJhvIzFnUusnImFkcCOixbWYFIXH0kyuVZzuLirPRc3CxYXq7L3BxnzLevfGti1orMvUUHD87mYd8ZL4FATJzyMsQ7Ep19-7uZugs2lQvIDG6KhSwsCAQtfr_OI2BNaORr7mH2XFBDyXf34uNSLJ5RfC3Bpy1xogmZLDqdGqmqp4VWGcgXaM2C1CJ0kQ2Z01Wfv_DbYeSxp3oLYQ5av8qpQQn2UxBIKBEH8Cwb88gUJaykVqDnSRIvk3WvJxWRuVeIX5dA7dyvvHxLXB-yTTb9EEe7pcK9aj8UAe9ET0adeuOcsFR2J8i5UbFkXYlhH0ZPrbU7lLDAdr5Oxk4cyqxdwH0we2wtbOzVNc-A0o7Ns5o0KGgsQXLlsP0GXto-KSk0ajMoaUgkRVL8khjF2Xw_5oSzw64ZSH3ghynC-6lS7KRbc2LKsSWISgYERcvO8zTW7iwkcyzObvDcpCfGxd6HdcG5csILCgwOtNRCi7TmivLQ-Dlwmlx1BcMzBcgEKd6jPdthhZGbd3Id7TOUKfhrqKKREQTKfcI42NuFn5sqhiAEYSgJ4whPkboHKBFc3yym94KT-Sh1ygVuOwayJFr1C98UU0Yo2G-IAuxz3DhbWfSAs4uN_G15xPPRNVLCboedVFODbJNiAlBmVwoo248tItjdV075EAZj9-IQlwtkboDyoPjAyC8wDoqmGCpFUnAn-vnz9_seJfJIDY2J6ENbTr5x8HdVLtE95o6tFZJRslTw3NyHTpKId7yUpgmV25F4aY6v27j8FwVEBbMzFiaud4VcYIlKGilnqNp1nJioKfCEFQLlT37-NQ78Es1xOA2Z53hxHoWkzq_DDCtOLXN9tg-y-Wwo69TF0LYEieampTWGvY7y9DI8xlX55RReKC3zWdBPhK1Mam4QBhoooolzTR-wg0qVeNPkmUKaJqzChIhgn28w0qTNTYI8loMt6QQFNr_uNGV_SuIrcPrSH-GexCifZu_LtZIiFTzLVFeehf7pNNYwe_mVw-MkskRUCyc1P9jnpTNL1i57zXoZ1qP3BBD7YnylBFzf41ZxDk2KXI6v8L7GKk5d-9_784WXaAmUpMZz9QpMrHofDiSuokgPPeiHhGqp18FsrXIvcLb8mlnFULuoo0ff470ZtarFUye1FamFJT96XuhuiIyE73W3Nh0RRz2fq950kV9QhYS09aolpQh-eqaP96BVVgpDT5T3j2R42fiNhLGyQ2OHLTaluP6xeosPA8kVFHGlDnO0qR6MW9MrE61Aw5z3JKJatMX6Ut-2v4P9mp__547uzSdbVv6hqkj3qGouQgMmtFYEJ0hq9R6HaITVRd1EoN1VnIGXNyx3oglF3YuY7E48B23biUkmikelgY8DyHGcEC7sGPSlJXLrU0o02vUaiUq2O3iX8GGa1omjrbbqzWGEhYGYqPkZXbzIoTkQ6iC-D_XpQviRKLN4mAu5OukTKoMOE2nMLN-k449RxaxuZa4PTcmpZNMf-1QPofj-NtxNbUR7d3Z0stIhLh87Y95QPsftGO5_l2SPGgClvlEspFpVkOFt5wvKW5uMhm7mMNxNbBcHZlCBf0XW07jqfjrtLDFZjJionk9o5CSwDqYc9IEeidmwcB0xi5GhM75DrjdktyvbenseJ_JjdqG_U30XAaJSU23JUa5NBbsFUWKmojWS35UdZ2pQVE3UDGf3KRb_UCOc2boyn5TmMRyIyzjCiT4RvLqUdz8mj2pgxHC9rJuMb2cgMuYUkdL38JjeVVIuaPUf46oMINb2I5Eoy-fISydRs8jhLH2fWTaqMaxWoKi4uPqK85FCZs_-lm15EImSaitp8EIkdai5sCTNeZD2iks0OBmn6pPMNxzAo2Uimbw5GZ29LiKhEqIvCEtt2NGo_3gf2YyooYXiWMEFqTmab2KWoYVkS2ssuZ-5lyP2OyG0rsMKqxItkSYsVci27M9qYNVoKqjjmyeYI1eKwIK_XWjlNRkAVuKW4ZqnF4ftOoR9Eg7DtIFWJlbGc3aU-Bso6PVFsCfRvi9lHkZ9FrStTMc_lqDZG1_ZmCW5mM6DS_QFM6dRyMlMm0v6WKRu1qrs0Ux7MibPg2EYqyI38tBRxGkgS1j-t1CYKg2YjL95v64KVsb8VO5wKTwnJKYXTCjEJygE4Bb_ZsCvYHfCvGqukKJPVYHufCSjTcaFHwG0DcO4FlULKB2f-Ic52kZWBmXuXbvEaiom5rACZveNKIN63XGHaludy2rTbM7nu57thnK4j5q-EWegWJdnuBh8fxQ2wWB_YdEn7brC2IWYsH2ywdmAtHV1W4dYY0QGS2pBDqzDEYJtsl0NGfS9mvo3LoBLM_NY0koyGz8Ubw83ZuABLj8dHEj8kkcCcFvuFZajilg_uwbGa2TSk0W0w5qkpwPLSRxjNMa5ntrcAvo0rop5F00k7L7box7F-neuOdKhsM3BeeR1IPsYJZdAMS9lkxgFlPLdxhVTaX_tNdk7FdmLYDDi9Or_fXq8nPY-ohHKuHuR2XYwT5NZOdDpXMWvMsULKeSPLD-LaWOZ8-Wqs5MKYFdrWYCpjqU6qJ4j0takb0nwNKK-lRDBTN0ttwoYSHOIAwwP9lL3kh7K38Moz0bJSPiVpHJIn6KvNFWYgsawIa4F6NP0tGBZmNVuUrh_36qAYlZKXgZRMRKGjhmnRW75VmEuGG55UiyEUxo1m8FtKWHu_jlJI2w3HY8_d_1LP3SjvXAW8Ezv2UVh6qDZB2CtsdxOoI5JcjjuonJByhsV5NtHXGXm8I_uMLv86WP5tMgFTl7mfUfH9EWL6KJjJMUwlnjXiD636ZafXy_rs2aC7hGRBoneWXJLap1JD03osKQugTOuuJVENMxQkKlsQxJLKNMEM3yt_nihF2fW6jtJ75tH7x0QW40cbgxfLo3V6TKh-Ly_hL9jYCpdzv1V6TG9DyzUV93ylW1J6bLpSHhzL_qyU4JLOFWq_BZtOXCw6oFCFWjFlvIZW9fQuXltsrQZrg3vAIa5gcexL9p22wBZ7rGj07G6Cs0u0Kjj2olsvz1z54EeygHAf2E89k9qzqmSAE1ZyWyr-9jr233EbzTEhdkyIHRNix4RYmEM6Jlz-LRIu91GPXsqNfsdXKohhOGhmg5pObN90MfUJaJ5SlVLugbFHrvdoexfdcGELW-VZkFUE1tO5eAlUnNhUqjvPfkSms19g2C3dnkWleoR46gUpDiHksQXt2IL2pVrQ_vWyoKMW_21g8cdXwraYug3xz7bBfyV7f3Qfd8E-xtIAC3JdqA1lg2ZkAYfxCdaO7v__9JrvgzXHQbk3LkABOsUMPuM5-5TJzTOVaImxG-I0ZL0dMeEztzPzMn2vPiQc_zccAbWQzcb1l9hiDDZ2cQwV_iuFCmfTgAUSroATBDfHPgT-_I7b_djh-j5M9KaSlhiqXK3Q7GZERhfPV8JwlUhYEctOXNDEwN2IQMXhBC90TjtJiG9S9bkT-BqHu06laZ9vNZhdBQeQEoPGZH7Kq6E-whnIYgKVTBRbLebUWyR3t-tpja79Olj7WKuvbezuOFDAaI7aRdsh9eTka2xG6Ex-m1FaqOvc1CQx5imhuS1V_guZBnuJoyMG11fD4DrmFX-TecXZLLizI-hNrOBY9yPuuG4FmMrZehqy2QJ5OZDNQxTN69kS1IUJ4Sr8ygiEHLJxNd1-l3o2DZVKalTD5wNS5z7DyicGfMDF_z0dmrgpBMEVYUM_rNmzj_SPIwEeqVtlqR8bhSi5yi_P0GcBxDVyUEelHXupJtMjexkTLtbGf4SN0aAqRLbstYAeC800_coClMOmMUaDMpKCbablk3Aix2byEH4e-ex99bdeyZasCUStM3Oe0jKgNjJMR0f47zkiHj2__1iARsN5LtJDkTzEIg99LuZdm_VhWPdUyR5csFKTMWUKH129KL4CFeKYqkRjzpq_s2BxBPRfmHpzW92Se1MvPIQUMUR5K1ghN3S_Igs_gtzv1yK8Kjz6Zd2XYSnQIVWGs5tADsVJ3u_J7bYwzVm70UskQYZGRCs5WC7ToqkkBCb2yJFbNi7KPo1kuFWA3AYBvOs0cNVPwKCdGcVRZTWdTU-FZ8MaaJ0oMBCimw4RV1WjBU1XV-4gWT_fGVwz2Sfd5zJ7qouzIYRrzN8G-2iH4ixchIUlOaR5fHoRpWFTOP5vPchGp991lS9JfksaxGG9thdkMb_D3Yk9GgA_jkk-5i3_mWG2L1FzOPOCDW_ejQ1mNC3n2RCXk6505DGxWkHakUOKcuu0OIfrgCieiGByZvB1xsvosjc_ZoENoauyRyD5fCmqBKe7rXkmkqlW9CUGGctOIaPm4kU76GpwgGJww63ohtdXoQ5IVey9DRWRLG3gZwO97sOsUQWnxbH_-QTBVUFwlzz9JIGXn9SMA447iTsPJIrfqKuFE0fBMQQS8P4uU2geVvZYXPgCvJBDyd2gtN1nBpih-oxqhjnxz6-rw7cPmETeuycRexA8UfEL7PdJ5euWHh9shYm7fxZtKE4QBF_3rewcpY8t4BKgAEHIGyLXh5gF17OQJVKZetsvjHE6Nh2lQSnYq2URvCleBbZp4pVMbzg9AhwpI-WDeV7Z87sKc6BRP1dK0f_eoC6j6paLUOQnuyMoYCARcQsqhunnjHu-UajTx7D_OUr3nEXjWLe3ScgQMvnrv6uiJ_iKAZ48O331GqsAHsoSUbmyD-u8UHDVP9Z9l71HB2qlPzHmxenDh7fv4VEzj8LwhFyxipfCDd9eEqJyp3nAEaMEDxlpO5SbpeI0pmIiiJYcNcIYoVJ6b2hJ4eKdaen6scIsHOQXvJF6LVIjF4uoM3U-0ViWL6Np7wNNG9PiJwJIdYJCPLaJG9od5D0LNgCWgC44KLQh78FRp6cfPuI_sle4wnpNiFRvQUFnLz8WMtJoH_13Heu_7TUHdWVH_Rg3EV0iGkMnEEzo_Qp4iXuao0FNmdxFeOCxorBGABvlmhPuCHHoNSvYJBr6YMhsKbAaUMaWHQT77iAVcROriAS6ksVpThmtZPmYkgyuQ11x3ZI3xAVe1xA0LCqDfgCJSRhdRtPssKNAMl7fxXHpNLLD2BH6ix6yJwqHBiRmBuyyqGOw_Lubi0C4xHeTzHguPfBQ6_y4VdyV7dmzewqN25j9k3UK8p1PJvE3YhkZ5hmQtkz7EjkibO6qCJCFkkgkYQ4L_0Sm_yyxi3c8N8DicJJJLz7hhD4RI54s5QV8MNwIG61xJ7esagKW4ohvU1cW5sXbUBrcDpU4N8gH47KxPOLJhpvqofzTnPoOBIriQ7NIN8xSiAaW0zT760EEccOF0zIUOJjxPcS6tEGiDWYWiyEA2sai5lGwdWX4nEJjCisEEVpsFzkTbzSy-J-pYHWmCqKuaezEQe_eOWO3U3fOy4uymy0zfZThJCbScIv8ZOthe41UVyoBNBYtdm2U7V5_kPQl7CbRZIM9QCXrNnNxuDqLK16P0P5EhiO0_xdZ6_RiFgcLtzWNeJcGUwRwhviHf707n7JZYkozOgfp1ggTCt3waF8JL5oS0y4wN0h80pCm8DLu4NsktnkTb_Myi_YpGM00tJ7mx4MDJjWZlQ1rlkblt5hDlJ2lXANnRijs6RsTWLVRL4IJMCCrzmWU2H9D0wwzf0Jw-C2mQ982qKwkSdM4GNNaCtmz5Mr3IuioPTcN7LmUPpUcRCK3IiWopOQxSuZ2fDu7iTuStttz08tZlAh6ZpaRlOa3WBuD0Mhy6Bz_kjS247nx06kddc4wymA-JugMGY9RB8rDaN89wB9szusmsdX0PObcy3sV-Tov_M7Tol_LwGXHICgZgx8HX8lJTiIz1p4wGUcGKJtLFKKg8GR8KDrXT-UUCI1djhQ5EknAcOTeRTIE4Jy9rF76CHUAlWymk8sYORstM9KCUicmbM9_wv7_gD-PqFXhfdtxM-HcvIukoHYwgUPk4xfGx47xszmTaZOQLkuS6xXpltSaY6F7BG05JJ16cxlI0pFSLKnvz3k5grVMtbUcxWIOlLp1zdrV5mApF61N5p9upFTGSCHaLlPknhkjdzz9Q07_Kjj9uKjHreJEkLyGgd4peogKyF5uacth1tj19EYXdh0sLM7yv_HCNE7lA6f3DU4pnGa20sCOYCQSk3720m6Cpd1vjSVhB6JrXyAorhmHwK3Gp29kJk32nku1USH9wWA_YzWYrsBQ-XhGxdyiLN0_4jkj8Ck2FCPejv3dGR1Uzk0YZvSN-rak55oIXel4x77GHYtKCJIhYcR6XqqVVAs8MwWF-3S5ksO9BV7uY2gnoImk8H2KUtwYDKLpRpROTwC_730jwtTNdCx3YytUKPIWJnIScNHp7NV-fHsbJNquk42r78HeomKDyJJBxus6JzZjEBXSuREe6pzA3W4R_LslELAwx1IPTYem5ifolENNuewpjoHuglQMl9pxaDjsyQ18lXiyAg6uvLC1bZgqzV4OKv05AoLvDwhuSHcVky5myYeua_QjRck4XM6HLXlO5ohPWy8KEt05bJkibCctmSnCFoHEYLfU51n2xh8vKJ4TR-yERblxL_G17E3hwsvcDCb8AtNYbq9DsiVbZGmom2p4RKLRfjw8IpUJl0tJQSAZjdiKIuKCZnJVjHPtFgMwGeg-MuKuFvg7OjfJNZj3oA8Ob5eJHjZiCbbxaIHKPpdyTDjfeqmvH5LDjnKKONGdkcQzslcIYzdA6LnBJlO4Zyp0vUnovktrQvpmeNeQ5IsE-shANNE30dSjVKW2UzkRxqssBysu0nJiXFKBbcf66dzEUOIqM_NhEFfYn69voilDqQpqt354S_TPK2w1jWfBrNBSDwOtm28WsHpVTrIcC0wpJmyuhGkYyqWnwJElhTcgfP89H4OkXztIejsNbn4i6x_cfIN1-vx9B5YhwC9MLdrhZbgzhBt0um2wQUhsc9Ps4mff9rz7R4zXvQtAjjftq980L4j2LgWE9pqogWrPLFrK3J1BnOwwsLk8cdyjhke2ssPGYK_AeC6Nozu050TE26tgA6luXuvFl05f93B_Nmza-O2-GCEU3YFQELJ3jPcyrAuICSwea0qpCBmJHo1s5wic8kWBU6bTKD2bKmrwYeucGzqKWwfmw6oeShhzRyhKP64jYAdeOgR4L4KzTvmkVj2EkoPmn9uRhZ7g8hqpGr3qDcNHmzMFmGaHB2zjKkwkppsRw546CZ6NZAPrISszBtMdSB2RLt8mCm404Xzx7E7sj6UuZWkpKEW6U8udodl-sAOWEGGaMd1cmKyzsUa8W1tE9aoYE6YQBKcKpWxFGgpRDDna_1sJAdD518sk2bxZWqfWrwafc0UqXHGPTi33lNOaavDRQe0BTc-4H4_7fG0mhRKS2QBoiCyKHdW5dVvYcOlyf21fBubh9jpQDHFGkyN77Dt0IVL6eIPRUGfBG3Zqe8lwDObDUono0EjgvGfIdu-nNo4A60eA9X8FgPWjefOlzJuLCJU3WZ5vbrxFL0tKfBNA8XkhYgGLOLW7ETAqi2eBLE5MYEdTXKrl6lVf2d4_5dTTuhb6zjJzdFGDJHn1-vzh9XMNsnjnKbr6Gb2yQ3LMsWcGgCeqSpgve4w1WKTpDbeeSUGNSGk16j9tnYR6F2mOlHH2YwMMrpGRMEuHDps7MmUOdob255T4eJS-DDqI3X97o12sWXeE8_ptwXk5OpOvcRoOnDstpcIee8NUtaBah8qa11yvJj3UDQfY60etpBqCCvFVBxYeYT5LVIdbyHa9haObuA82kWym8eomh0lAi2F7JCDx9tbLjkVnw6vAaCbiq6DKVAYTSJsKvliW7rl-B9uc1x8LeDa2bVa5q5kHKcXJ9ZO0h88m5d00WEpcFvaTnL2FPmAh3tZASeJSU2duxiOY-pOdpe3o4i7dxb38IaFzTLkBnCC5JObKo8vkSg-rHwpep-0dcSAqhCvwiruVGNEuZtun5F2F0jhlcrvtvr0AtvtSdw5O66_wCKq5N-8-2CqPQ6IlF9fxmhK9A4mLX-Z-eb5UpWy0gI_0lYM_NYSJT9uPLdz7s6ysN6ZQizBqpcSnAYuQ3nFQ2f30MtxOEsGpjdpxWLwSb6BUNgWKoAe4hRF0BtkTXDQ9gJ9JKoAShC7uOcUUwBJGKxqWi-5Dw80fi5yuwlPddodtMTqxVIvVoNMnVjQzxEIAmWIg3byZADRDBBWX78ZSTToH_vBs-87Wae69i8sIQCDl0vwHnYoJ0XAssR4Z18E4N4yUhjblQG8B0UPjccnVLzhvBGUnhsQm5KNh-xFGoKkizFPqjnUB_9eu89UB1-wy6vS_T1z9se06DPerejzg26NbcZ-45Bbdj4vIoyEomXRNOksx0GVI3l47lTXuWINkJFLS5kG5g5McsdJXRnmC4QfKuG7NRIPzIn8My252okUshFMQTclwohcNRkZhoAVdARNxVyaFDhGRDq6di1bJUpP3SChFZM5S_ysYrKIt0WbCRBW5PAfJhqvryKhO5kaHQI0pdcPNSNQb22FiVENjWpOJN_H6cK3GbHuTPSXzlZAgeZ52u1YFRrIQuocwN9c0hKL6-QRsbb2opNtmIy70iwc_tjbBEPtcs-mrNpp7BSX5QMV2n4aws2BqSonyEzx3GCjmVdjOkW5mfeOFyy2vvHr7LjslnJK3dds6ECVnntJwHJHBQedgo_ivZlu50URVYL5Y94UT7ZY2yoImGCY7MAAfdoIgHWLh9Sf4qlbnrf06N_KztMMVItXpdnc7dUMsiaX1hYdCVDwjiUHE6vk8S6Ah7LqnI3rrV0NvHbXZrwKbfbxEeMRmJ4NzDSLBtJN8JXt9dAfXwQ7GUiHjXodTkv1VnY3f8ZCsaNZ4CjHme8nt-fva0hruqLwxeFFW-YQnoDlXYcEUDPpeh9oPTM69ZkuNstssYLdEi2vsZnCjubhpcRTgGRc1shRTGbG0i-oM56nYjbBKisZ8eJYUZ2At-7vmguOUeLUF5QAVeZoT9FXTtzJB5EwyCoE7yuDOfTcUeHZDenE42EP85mNB1ZcpqPp9gYj-O8UhIkcqVZbhigpnWKEcYs6Ey4OKa4avqQ8i_O8iOjKNpEuqX2n_KqwSYQ3RcGIfepUXDQ6vNUZftf9wUbvi4yjWf78atWMQ7xjEOwbxvnQQ7zJOySSNcDfuRCXkLpq1bS3Pvbwbz2Slq5KHA5gyhlvBCFLjg84Iot7a9E5EmnoAXq3cgQtEwyE9RdU8X6LY3qm-YMcoOUtN7B4_D1-zPTgk01Y1icej1_Q1vabRg7wNDjIGn3g2jRuWW1ns9EIN7Gxqtv6nA0Z3wf5iDIut-_OXayJHEzfW6Lcm1cPdfK7H6hmW_tcolPsNFzqN8sR9wBN3o3UVxBVOYkbU7QD9aa_4DgAJW897FvXTpiTYQ8lhL4sk4KZuzIyYoErZjk6mhuJCNRY3N9E0npCLumJh6PcRO4VeQZW4LeXNAghJZ2oS1iXgfHl4JbpyBgxsdFlfoG99dhcTOIFzbYgVIlDsQLvh3Ghjw_xxsEiomdeJ16Dp4NScy8AqNzxyCBrE7D7eY2yhctADY6wfXj68y04_GFiTl2Qsd9mDnC0B-3OPJOXMXGB0ZrUEFbjkGZaoKQSdJtVgvBkj4ZQA7wWmgNfbSWQO3lADm70EKsKKfnLeplWLtu7rv4OYAEupPTOOC_6RYyBGd4K_Dazyikqp0SCX1780D9L2X1P3iCXF_1NFtwvSRBQVubkIDyaVDHjJNW5Dc-FwYQTYyaubqzsZTsVEGoTUGIcewlI3EXBLKtjvgNAx2hAuX3KJMoAvYSMM4ShcO01-2YI2s_fKI2iUVDzTWbkpEQ4y5xbKCH65aMhCJEDvzqIpZKCBF6pDCQFKoy10TyC5K3cj-wFJmC1EECUpG8DKLJ8Jksg4Cdh4aUmgQCzdWLRMSerxz6UMFwPvzMXs76thsA4HcjlgilaPm1HG0S9sR6HBRNC3HUacfHaImnkOIlcETZKyQX7CEU2MRw1-s15oC67xHPFyW0Xx5PRm1E408s27iYXaNJk57lzxJks7zhDFLrOhLLkjwByMM8-pdJ0LkYXw2tQ-M6ruISSK5qNtRQ_j6xyhAA-hr3HQG9M9ogVKTAZtSPpxcGtQstlc5wDKZEtIEu_eAg62C9BHpCRTAWpHLngr9_DKIiYeCOMMAMAdunOocnZ1RlrZyFQaxkIa-80ZJCCNGtKvbnG5vwxUzb1X__wqNWzt_Zah5pT-8ODQPHeKvNtHVZmCZe2WFTkDj18IrfjdsRd4s911-n0jXI8e3VVwdInepBeOBaFM5X3uVd4PjQXkGJseJioU2OkURtd3HawvETR6hnXqxUJJmb0x0LWPLJmR6T5XAyTvZy974Kb3H87fp26EAEu46GoDsmRjACXXy7xC_EjBQ2Ty2jEXZig7_Ktek3q1WJHRDm733MGNu4OX_5nYwRtXP7EVo7iNmNGfmx61WIjiQmFZ1PW2_dKAfaHh4ESpqVHRBkTL7bu72365fx_18qNndRucVWzAfBiWoCULht6SkqiOhQKSrOl4y8cIoUeXdhcs7fnWHjO1qAQKtV6ppAyOYO2IjBZenM9e7X2w2pHanbopzag5C5-LKF1shCEDd0lsZFDjfIMJhhc384ndtAS87OfuZXpxEWwmFp1S6OJC2hjC03JRCAH3qbFBx-mNc9iNMjLh_k9t3w4Ghp7gnlcLnqFKjqnBSVixrUdKMV9jAYSdtkxNeL11ybHBlH6BbwS7IMcoKjoNMTjqdhFxzN88J2XchAkw1MMfU4iE1CEs3g5uS1UyzTn3fHdPS5tmRBxqCNsTuCQL1WV34B_n_b7X4SpY_Vghq8yBDTr0KIQ6rn_2Xs0sWE0sab73WEiQYuk10mE_Khl3ECZ7r_cmWO8I3Ly10a1NxtmQAtgsrNvJ3EnBvmyxneIJT27oQ4fbNK8rI314IO8W2YMzlGk-t0WFfUQAGcwi--OWJ1ltIreEsqCr4bNYruxNSk9b__AmZVklwL_tNVlRqS4CcJEMsHM1nAmtKBAqNTBwuObLrfPQfy_m0nHs7XHsbTmonS879tbNtfI1ThHj8Gu8gp0tyPEnN5siQ5E1_sw9PjL-kfG_AuPfB4yfdOnGYLslNkbcLZELg0KreEMW05zh-_fVXrdR2izVIxYkn9LxaDD0achNkCpzA60E5t4NeNMWPpZwqtGQGID5CCyLijz7yrQNCmAz_JpGYxla4KPKUEAyJ2At40GjM7QH-n-IsXWcqfB1ZiocEe73dyinXoTiTQoP5E1i7k7gXHeiUOPB6ATBgyxMrWPrnMMTp1hFQbELVK9lZNBf7jlFxW0bef9yj2CvHZ922phRQCbcu3uc9_nqt5HALy_-dzPJffx0rtzTeZ7J7Kl8cb7aimp5HQ2bHgE_tEnWujJZRitvsbrGqbdJdaPx4OGRgfGV12PgwVZ64ywr7psM6VL680KMQE8pBuAXa6cIitQXGRjvQiHDcSfzFg-ZvVfav0vGNjfwdrib_vFxSeEsPLrksPjLPWGQ3EYhXmNiZsT4GqXm2V4mCik6rUvR8NP913cbrC9p4UWJbOfuSLELehDP0drmCqWEP44nm-gONnqNhncmMlvLTEFmhC-CFATJSjWHOwwrHCfVXyYn619OvkN4CQrdVgv_Djt05DfBm_lz-vHPV3chuY3m9B67v5nc3yafREAH_9Fp8rnrafDc7U36uVnw3HSaXuIs_OK7y_RW7sMvvko-h6ZSsMAJeNPJZ-9CMmIYFzuYsK1nepleyF20s4vLCV467CnDLq5nXxDueHR54ZZvZsQpzoQ0vi4V8to__z_cc66e:1lOiuh:a5ZwF3jJnpAQSBr5Vn32JQQW2nYLBt9uUByeywvr3cU','2021-04-06 15:25:47.106422'),('midhhf9187qgwk0o12ulksvqcivzcne1','.eJztfVlzHEeS5l9J4wsBs2oIhbr1xia5WphR3WxSo12zVpssUJUo5KoqszoPqMmx-e_rV9yRdYlUsynYzOyKQCLTI8LDb__8v5_tfnn27Xg6eFZsd5t8m5dtvvp5UzTts2___t_Pmu5uqdp8XdUffi5Wz74dDp4tq7Ktqw398-83w8HNzeBmMriZDW4Wg9H1YDQcjG7-8T-D-G9vgr8djQej6WA8TD48Ch6eLQbD8XXy0Unw6BBIGPbQMA2eXcwGi_lgsUjTMA-ens8H88VgcT1YpIkeXwd_MElTPA63cTYdzGbpR6PVDXseDJdmie1d4GQcvrxviyMqbnreGFIxm6SfC7d2PBrAUuc3g-HwGv4vvb-TRfhX4wGsezxPn3V4GsPryWB4PU0_HB7JEJh6eDOF_0u_fRa_Pf3mWfjmyXUvFbOQ7YdDoGIIvD-C_3_U80fhKRI3wTfShM_Dezgc4q6PYaVAGFzoIdzo4c2o977NI2a4vsEVDcyLhvjfMybcf2n6hSHTwAvTD4Zc07vGkFGAF6ajwXScfHqRYJTkg8PrWbR3_dwKxJ3y9DA8l3H6uIfDkEnGsKx_OAJctUVVPvv2WdU-5PWzwTMjzUWCl2qbw69vX129-P5PQ3hglTfLutjJn72vyipb5mVTtEVWZA38db4tsjxbb4pM7Xaqhg9k90VTLOH3ZdY1VVbmm83zql6rsvj4UX2EF-XwXp9uXIzoAY-Cm30U5Nkmz3aFalt1X9XbPKMfABWbYknfAQKr-_ZXVefn0DIKaBlFtNxm95uuaYpsBf-LC8-zZbXtSvP5osxr2PQiCz8KhMEyihX-8h4eb4teMiYBGZOIjDd5VhdNVTd5dpE332YPql7hogdAV7Or8KweiwFROMjUZlMthQg4u11Vqw08uctrIAn-M8vNpl0ylbu6qGp4B9De0kbeKfgSvEdlm6qGw9go2IP7Qr_1Ir9aX8FGlPe4vo-F2hTtT931dX49gL-GJdb230RgWdwV5pnLQbbEry31D4CgRwUfypHGrNhkd10D-9o02eqEw5wGuzhNM9Yqvy_Kgk6yzuFgywr-u-6qjfwEiG2UQ61zwipbfriDXcyXHdD_gahtu7atkGZ3e_EX-SP8UQc7A2dQf4SfqRo_VGzyR4Vvg3O8yoCpgRbYe9iSTYFfGdCD8MnL3oUOvSv059d_GqdX6vBezmvLcbU5HVG9KnZ5iaeHv7vvSmbn-6pcKZIiQDguAxbNRHa1wkvQ5PVj8bHQJxgSeWOIHAVExkwdEukfCexV_s-uIDG0KugXuEMfVaayptsBV7cV8cd-As0hFSTAGhSP-BhsRr2E5yo-iKbCY2xa-EzzDYqb5bJCXs7u8SbQ95fVY15_GAB19ZaOWb8hOim7CWN3E777MSFukcmWc3cbFG-Dwm1QWVeqbAfMufyAVHj8F352ZD47CT4by9h3ZzE8CYtlVQHzlHReKxQS8Dz-A8RBpm8ScVhJDxSaoWHD6If9ZE8DslPi2DLFJl8r-lS2hdfVhYo2aEA0bZ4X5RKEOEmuVY5cUN3dbYr1A17HdQeiVMlqQQ4-Kthp0jKbAl6l92QJ8nUDl1N2YLsjRgWlCIsqYtFu1zQL1hTf1TcqWyNrlapc5rJjdbXMReuA3P8FVliqNWn3jBazQjKAYPo8r4ueXD7wvsBySHofyS9zl8h3LxJsCgrosdvAKXqcgtfP00xX2l4YZKiDcMccBXWZkueRnkR5tKqWHdsykbwfG6oXAdUxl78Jv1UXS5DLsIdoTWgDosu2wM7LJejIxBqJx9ta1D_pvHXHjyAj5NlL3OPsh4cabkF2C4wPN2Kd41muUDQhazHna7358vW7HwbyGwXiqc3xX3W3xeMW0nABWQNqvijXkXwxW3AzDLbgsCZAwboDJcBaOwOrUaFsbDpH6xL71_kGnobNAma8808dyF4u1arAE6r6ibsJiEuaNWbrNykOG5xCCdlmZZOvO5JeZmm4A10Lf4bmDSuEVQ4Hgp9Gu3EjN6d_KSN7Qd6-u3rxMn1BeJctbeuCtCjt5rLOtaUkVMNGV0QLCqSuZd1fuNcF_tIRBapDO4GXQEtSW1gA3Dawx5FzQQLy9RnAhj1WcpFIr8EL4R-gOLtV0cINBXGQw4vC5c7NchfBclM3Sy-BPIEKxY2VBLQFc6S9zVs6GIfYaJvNdzGA4n03VgD2u3W-rdr0d4_72DD4WHx3buE0QHC23pF5H_Rvijki7Zn4p4S2CTDois1FuNnLYleQDUOKByzDNfwTH9_ilrFt0-TocX0UIY_f1rZa_8pugpUlLt5z30xnC6cNT06JTIcnQakIEfzkAH9KItr7cSSrLFWjgKrYPo_ukNW21SNxNrgh1bJQxM3ulcod_s9WIJ5Ldh3JDlEHtmscEDZLyqlqpXzBw3fWukSwUcHPQPyDBEK_BgTrutpUGRxvt2mL3aa6PHj3WevAivPWbMS2aLqalm-ElvAJMBiYcQ4tCWvA3Hx0UcTUYYOoKFfw0VVnvyt_nlDYe4544u3kDwkx-YOxxHnZov210sPPr-Av-LqEH1qYD02DD8UC6jv7CTQCzQXjzXnhSIiarvd7slvUpRh3JVlYBbu_-7zDfhpnAY2xMMPNIDZ1PcSDfuGno3AeUNgnAde0jWSZwjUjrwpYAShQbAN9GmoWATWx1Lp1vWzkk5YVgMvZpI5UlifsX0Mq6tWmq_a7_b2ETjwt9ep9gstv2VjcgoryVLaI1TgSdG1ePgxeHnO2vNx7oZV5JAkakBNNMlhiPzQKPpQ6fB38e1AlqjKQFR0KH639lJZYLHZQoKFpCWJNITVFTfTEAaA9VI0DqvqiBjbYibdnWRbLB9JBtCGOFJRIKYheq8Iv5adIHNpHVr2KkX-xQi98k6tfLq_20DoJaO0JOAGtBQvhbQ7GKoidLUkchzQUsqFC1sTgrmrlhhv6XCsZVxnpeB44EkW9pXCoNhdcX2fPYqbBYmIliBJVbe9IGtE3QaBiHCbDE2hER7G5gg_A_Xsuj-uTWXXpCJ6lwpNIt2_7wtMSw8uNA64Xu8NvCyvAlsG2sWdwsbxaXVFUE6MVlzqyZbw5ywCa5W9_yHL_lEBHdqAxChQ--Amw36oag6scQCVrjvbFyCLiQMfQK9i4U9qEswZFHOyzweFFsCexRPgRNjl37wT4O6X2HCq9WCdWsMmWxZLvxCM4Kd7CL95_wP_IXoGjvKl2FHN4A1sJfu5ykycuhA3AXgeUxhqPTg-9skc_yOHfBYXWFjG8HKt3TjEXWwqGAQUpoXanlr90u8TtYA7O0YEsKI7umu6OhRkbJg4FNwEFPQIMROgODWzJcHCAjzQsWNrVhkKwhfYs4N6t3ctnky9LsNgqOF_kQcctOSZsbkkeBSTHcsxVOSvcEbLi8PsV7Z8RRRRv0-vZ88lx8MlY2tx6_OGIdRYz2q2FXYFLBbsD95D2bM9Hp8FHF3vZE-M-LgPsCthNCcjhl-F638LFRn8le8f2A8qjP-sgykuM75TASR8uycJYdnBOlfdHHFGG374qGoUhIvOzS9pc1VQcEuK_yL9Z0XN15NQ6i4wkaDJUgZEUEBYiLA8EfDl8mmdl7l9aT6BYw4wSVPC9PC_B6xnAb9F9K9AeSQWzHNpDSTfsE3WiehSFFiK5VyhiU4--ZHSpn5SZJ8q-T0ZEFUZlO4qk4UfI1oFfB966jRS4QlbcbJE1HPFfM6eRVsJMRLfV3guJRh1vt2GgiHyTd5gNA_ITAZyAfAqnqGOIVjt2x9XACdPiEprHagP_gQH5alVh9DNH7QK2CBtemNgpj1yAJ0bfpjzJ10QWbommq2075WdMONSHtgKaRpZRas6HMVNSDBAcl7W72Ig0EyyfjQLSUha6JKjomhgvwG70I1nDgQmP0n_DDhTmsWVVNXIFOTqwr5iVqlcSg-oRspbQcUBorI75NqlV1dLl8cNS_daK1ccUzDIMok8eZQp5sM1SkbDekHaK31PmyBeqLmL1ZJcxCZaRyKDgrrZiSNjkfM4BYTEs3M3e9znrtr96ffXi9SETdODkVc-1Rp0aAolTazuIYnJkFkgZgomUoFEAC2nYQZBIR97LviaUPZsH60uHTih7rdPVLfr95ZqUIx6fjaMbj7rm-pAKLBRRn3ji27wFfoCrVYhNIpnVPeQtAvISIeDAarPh17UlnE67xm9tWuaDmp6jpEyTlw2GfdCYqDm4IWG5mDEMZfPrgLKYD_k6mdwCnDS4dZSFoOsEuomo27P8-TD4SGw-_ignYXwg5rWmgtUTp6FwqEEO6viiNh_2MMX8xv3sy1RZkFa8sJ8kKLYVBajUel14zGoYdMkUMAdhaYdNOskZHcpnDyeGvlFAX79h0EMf5f53wDHaeP50tI0D2vrEbP_eOcbTpyNrEpCVcIXADQQ_awn3FD79iFL6kSiVWx_zqX37NHh7Mlgnb_e1foUJVzfSva1IGR796Vnw6dhdOciruRj5brCF6kaWZBo_wn0x5Qqf8EjmAeWx17OXcp8QzTJU5IAeBwpDL92eVbY47pDlZYlcBETOeyUQkQnUgpKnj3Og4blNNpvM0BGmtyFg4cnZV6kY0L7iFaog89wUbw9JL9zlpS0DUxsQCUymE7bENGPVgalI744PdWrIHQXkJsyT546-MulC5ekrq2iJA7QZ00ZJWufL4-DLiTt4YCOq9ToX5QT7VuB1LXx3movZ7sn37nGwLUFW5Lx7f_UudXJitLtemnWna-1F7zaqRKf5nx3cQS2UxFeqTKgb_qvakcdnHOSItpmhberS9vKvqaC9K4fhTlXNMmeTuML6SEoWVGzXUMiFrQ8y77CmBG_DOuc6VPLcm0JZA5fdErNWtdpPt0mpLWYB3T3lso1wakGyDGvf4DzZ_9E-mpho_eaA_eg8-OhhI0wSlJRGbHIuyioL2CX4IRm3OdeHbeKD30PHIqCjR4dxPRrb1joCRbk0Sv_iAbTJmFimHpm3KJKFZH5UUsYWRXv6qRxeXwdkxhdRqvxcF1VvFge1gPFbVeYqFZbsXZIuK1Lxyi5SdUTED-Dr5ehvEBFbEgY11c2oHdoAFLiW0oMCqJXXkcdCP2jJhcsUqhVUO3FAx9mZG3dnXvwlXTeD5Z735Ceh7s1LyTAo61iGwkt7I02O7kcmfjwZ-sZBiS_VwtI1Cujqsyel0i8w5Kt1Wey5vM53JsF3Ygb-zr2Sco34bbYaO32VjuBRh5JpQElPXNqoRaM42OrAsjmMoejt5QgKZfbI-VM-yxqPNlFQZ_1lUx_H5aIo0vexNGZTKNMk1aWD7A48e_Q3Sz_xMsgqIrlecnofttD8LmZXZ5M8Yfv9bUpJJMKyhh23sGF0YMQotIOgrMjYpIIVWCtevTK37BRSc3NtqZkH1CQCTb-Bmi2cMhg8JWuF_P4-lZh2yVkE5CSVQtnBDU6dOnE2f1N0t6nw5DJKXc6CsUIKR-2hZehJ3NuUv3qbCNgrT_8BL_FGcR6jQaNfWI2qu9EiovL4nWJxe7HBdBrKYty2VVz2bSv0nRL9dy9PMIV2GO4r4F8Xut7cGEPHW0GHXZKZJXTkEnp4Jw2Bn3zzbDWyU74ONCVttReZ2YfCX7vmfh2JQ8XZYbk36hc0vZMpxBtbVexUofPX42u35-vixMo2URkBBkZ2na6T2_flWfDl5A0LPFfvUKi6kK_3of0xHkYu0eTIutBCOV_tkcoDyQ4VVL6WLBU6IhkJm_CPgdfqpsrVzxK7bcJW5Gff_vt72Z5xNDEgkqWAIevFn9-_zIZX8D_xpXJzEXRAj_QPE6AwNTYtxTZ1_BLkI7pFGNCWt6NJca-2xcZ0ToPVR9f-5w2m8OFj31NJ6bNEYbahMKFbXArtSpCgWj2iowR0VyZRVVF4gQJ_1WGK3oOxu1L1ytI0immK2f81aalOqrZXoDFYRlKxjBP4WKJdYOseKTCJNhP-q-ZEhdabIHq3YNLkV4eJfvGoSgxgWaLHMdGxhfc3bAKT6h3Lgzpo41Do7OzmORlaDd0ezgnB7-7hLdVZhE5CQm8O8STs70_PNhWY2-X6p2fClMbv5ZwvhszAOnz1v1--PYKq-MynMVUxH_6XVO7XUtDrRv5hUx85pu9TixSR4apjGRTS6b1judMgwZ_Rv6GwGdb5KN2QetZCZ-FCR4ntf0GuWBnR-s-O0mxoWflcrhOxhSPUNd8DhyNPHUFtKBzmMa0JDdhDK16yPqnwuRcSb_siXMo4se3foaGwnz9ATHAHoXt9YwmTR3JIV9XD38BVH5gkf0k5XNggcixLVJyY87s95hoF5zW6jhcZn9db0wQZCEp0uiugLaf6XVJElppwT6hzaqUlGQjOQjZqC0b7Q4HWwMaki0VEcFn1AF8N9li1wb914ra6zYG3GqsINs87lHPoCUixf3WVvek_nCX2XRnqqk1LITjskeNgnNfpteGKfK7f2zhbweE6zNnDmaIF-01lo4HnMN8oMgPGCYX2ylNaW6yk3OT3FPSBRXawW8A1rboDLxf3dtdWO1Oh73ULoBtcw99hZksWwadrqg8w3AvPqTuuWKSCLtg0LnlraK-cLjHw9DOMfCwL9u_xVQ35KZbz0cUsK-cCJCy9c7TVKLJPJiltVYJLt9mw_fQ86rzYgNUkZb9E2yMc7_wa1N6_OE1RbAupAzEFNjVGnLlBy-4s3g5nj2K1jcwpLyYeNA8ag63Qm73x7hMFZ8lwX3e5Zxu4rV4rsfei4pmzdjaysqaJnXU0LvJhbToHaTncj8BlybBZK95Es__eQsAx2epoos1S4fFQNBzPhdpET2OTEBdD-wNfBrJEv2cwCszFm6Rn8B52X5wCuNVge7j13R5rOJ1naDUSzSbhwOUZhWqWJHl3_BotjU0HM5twg-zXqv6lYegQqmQjSYOZO3xVi5XNuTAsfQr2o7jK_lKx85-XRoPynTSJPy__aIKptJG8uODgx0covEm4iwdtWWS2n579-gCnjmAoxpz1TtvuLKixO2DLJalpIBTDKI5Gc5fEzi-vCGUOLB_kQfi1XYfe-v2Nlg1bSu-q7a7gGglHXdnX7wr6owVs4_09bvfhnYqV0DTeq7Rx4LglFgyi2eVLicxfUPgE_lMsBarpotgVltigUbfF6lYu1V3XWDlLS9M1X3V-ScbB_o0xa94WWAl5lf2NTcZGKoDXHHLyqLUbJupabgeZNsH7cStBRZIfAT9ApuWT88ga4EJRfNfUZ7fr0I6V_QMLMrsAy2OjpI8z_XmKi3WlvnDsOJGZ8VjUiArChfQnn-csPs_YqHDkty0jXRWmgL233-S-kAoUp98EtzG8Kok9o9vABkJDMV1dwR-Z7qmFxopqHi405TG9piAXGZRYMw-SytYiNJ2jT22K39RPbNi-oZRfKKicYpUz5NMiJj2-c9-r0qThguCPp3fQaFcxthCeyrLagVuqrfrWdJ_wmjXH6bjWkTL_HK4cX8crTkB3WHvNcqXxDoH2533bwJFb8pwKKkEknlRa6XmOhnPTTMt_hYe6fCBGX0TMrHVWKxgEWI1q9akU5Vpjcqfa5cM5LD0ehruU8kadu6udKi0yCnJKDE8X9Z_WsBAgkFRIw64VBWvlVgR3VpfachbYVjAwgsCaxHwlsDkPYsy_LnFb8J9gwKmuEdmRc5GWydngpQl8CbOrlIGybWNYy0yp-jx28rNTtrXPCvy3Y3r1G4CzQDRMkvHCF7CDawqtKG3AKSrwRegjpyPlUbEWLpzmZt_8MyUpUcHbjorfW0Gqgr8IOHp2DEcPI3dilBTTrj7qqMim2ObYf-mUjSZFAhLHlhimno3LVj0-oq2hKwJqL0eO2rqjsjj8lg6aggRccmqM_DYu6VECZEDJ2ALOkBJnCPiAFsw9lu94ygCECxeGMQ5ERlkFlsRkA1MTVoU6CNi94oYQUy-IjiHoV9tsWnixiWD_McF5zAGEAehRUqg4YXNd5vXg1O0N3Miz64PiMZAxRUhYsCerytOhpGM5BhyqU7EcC7ASqJkWk915XaJx1RTrUm7Po64ZtP34klVyVHb-KCBz5GLkRKB8hm6vhVTDsP4DPFedt5lhlHaU9I49z8Ky7as3b7OLV7jUN1XTZG9rLuyryksTgqCAtGVaP_JQhEJJiY1Wl0F9tWF1brAxe2MB53pyGsfuQxgBxn2ILRhMa4DB15jPKd3UiCEhg5JmbqDeBTdI4jQ9sVbnngLxKKlOQudBqvv7DLslzlxTGAoeXc0SZ_u9I1ISwkM4bUXdLE7VLQkBUI6MyeVJEL4RJCQK8UUo0Mjy9zxGDe0tWMw8sZg_i-T0loI8k0n2rt7IneWrg2rmbqOWvxBg6GHCtN3bp4ifUC1_G6plvx0xjILLo2QoyZH7GCI1GUUHWUADv3Dwk-KMBJeC1QBL9ql8GMYCBT6QRf3tvvzFKhUyXbSBJy9UhcRVseaZbVKui3C6ep1Ls1QnMJ-54GHMeJQMC7mmiK0tBFVVK8KP5OpxP_6ro-le9pa1vi2C8bKSsh9HLMP6Un236A-AatrP6PPr0GBOHar1pf18FWftyPol8zn3zWcQHlzwj-A1IqLF2iZ80IYyHrCzd4VmaGpr3FLmrnVjseqw9Rww7HwUrixluL3l-LlJN9a5k23pSkqlVn4WC3viW3L_QtQ56r9zcY-w3jYXxuHULcmrQteZsiiQS8wR0-Q-SoThCBciCh3Mx_E2JBoS8XS1FJPuNkkmc8EVVgVjswY-kPSUzqJtEtMWO5P7aAPpgDaBkkJHXSMlgHKfktbFNPIsr1MlBg3VwUr8CwNCm7xVkoUS1VorfcrGreTK6tKF0eKKekalcKG0BlxNJnm0_O6Os_m1UyrsQyGiLRIadUfcn8UsseCYc37wBQD5MVa3iYaK5YImXMxUzHSXzOoUBIeFdEtu4aZGDnLElZaVZyxmnlhMsvgvff-AyeB9QDdv-0_P6qqiLEeR_ddfbv8vuK0_PXuxco6Jf_d_QPlXvzbRck3gLOcAA7louW0HYPzkbY6ts4Ql52Ig-iLHe68uyXQAApTDkOiFd22I74kgdMCW9-pIERNubRxyuU7EXF4LUMHmecdlYemNZkxbvSEmQCf3XcOjaMOw5yXwdh1PNPkOHVBjE3SF_FZUYYrgKEkwDIvSwDU4ogBRmQJxta9kmps04NsrFUKNUapE9056MEjUkYTZLmEdE9gFZcX-okEoKnMnPoJQVkFeJfd3ZH6WSfWF46enzKHepfyxUdZP2qrfG4v9JOL-0xDbT1rcV4XrftLKv2z095OW8h-GEd_vVE4C03GcjJ28WHGbn0Gic8PWTk2Tix9oMm9U0Ej9Z73YU4iCEBaV6jSYDwDlJEQCYB2TH8oCv86W-mDvCchwvupUuykWXB9ZxiTRicDACJketrkm83iDY3lmkvc6JSE-9jF7Z8-NC1ZQeEjzroZIVnIFyMeBy-SyI_bj14ph7ODZI1YYmVnTRbjGVK7gR1tHISUKkvmEczSxiaihRydmcunK65TwBLlbjEuQKcYNsKm_VRFygVuOIX1juYEgF4QiwckycYBjjvsIC-uPPJqhX_JMpyHTpKId7yQpgmV2jBMgxpYPrEVBcFQAj_rixNXOG92QKbuYpW7TVaajosAXUgCknPr-fRz6KZjlCx1isSeNfxMeYyr98kpw5_ogCY3GJmGAoSKKKFf0K3YQGWWxVo-BMk1chQHjCNlss25X1wX2WAKKQFxKh2109xszvqRxc3L70B7if5tO67erNwMbCx9kebu8Cv3Tfaqh9_C_hiEhT6zye7DKH2YIy558SBT1PFC_7yS5og4JY-nxkIrQh9eYnV70qrD9vu4znu1h4jcSxsIGiSM-rkt1O0u9RIcJ4J1RBHWIs9kqNGpBrwy8DgV93oOMYtnFlhvQfwX_N7v46w9vLwdZW_2Sl4PsrqiwCAmY3FgRmCCt0HuUXTunJmoehXJTdQZS1rw5Yl8w6i5QoBKPIeRVZ5ckGpkONgYsz3FGsLAr0JOSxKVLLd1owzFuKtXqFMeEH8OsVhRtnaU7i3MsBMx0xUcv9TqD4kSkg_gy2K9n5UuixOIsEXB30iVSBh0m1A4RrtNx2qnj1jYy16zTcmFYVGH_6hn7vhjGy0lgJbn77q5kXYi4dPYZ-56Ujd3XhfM7ld1hDJjyRkpKsagkw1nKA5a31B_OWcxNvJjYKgjOhkAwEsDxzioxWI2ZKEUmtXMSWAZS2TWYMRaOAyYxcjSmj8j1xuwWZXtnV3EiP2Y36hv1VxEwGiXl9hzVTmeQmxyRiKM2kuPIj7K0KSsm6gbS-pWLfqkRzm3c6E_LcxiPRGScYUSfCN-8knY8J49qYsZwvKyZtG9kIjPkFpLQ9fKb3FSCM5rIc4RPn7VRLhSYTjelgksvcZvqRxVn6ePMuk6VaXBC0q1h8RGDMZnKnNMv3fA6EiHDVNTmvUjsUHNhS5j2IqselWzhFbU0fSjUI8cwKNlIpq9MmZGD04DNJ6yo13783afa7ang-nq221RghVWJ18mSFiPkGnZnCouVLvhYFHthc4RqcWQCyK7InSYj2BW4pUiz1OLwfafQD6JBmHYQnPakYeipj4GyTg8UWxJ8SS0_l1VR6op5Lkc1Mbqm0yS4mc1glxZnMOXvNPJwTzQ8OLaeCnItP82OOA0kCetfTxNINhv5ILW6LjjX9nfODmeOp4TbKYXTOaGiW-AUApwVdgW7A_6rwiopymTV2N6nA8p0XOgRcNsAnPuSSiHlF5f-IU6OkZWBmTtPt3jZYmIuK0Bmb7kSiNdtwd4Dl9Ok3Q7kug93w3yNUy73hFviMqgEM7_RjSS94XPxxnBxzhhB5My7u0Jm7WBmIRf7RQ9Go-wF9-AYzawb0hSjWK4Mysy-8VNX2ckCeBZXRB1E00k7L6box7F-A8Tb0jQDq9LrQPIxTiiDplnKJDPOKOOZxRVSaX_ti-yciu3EsBlwOLpa7K_Xk55HVEJKQN2oXRfjBHbmiguzvqXS1rXinDeyvBXX2jLny8dDEMDwRts6R1DVokr1BJG-1nVDhYycwrxWMClNwoYSHOIAwwv6F01FgoeyN_DKS9GyUj5VOEOm0FfDeRmMz421QB3N6dRgWJjVbFC6fjipg6JXSn5hE3P3lf4_9dz9e3ruennny5trfEpdx9P0498-_fik_f78M5L3SI_hLLRcU3FPHEeHSk_mjWIeHMv-jJTgkk7EF8Y8MXXFU7GoRaEKtWLKeA2t6uE8pi22VgPa4B5wiCsgjn3JTvDwUVOeQFHv2X3RY6f_kG00Twmxp4TYU0LsKSEW5pCeEi5_iITLIurRS7nRb_lKBTEMB83MqunE8nUXU5eA5lnlKyn3wNgj13s0nYtuuDaFrfIsyCoC62ldvAQqTqzLvL3KfkCmMx_Q7JZuz6JSPUI89YIU52zkUwvaUwvap2pB-8_LgvZa_LPA4o-vhGkxdRviD7bBfyZ7v3cd82AdfWmAxPwGuHBAp2JB_XvSvAhoTs6YtAAF6BQz-Izn7FMmV2V5oiXGjq-lNGS1HzHhNy5n4mX6Xr1PTlqhCKiBbNauvx4RHVIwvH4KFf4nhQonw4AFUqPDV9Gx28Cf33F7GjuMF2GiN5W0xFDldotmNyMyuni-esafSFgRy05cUMfA3YgAD7vyQ-e0koT4JlWvnMBXP9x1Kk17uNVgMgoOICUGtcn8oEpbH-EMZNGBSt4UUy3mTg9Nre7Y0-qlfRzQ3tfqaxq7Ww4U6AnkDtoOqScnX2MyQpfy04zSQm3rpiaJMS8IzW2Tq1_INDhJHD1hcH02DK6nvOIXmVecTII724PexAqOdT_ijheNAFM5S09DNhsgLwey2UbRvJ4tQV0YEK7Cr4xAGE8bPe1ST4ahUkmNavjtgNTKZ1j5jQYfcPF_L2wTN4UguCLM9sPqNftI_zgS4I66VTbFXY2z67hPyJZnFJcBxDVyUEulHSepJt0jexNvXKyN_wILo0FViGzZFQJ6LHtW0I8MQDksGmM0esab0i2fhBPZN5OH8PPIZ-_Kf3a5LMmYQNQ6c89TWixqI8N0tIT_rhDx6PD6YwEaDee5Tg9F8hCLPPS59KRcyvowrHuqZA8u2KogY0oXPrp6UXwFKsTRVYnanNV_Z8DiCOh_qevNTXWL8qZeeAgpYojyUrBCzna_IgvfgdzvdiK8Sjz6TdWtwlKgc6oMJ9NADsVJ3u_I7TYwzVnzWGxwC7KcZ642PG9XOsHQTn8uj2vjYtWlkQz3CpBZEMAbp4GrfgQGbfUojjKr6Gw6KjyzNBCdNMqwXT7QISJVFVrQdHXlDpL1863GNZN10n1eZQ_V8tKGcLX5W2MfrS3OQiIMLMk5zePuoFlJdaZw_N94kI1Ov-tWbUh-SxrEYb2mE2Qxv8PdiT1qAD-OSd6phv9MM9unqDmceMGG29TwUxezMM9sXE660pHHxGoFaUcOKcotnkKNKJ6IYHKp8XX6y-iy2x-ywIYoylWHQPI05P2BRkVV9Y5nIulqRV9ikLHsFDIWXLxoBl1ZBygGN9yLbjgehTogVbH3JlREQprlZw297sOsUQWnwbH_6RmCq4LgXvH0kwReflIzWhx3EnceSBS_sSjXThwFxxBIwPvbLEfzsDTH4sIX4IW0JXdWabvPWJih6pJqhjnxz6-rwrdbTCLv3YOIPQieaPkLrPchV7uGHre2wsBdP4s2FCcIgl90jawcpY8p4BKgAEHIs5Hrc8yC8SRkiVSm3vQLY5yOTUdpUArWalgEb4pXga2beCXTG06PAEdKS_lgnld2eFVhDjTq50op-q8N6jKqbrkORX6yO4ICBhIRN6BizvxwFOr0a1j_PUp3xaKxr9tbJ2QImfz1v_JlR_AVFp48u3j1GqsAXqxWiMqVvd-pZQ5X_UPVtdk7dKC2xUfGvLh48f7NO3hUz6OwM4CJ7UomhRu-vSRE6U7zgCNGCR4y0n4oN7OLw3gXU2PRU6NGGCNUSu_1XlK4-Oi9dP1YYRYO8gveSLUTqaHEImp1nU80luXTaNpFoGnjvfiRAFKdoBCPbeKGdgd5z4ANgCVQLDko9Ejeg6NOL95_wP_IXiGF1Y4Qqd6Ags5efljKSKNT9N841n_7aw6q0oz60W4iukQ0hk4gmND7FfAS9zR7g5oyuYvwwGNFYYwANsrjYedisOgkGvpgyGwpsBpQxoYdBPvuLBUxjVVEAl3J4DSnjFayfHRJBtehbrluyRviUts55k6_2apKGF1a0xyxokAyjudxXDqN7NB3hD7RNnuS49CAxMyAY4h6CpZ_O70OhEt8N8mM59IDD7XOj1vFXdmePXui0JjF7J-sU5BvPujEX49lpJnHIm3p9iVyRNjczSNAFkoikYQ5L_wTmf6TxCre8twAg8NJJr34hAP6jRjxZCmv4Rf2RphojTu5ZVsRsBRHfOuqNDAv3oLS4HaoxLlBPhiXjeURDybcVNnyT33qR2xQFB-aRLphkkI0MJxWsL8eRBAfuXBahgIHM75trKvQSLTBzGIxBEDbGNQ8CrZuNZ9TaCzHCkGEFjtGzsQLjSz-AxWszlRB1DW1mTjo3Ttn7Hbqznl5UXazZaZPrjmJN8neIj_Zet5aI9WVSgD1RYtdG2W_1x8kfQm7STSZtQeoZN1kLs5XZ3HF6xO0P23DE7T_J6F1eD2Jg4X7mka8S4MpAjhD_MOf51dDNkt0aUbrIN1qYUKhGx7tK-FFXWLaBuYGiU8a0hRexiN8m8Qyp_Eyb7JonYLRTEPraX48OGBSk1masOZKq_wGc4iyspRr4MwIhTX9SQdWTdSLYAI0yKpzGSX2X9M0w8yfEBx-RXfomwaVrSRpagdjupBC9ixJ-Ukb2mvPDQN7LqVPJQeRyK1ICSopeYySuR3fzmrijqT99tzwZhIlgg7MMpLS_AZrYxAaWQ6d41-SxnY8N346taLWGUYZzMcEnSHjMapAeWjtewL4g8l5TRNLTc9jVl7ea6l2aul3ni67nQxcdgyCFWPw4-ArOclBZMaaEybjSANlc4lCFBQe9A9F5_opRYHQ2OVIbUciCRiO3LtOhgCcsxfqpY-wCKCS9XRyGSNnomVaWlDqRIft-U_Y_7f484haFd63IxcTzs27TgpqBxM4RD5-rn3sGD-bM5kmCemyJLlekW5J0RwL3SfQlnPSqdObQJL2lGJJfb9icgRrmWprOYrFHCh16wVrV5ODpVx0oTP_dCOlMkYK0Y6ZIndgjNzT6Z9z-qPg9OOiHreKE0HyagZ6p-ghKiBzuaUth1nj2NPrJWwcEBZn-W-9MI1T-cDpfY1TCqeZbQtgRzASiUl_M2nTgLTF3lgSdiC69gWC4upxCNxqfHErM2myd1yqjQrpzxr7GavBihIMlQ-XVMwtytL9I54zAr_FhmLE2zE_u6SDUtyEoUff5N-s6Lk6Qld6umOf445FJQTJkDBiPW_yrVQLHJiCwn26XMnh3gIv92HbCWgiKXwvpxQ3BoNouhGl0xPA7yffiDB1M-zL3ZgKFYq8hYmcBFx0Ont1Gt_OgkTbONm4-g7sLSo2iCwZZLy2dWIzGlEhnRvhoc4J3O0Gwb8bAgELcyyVbTrUNT9Bpxxqyk1HcQx0F6RieFU4Dg2HPbmBrxRPVsDBcy9sbRqmVnotZ5X-PAGCnw4IrrduFG9dzJIv2rYu7ihKxuFyPmzJczJHfNx7UXDTncOWKcJm0pKeImwQSDR2S3WVZbf-eEHxnDhiJyzKjXuJz7I3hYSvlB5M-AmmsczG4bYlW2RpqFte84hErf14eEQqEy6XkoJAMhqxEUXEBc3kqmjn2i0G4G2g-8iIu4XA39G5Sa5Bvwd9cHi7TPQwEUuwjXsLVE65lH3Ceealvr5PDjtSFHGiOyOJZ2SvEMbOQui5wSZduKcrdL1J6L5Lq0P6eniXTfJFAr1nIJrom2jqUapS26mcCONVhoNzLtJyYlxSgW3G-hVKx1DiKjP9yyCucDpfT6MpQ6kKard-eE_0zyts1Y1nwazQVWEHWtd_WgP1-WqQKSwwpZiwvhK6YUhJT4EjS5begPDT1_wUJP3cQdLZMLj5iax_cPM11unh-w4sQ4BfmFo0w8twZQg36HTbYIOQ2Oa62cXPvp14958wXk8uAHm6aZ_9pnlBtLcpILTXtBuo9jTRUubuDOJkh4HN5YHjHtU8spUdNgZ7BcZz9zi6QydORJyNggWkunmNF79y-rrt_Xlk08Zv98UIoegOhIKQtWO8l2FdQExg8Vi9koqQnuhRz3KegFM-KXDKcBilZ1NFDT5snXNDe3HrwHzYVraEUTlCUfpxHQFreekc4L0Izjrlkxr1EEoOmn9uRhZ6gstrpKqLbacZPlqcLsDUKzxjGaMwkZhuRgx76iR41pMNrGxWpg-mO5A6Il2-SRTcFITzxbM7sT-WupSlpWAl0p1a7vSenQY7YDYiTDOmmwuTdTbGiHdri6heFWPCFILgVKGUrUhDIYohR_t_IyEAOv9qk9w2b5bWhfGrwefckgrPuUenknvKac3c-uig9mBPL7kfj_t8TSaFEpKZBTREFsWOamXcFjZcWuXT9mlgHmbjQDHEGU2O7LHv0IZI6f0NRrbOghfs1PaS4RjMh6USUdtI4LzHZrtPUxtPAOtPAOv_CQDrT-bNpzJvriNU3mR5vr7xBr0sKfF1AMXnhYgFDOLU8UZAryyeBLI4MYEdTXGplqu2XWl6_3Knnta10I-Wmb1EWUny6vXVi9eHGmTxzlN09Tf0ytrkmGPPWIAnqkq433QYazBI04_ceiYFNSKl817_ae8k1HmkOVLG2Q81MHiBjIRZOnTY3JEp92BnFP6cEh-P0pdBZ7H7lzfaxZh1T3BeXxacl6Mz-Rqn4cC501Iq7LE3LC_XVOtQGvOa69Wkh7rmAHt1V-RSDUGF-HkLFh5hPktUh1vIjr2FvYtYBItINtN4dZN2EtDaLo8EJN7eatOy6KyZCoxmIr4KqsxcYwIVuoIvlqUn0u9gmzP9sYBnY9tklduKeZBSnFw_SWv4zVs5HwakxGVhP8rZG-gDFuJNBTtJXKrrzPV4BF1_crS07SXuxiXu5fcJnaPLDeAEySXRVx5dJld6GP2wZDpN74gDUSFcgVfcrcSIVjHZPyVvFErjlMnttvt2AtjuS917cFp_hUdQzd2-fW-qPM6JllyPY5oSvQOJi79Sfnm-VKU8FgI-0pUO_pQNE180Hxq495fZqnrUhVqEUSslPjVYhPSOs8ruhzfhcpIITk3UjsPilXgDpbIuUAQ9wC2MoDPInuCiaQt-JqkAShC6uOcUUwBLGK1oIBfdh5qbP9aKrsJD1bTnLTE6sVSLldXpAyOaGWIhgEzRkG7eTACaIYKKy3djqSadA394tl1r6jRPXsVNBCCQcmn-F52KDtFwLLHqGdfBODeMlIY2pd1vAdFD43HD1S84bwRlJ4bEBuSjYfsRRqCpIsxT6o51Af9Ps1PbM67ZTdTpv0hc_b7lOgz3a353xtejW7FIXHKD7sdF5NEQlEy6Jh1SNHQZbm9XOJU17liDZCRS0uZBuYOTHDHSV0Z5guEHyrhq9ESDq6W6C8tujtqLWAinIJqS4UQvGoyMwkALRQlMxF2ZFDpERDq4di5aJUtNXiOhFJE5S_2vYLCKtkSbCRNV5PKcJRtG48ioTuZGbaBGl7rhYiTqje0wMaqhNq3JxBt4fbhGYzadzp6S-UpIkDxPu9nlS4xkIXQPYW7uaAhF-dMzsLWLdSndNo_iQj9_4cfWBhhivy_Y9M0fC-4VlOQDFdt9tGFnwdSUEuUHeO48UMxR2M6Rbma99cLlhldevXmbXRBOyZuqaRyIkktPaTiOiHXQOdgo_qteltKaqAzMF-O-cKLd7E1uQBM0k50ZgA87QXAfYuH1N_hUU6jGfM6N_GzMcIVIdbrd3U7dEEtiaX3hoRAlz0hiELHq_j5LoCEcu6Yn9NbPht7aa7OPApu9v0S4x2Yng3MHIkG3k3wme713BeNgBX2pkH6vwynJ_qzOxlc8JCuaNZ5CjPlOcnv-uva0hjsqrw9elFU-4QkUnKswYAoafa9F7Qcm50mzpXrZbRKwW6LFNXYzuNFc3LQ4CnDARY0sxVRGLO2iOsN5SnYjjJKiMR-eJcUZWMP-rrngOCVebcHKQkVeKIK-qrtGJohcSkYhcEcZ3LlrbYFna9OL9mDP8ZufCqo-TUHV1wUi-keKQ0SOVKoswxUVzrBCOUTFG6eCimuGr6nO2vivIjoyjKRLql_p9CqsFcIaouHEPvRWLWscXquNvvL04aKG4qdRrH-8GrWnIN5TEO8piPepg3g3cUomaYS7cScqIXfRrE1rufLybjyTla6KCgcwZQy3ghGk2gedEUS9ne6diDS1BV4t3YELtIc2PUXVPJ-i2N6pvmDHKDlLTewePw9fsT1ok2nbisTjk9f0Ob2m3oOcBQcZg08cTOOG5VYGO32ZW3bWNVu_d8BoHqwvxrDYuz6fXB05GrixRr81qbJ381CP1QGW_s8olPuCC516eWIR8MS8t66CuMJJzIi6tdCf5oofAZCw97wnUT9tSoK9WHHYyyAJuKkbPSMmqFI2o5OpoXiZ1wY3N9E0npCLRcnC0O8jdgq9gipxU8qbBRCSztQkrEvA-fLwSnTlNBhYL1mfoG99Mo83OIFzrTcrRKA4Yu_sudHC7PxxsEiomdeJ16Dp4NScy8AqNzxyDhrEZBGvMbZQOeiBMdb3L1-8zS7ea1iTl2Qst9kLOVsC9uceScqZucDozGqJXeCSZyCxoBB0equs8aaNhAsCvBeYAqa3lcgcvKECNnsJuwgU_ei8rcgbtHVf_wvEBFhKzaV2XPCPHAMxuhP8NbDKSyqlRoNcXv9SP0jLf03dI2Yr_l--bI9BmoiiItPr8GBSyYCXXONmmwvthRFgJ69urmplOBVvkhVSfRx6DktNI-CWVLDfAaFjtCEkX3KJMoAvYSPYcBTSTpNf9qDNnEx5BI2Simc6lOsS4SBzbqCM4IfrmixEAvRuDZpCBhp4nbcoIUBpNMuiI5DcrbuQ04Ak9BIiiJKUDWBkls8ESWScBGy8tCRQIJZuLFqmJPX43ysZLgbemYvZ35V2sA4HcjlgilaPm1HG0S9sR6HBRNC3LUacfHaImnnO2q4ImiRlg_yII5oYjxr85mJdGHCNQ5unTBXFg9ObUTnRyNu3AwO1qTNz3LniTZZ2nCGKXWa2LLklwByMM99T6ToXIsvGF7r2mVF1z9miaD7aXvQwvs4RCrANffWD3ujukUKgxGTQhqQfrVuDks3kOi0okykhSbx7DzjYMUAfkZJMBagdueBR7uGVRUxsN8YZAIArdOdQKXZ1elrZyFSyYyG1_eYMEpBGDelXN7jcnwaqZuHVP79KDVt7t2eoOaU_PDg0z50i7_YuL3XBcuGWFTkDj5_LXvG7Yy9wut91-roRrnuPbhQcXaI36bljQeS68l55lfe2sYAcY93DRIUCR51CL33jgL5E0OgA61TrdS5l9tpAL3xkyYxM9_vcQvL-ZrItN717f_UudSMEWMJFV7PIkrUGlNxtVIn4kYKHyNtrxlzooezwX9WO1KvBioxWMDtxBVN3BS__mljBrauf2IrJuY2Y0Z_rDrVYiOJCYVnU9ab9UoN9oeHgRKmpUdEERFf7Vzfff7m_jnr53rOaBWcVGzDvLQmFZMHQW8olqmOggCRr2t_y0bPRvaTNA9IOt_boqUUr2KHGK5WUwRGsHZHRwovzm6ldBNT21O5U9UqPmjPwuYjSxUYYMnCbxEYGNc43mGB4cTEf2U1LwMv-1rUMr6-DxcSiUwpdXEgbvfFELgoh4L68b9BxeuEcdqOMTLj-C9O3g4GhB7jn5ZpnqJJjqnEStmzrkVJUOyyAMNOWqQmvMy45NpjSD_CNYBcojKKi0xCDo-4XEU_5m0NSxk2YAEO9-EsKkZA6hMXbwWXlpUxzVp7v7mlp3YyIQw1heQKXZKC6zAr841yceh1GAfV9hawyBzbo0KMQar_-OZmaSUBNLGm-81hIkGLpNdJh3ysZjxAmJ9M7DejtgZs3NrqxyTgbsgQ2C-t2MndSsC9bTKd4wpOzfehwm-6rUksfHsi7R_bgDGWaz21QYe8QQAazyP645UFW6cgtoSwUpf1dLFdO3kpPW39_m7KsEuDf5ppsqVQXAbhIBpi5Gs6EVhQIZW4ZOKT5Zu889K_FXHoae_s09nZl1c6nHXvr5lr5Gqc24_xrvIWVrcnxJzebIkORNX7gHj8x_hPjfwbGXwSMn3Tp-mC7JTZG3C2RC41Cm_OCDKY5w_efqr1mUdos1SMWJJ_S8Wgw9GnITZAqcwOtBObeWrxpAx9LONVoSFhgPgLLoiLPrtRtgwLYDD-m0Vh6L_DRXO-AZE7AWsaDRmfoBPT_EGPraabC55mp8IRwf7pDOfQiFLcpPJDbxNydwLluRaHGg9EJggdZmFrHdorDExdYRUGxC1Svq8igvzlxiorbNvLu5QnBXjM-7aLWo4B0uPf4OO_h6reewC8T_9VMcu8_nZF7OoeZzJzKJ-ervaiW42jYdA_4oUmyVqXOMhp5i9U1Tr1NqhuNBw_3DIwvvR4DD7bSG2dZct9kuC8rf16IFugpxQD8YuwUQZH6JAPjXShkOO5k3uJFZu5V4d8lbZtreDtcTXd3t6FwFh5dclj8zYkwSG6jENOYmBnRT6PUPJvLRCFFp3UpGn56On2zgL6khRclsp27I8Uu6EEc2muTK5QS_jierKM72OjVG94ZyGwtPQWZEb4IUhAkK9UcHjGssH-r_gHsiCHbcv0zddbjvXX2jkUtvI3_hv7595vp4GYe7jJ_J3hyNBmM5oPRIvnwKHg4-dDkmIemwUPz68F8NJiPB_PJYDEdDG_GyT_DVizv7yazwWQ-mKbJxTYp7-npNL0H4XbNbtLPhZvV89wopHJxM1iMBovxAFMhw-th-q9CauHBwXB0nXwYMRsO7_I4WliaCcbhmQ2HPQ8mzo1Xtpjg4tIMEVIxTh_XZHwUe4W0TtLbOQlJTT8VHlX6qfBoelYwDU9lPDNsnf6DcGv6znsasl7vg-Gyex8M1zS7GcxGA3DLZum7NwsXN50Npmk2mYXLSj8VipNFepNmIV_M5oO-R2chf6Zv_DzazusR8G964fPw-_P0js4Tt6hXks2PYs_5Uew5D49SpOJwAGwznfSJx8VRMmQRMVTPNlGa13-yT4pfh8fU_86jNoAiQT6LXO_hZPKTjnjrMNZ3__if_w-YhppJ:1lUmW0:TPSpcAuvLKkYAivQ3aBmSp_5H_IPHYVGCzbhKPPAKFk','2021-04-23 08:29:20.017148');
/*!40000 ALTER TABLE `django_session` ENABLE KEYS */;
UNLOCK TABLES;

--
-- Table structure for table `parsingbpmn_asset`
--

DROP TABLE IF EXISTS `parsingbpmn_asset`;
/*!40101 SET @saved_cs_client     = @@character_set_client */;
/*!40101 SET character_set_client = utf8 */;
CREATE TABLE `parsingbpmn_asset` (
  `id` int(11) NOT NULL AUTO_INCREMENT,
  `name` varchar(100) NOT NULL,
  `process_id` int(11) NOT NULL,
  `asset_type_id` int(11) DEFAULT NULL,
  `bpmn_id` varchar(100) DEFAULT NULL,
  `position` varchar(100) DEFAULT NULL,
  PRIMARY KEY (`id`),
  KEY `parsingBPMN_asset_process_id_51846443_fk_parsingBPMN_process_id` (`process_id`),
  KEY `parsingBPMN_asset_asset_type_id_9aaa4ff6_fk_parsingBP` (`asset_type_id`),
  CONSTRAINT `parsingBPMN_asset_asset_type_id_9aaa4ff6_fk_parsingBP` FOREIGN KEY (`asset_type_id`) REFERENCES `parsingbpmn_asset_type` (`id`),
  CONSTRAINT `parsingBPMN_asset_process_id_51846443_fk_parsingBPMN_process_id` FOREIGN KEY (`process_id`) REFERENCES `parsingbpmn_process` (`id`)
) ENGINE=InnoDB AUTO_INCREMENT=2413 DEFAULT CHARSET=utf8mb4;
/*!40101 SET character_set_client = @saved_cs_client */;

--
-- Dumping data for table `parsingbpmn_asset`
--

LOCK TABLES `parsingbpmn_asset` WRITE;
/*!40000 ALTER TABLE `parsingbpmn_asset` DISABLE KEYS */;
INSERT INTO `parsingbpmn_asset` VALUES (508,'receive student\'s data from mail service provider',28,2,NULL,NULL),(509,'Student Data Retention for 10 Years',28,5,NULL,NULL),(510,'Send data to Recruiter',28,1,NULL,NULL),(511,'Send data to Ministry',28,1,NULL,NULL),(512,'Send personal data modification request',28,1,NULL,NULL),(513,'verification through career service provider',28,5,NULL,NULL),(514,'Receive result verify',28,2,NULL,NULL),(515,'Fill in Personal Data and Health Status and submit',28,3,NULL,NULL),(516,'Send data',28,1,NULL,NULL),(517,'Receive modification request',28,2,NULL,NULL),(518,'Recruiter receive student\'s data',28,2,NULL,NULL),(519,'contact the student',28,3,NULL,NULL),(520,'Analyze the profile',28,4,NULL,NULL),(521,'Ministry receive student\'s data',28,2,NULL,NULL),(522,'Retention student\'s data',28,5,NULL,NULL),(523,'send result Verify',28,1,NULL,NULL),(524,'Verify data',28,5,NULL,NULL),(525,'Receive data from Student',28,2,NULL,NULL),(526,'Send data to Office',28,1,NULL,NULL),(527,'Receive modification request from office',28,2,NULL,NULL),(528,'Send modifcation request to student',28,1,NULL,NULL),(2378,'receiving data',262,3,NULL,NULL),(2379,'verification through career service provider',262,5,NULL,NULL),(2380,'Personal data modification request',262,5,NULL,NULL),(2381,'Send data to Recruiter',262,5,NULL,NULL),(2382,'Send data to Ministry',262,5,NULL,NULL),(2383,'Student Data Retention for 10 Years',262,5,NULL,NULL),(2384,'Fill in Personal Data and Health Status',262,3,NULL,NULL),(2385,'Send Data',262,1,NULL,NULL),(2386,'call the student',262,3,NULL,NULL),(2387,'receiving data',262,3,NULL,NULL),(2388,'Forward data: from Office to Student',262,5,NULL,NULL),(2389,'Forward data: from Student to Office',262,2,NULL,NULL),(2390,'Verify data',262,5,NULL,NULL),(2391,'send result Verify',262,5,NULL,NULL),(2392,'receiving data',263,3,NULL,NULL),(2393,'verification through career service provider',263,5,NULL,NULL),(2394,'Personal data modification request',263,5,NULL,NULL),(2395,'Send data to Recruiter',263,5,NULL,NULL),(2396,'Send data to Ministry',263,5,NULL,NULL),(2397,'Student Data Retention for 10 Years',263,5,NULL,NULL),(2398,'Fill in Personal Data and Health Status',263,3,NULL,NULL),(2399,'Send Data',263,1,NULL,NULL),(2400,'call the student',263,3,NULL,NULL),(2401,'receiving data',263,3,NULL,NULL),(2402,'Forward data: from Office to Student',263,5,NULL,NULL),(2403,'Forward data: from Student to Office',263,2,NULL,NULL),(2404,'Verify data',263,5,NULL,NULL),(2405,'send result Verify',263,5,NULL,NULL),(2406,'Compile certificate request',264,3,'Activity_0ihnntb','360:229:100:80'),(2407,'Certificate request',264,1,'Activity_0qbnh9m','530:229:100:80'),(2408,'Receive notification',264,2,'Activity_1mpak4x','860:229:100:80'),(2409,'Certificate download',264,3,'Activity_07cabl5','1020:229:100:80'),(2410,'Acquire certificate request',264,2,'Activity_0b2zcr0','530:550:100:80'),(2411,'Certificate processing',264,5,'Activity_0dnap2h','700:550:100:80'),(2412,'Notify certificate ready',264,1,'Activity_0kn0uil','870:550:100:80');
/*!40000 ALTER TABLE `parsingbpmn_asset` ENABLE KEYS */;
UNLOCK TABLES;

--
-- Table structure for table `parsingbpmn_asset_has_attribute`
--

DROP TABLE IF EXISTS `parsingbpmn_asset_has_attribute`;
/*!40101 SET @saved_cs_client     = @@character_set_client */;
/*!40101 SET character_set_client = utf8 */;
CREATE TABLE `parsingbpmn_asset_has_attribute` (
  `id` int(11) NOT NULL AUTO_INCREMENT,
  `asset_id` int(11) NOT NULL,
  `attribute_id` int(11) NOT NULL,
  PRIMARY KEY (`id`),
  KEY `parsingBPMN_asset_ha_asset_id_455a16db_fk_parsingBP` (`asset_id`),
  KEY `parsingBPMN_asset_ha_attribute_id_f4204e3a_fk_parsingBP` (`attribute_id`),
  CONSTRAINT `parsingBPMN_asset_ha_asset_id_455a16db_fk_parsingBP` FOREIGN KEY (`asset_id`) REFERENCES `parsingbpmn_asset` (`id`),
  CONSTRAINT `parsingBPMN_asset_ha_attribute_id_f4204e3a_fk_parsingBP` FOREIGN KEY (`attribute_id`) REFERENCES `parsingbpmn_attribute` (`id`)
) ENGINE=InnoDB AUTO_INCREMENT=448 DEFAULT CHARSET=utf8mb4;
/*!40101 SET character_set_client = @saved_cs_client */;

--
-- Dumping data for table `parsingbpmn_asset_has_attribute`
--

LOCK TABLES `parsingbpmn_asset_has_attribute` WRITE;
/*!40000 ALTER TABLE `parsingbpmn_asset_has_attribute` DISABLE KEYS */;
INSERT INTO `parsingbpmn_asset_has_attribute` VALUES (346,520,9),(347,508,5),(348,509,10),(349,510,1),(350,511,1),(351,512,2),(352,513,11),(353,514,5),(354,515,7),(355,516,2),(356,517,5),(357,518,4),(358,519,8),(359,521,4),(360,522,10),(361,523,2),(362,524,11),(363,525,15),(364,526,14),(365,527,15),(366,528,14),(413,2385,2),(414,2386,8),(415,2388,10),(416,2389,5),(417,2399,2),(418,2400,8),(419,2402,10),(420,2403,5),(421,2378,7),(422,2379,10),(423,2380,10),(424,2381,10),(425,2382,10),(426,2383,10),(427,2384,7),(428,2387,7),(429,2390,10),(430,2391,10),(431,2392,7),(432,2393,10),(433,2394,10),(434,2395,10),(435,2396,10),(436,2397,10),(437,2398,7),(438,2401,7),(439,2404,10),(440,2405,10),(441,2406,7),(442,2407,2),(443,2408,5),(444,2409,7),(445,2410,5),(446,2411,10),(447,2412,2);
/*!40000 ALTER TABLE `parsingbpmn_asset_has_attribute` ENABLE KEYS */;
UNLOCK TABLES;

--
-- Table structure for table `parsingbpmn_asset_type`
--

DROP TABLE IF EXISTS `parsingbpmn_asset_type`;
/*!40101 SET @saved_cs_client     = @@character_set_client */;
/*!40101 SET character_set_client = utf8 */;
CREATE TABLE `parsingbpmn_asset_type` (
  `id` int(11) NOT NULL AUTO_INCREMENT,
  `name` varchar(100) NOT NULL,
  `description` varchar(500) NOT NULL,
  PRIMARY KEY (`id`)
) ENGINE=InnoDB AUTO_INCREMENT=8 DEFAULT CHARSET=utf8mb4;
/*!40101 SET character_set_client = @saved_cs_client */;

--
-- Dumping data for table `parsingbpmn_asset_type`
--

LOCK TABLES `parsingbpmn_asset_type` WRITE;
/*!40000 ALTER TABLE `parsingbpmn_asset_type` DISABLE KEYS */;
INSERT INTO `parsingbpmn_asset_type` VALUES (1,'Send task','A Send Task is represents a task that sends a Message to another lane or pool. The Task is completed once the Message has been sent.'),(2,'Receive task','A Receive Task indicates that the process has to wait for a message to arrive in order to continue. The Task is completed once the message has received.'),(3,'User task','A User Task represents that a human performer performs the Task with the use of a software application.'),(4,'Manual task','A Manual Task is a Task that is performed physically.'),(5,'Service task','A Service Task is a Task that uses a Web service, an automated application, or other kinds of service in completing the task.'),(6,'Script task','A Script Task is executed by a business process engine. The task defines a script that the engine can interpret. When the task begin, the engine will execute the script. The Task will be completed when the script is completed.'),(7,'Business rule task','It provides a mechanism for a process to provide input to a Business Rules Engine and then obtain the output provided by the Business Rules Engine. As for service and script task, it is a task without human interaction.');
/*!40000 ALTER TABLE `parsingbpmn_asset_type` ENABLE KEYS */;
UNLOCK TABLES;

--
-- Table structure for table `parsingbpmn_attribute`
--

DROP TABLE IF EXISTS `parsingbpmn_attribute`;
/*!40101 SET @saved_cs_client     = @@character_set_client */;
/*!40101 SET character_set_client = utf8 */;
CREATE TABLE `parsingbpmn_attribute` (
  `id` int(11) NOT NULL AUTO_INCREMENT,
  `attribute_name` varchar(100) NOT NULL,
  `asset_type_id` int(11) NOT NULL,
  `attribute_value_id` int(11) NOT NULL,
  PRIMARY KEY (`id`),
  KEY `parsingBPMN_attribut_asset_type_id_d2d4982c_fk_parsingBP` (`asset_type_id`),
  KEY `parsingBPMN_attribut_attribute_value_id_2374791a_fk_parsingBP` (`attribute_value_id`),
  CONSTRAINT `parsingBPMN_attribut_asset_type_id_d2d4982c_fk_parsingBP` FOREIGN KEY (`asset_type_id`) REFERENCES `parsingbpmn_asset_type` (`id`),
  CONSTRAINT `parsingBPMN_attribut_attribute_value_id_2374791a_fk_parsingBP` FOREIGN KEY (`attribute_value_id`) REFERENCES `parsingbpmn_attribute_value` (`id`)
) ENGINE=InnoDB AUTO_INCREMENT=16 DEFAULT CHARSET=utf8mb4;
/*!40101 SET character_set_client = @saved_cs_client */;

--
-- Dumping data for table `parsingbpmn_attribute`
--

LOCK TABLES `parsingbpmn_attribute` WRITE;
/*!40000 ALTER TABLE `parsingbpmn_attribute` DISABLE KEYS */;
INSERT INTO `parsingbpmn_attribute` VALUES (1,'Communication typology\r\n',1,1),(2,'Communication typology\r\n',1,2),(3,'Communication typology\r\n',1,3),(4,'Communication typology\r\n',2,1),(5,'Communication typology\r\n',2,2),(6,'Communication typology\r\n',2,3),(7,'Application typology\r\n',3,4),(8,'Application typology\r\n',3,5),(9,'Task type\r\n',4,6),(10,'Service typology\r\n',5,7),(11,'Service typology\r\n',5,8),(12,'Task type\r\n',6,9),(13,'Task type\r\n',7,10),(14,'Communication typology',1,11),(15,'Communication typology',2,11);
/*!40000 ALTER TABLE `parsingbpmn_attribute` ENABLE KEYS */;
UNLOCK TABLES;

--
-- Table structure for table `parsingbpmn_attribute_value`
--

DROP TABLE IF EXISTS `parsingbpmn_attribute_value`;
/*!40101 SET @saved_cs_client     = @@character_set_client */;
/*!40101 SET character_set_client = utf8 */;
CREATE TABLE `parsingbpmn_attribute_value` (
  `id` int(11) NOT NULL AUTO_INCREMENT,
  `value` varchar(100) NOT NULL,
  PRIMARY KEY (`id`)
) ENGINE=InnoDB AUTO_INCREMENT=12 DEFAULT CHARSET=utf8mb4;
/*!40101 SET character_set_client = @saved_cs_client */;

--
-- Dumping data for table `parsingbpmn_attribute_value`
--

LOCK TABLES `parsingbpmn_attribute_value` WRITE;
/*!40000 ALTER TABLE `parsingbpmn_attribute_value` DISABLE KEYS */;
INSERT INTO `parsingbpmn_attribute_value` VALUES (1,'PEC communication'),(2,'Mail communication'),(3,'Post office communication'),(4,'Online'),(5,'Offline'),(6,'Manual task'),(7,'Statefull'),(8,'Stateless'),(9,'Script task'),(10,'Business rule task'),(11,'Interoperability protocol');
/*!40000 ALTER TABLE `parsingbpmn_attribute_value` ENABLE KEYS */;
UNLOCK TABLES;

--
-- Table structure for table `parsingbpmn_category`
--

DROP TABLE IF EXISTS `parsingbpmn_category`;
/*!40101 SET @saved_cs_client     = @@character_set_client */;
/*!40101 SET character_set_client = utf8 */;
CREATE TABLE `parsingbpmn_category` (
  `id` int(11) NOT NULL AUTO_INCREMENT,
  `name` varchar(100) NOT NULL,
  `description` varchar(500) NOT NULL,
  `source` varchar(500) NOT NULL,
  `function` varchar(250) NOT NULL,
  PRIMARY KEY (`id`)
) ENGINE=InnoDB AUTO_INCREMENT=27 DEFAULT CHARSET=utf8mb4;
/*!40101 SET character_set_client = @saved_cs_client */;

--
-- Dumping data for table `parsingbpmn_category`
--

LOCK TABLES `parsingbpmn_category` WRITE;
/*!40000 ALTER TABLE `parsingbpmn_category` DISABLE KEYS */;
INSERT INTO `parsingbpmn_category` VALUES (1,'Asset Management','I dati, il personale, i dispositivi e i sistemi e le facilities necessari all\'organizzazione sono identificati e gestiti in coerenza con gli obiettivi e con la strategia di rischio dell\'organizzazione.','Cybersecurity framework nazionale','ID'),(2,'Business Environment','La mission dell\'organizzazione, gli obiettivi, le attivit e gli attori coinvolti sono compresi e valutate in termini di priorit. Tali informazioni influenzano i ruoli, le responsabilit di cybersecurity e le decisioni in materia di gestione del rischio.','Cybersecurity framework nazionale','ID'),(3,'Governance','Le politiche, le procedure e i processi per gestire e monitorare i requisiti dell\'organizzazione (organizzativi, legali, relativi al rischio, ambientali) sono compresi e utilizzati nella gestione del rischio di cybersecurity.','Cybersecurity framework nazionale','ID'),(4,'Risk Assessment','L\'impresa comprende il rischio di cybersecurity inerente l\'operativit dell\'organizzazione (incluse la mission, le funzioni, l\'immagine o la reputazione), gli asset e gli individui.','Cybersecurity framework nazionale','ID'),(5,'Risk Management Strategy','Le priorit  e i requisiti dell\'organizzazione e la tolleranza al rischio  sono  definiti e utilizzati per supportare le decisioni sul rischio operazionale.','Cybersecurity framework nazionale','ID'),(6,'Supply Chain Risk Management','Le priorit, i vincoli, le tolleranze al rischio e le ipotesi dell\'organizzazione sono stabilite e utilizzate per supportare le decisioni di rischio associate alla gestione del rischio legato alla catena di approvvigionamento. L\'organizzazione ha definito e implementato i processi atti a identificare, valutare e gestire il rischio legato alla catena di approvvigionamento.','Cybersecurity framework nazionale','ID'),(7,'Data Management','i dati personali sono trattati attraverso processi definiti, in coerenza con le normative di riferimento.','Cybersecurity framework nazionale','PR'),(8,'Identity Management, Authentication and Access Control','L\'accesso agli asset fisici e logici ed alle relative risorse  limitato al personale, ai processi e ai dispositivi autorizzati, ed  gestito in maniera coerente con la valutazione del rischio di accesso non autorizzato alle attivit ed alle transazioni autorizzate','Cybersecurity framework nazionale','PR'),(9,'Awareness and Training','Il personale e le terze parti sono sensibilizzate in materia di cybersecurity e vengono addestrate per adempiere ai loro compiti e ruoli coerentemente con le politiche, le procedure e gli accordi esistenti.','Cybersecurity framework nazionale','PR'),(10,'Data Security','I dati sono memorizzati e gestiti in accordo alla strategia di gestione del rischio dell\'organizzazione, al fine di garantire l\'integrit, la confidenzialit e la disponibilit delle informazioni.','Cybersecurity framework nazionale','PR'),(11,'Information Protection Processes and Procedures','Sono attuate e adeguate nel tempo politiche di sicurezza (che indirizzano scopo, ambito, ruoli e responsabilit, impegno da parte del management e coordinamento tra le diverse entit organizzative), processi e procedure per gestire la protezione dei sistemi informativi e degli assets.','Cybersecurity framework nazionale','PR'),(12,'Maintenance','La manutenzione dei sistemi informativi e di controllo industriale  fatta in accordo con le politiche e le procedure esistenti.','Cybersecurity framework nazionale','PR'),(13,'Protective Technology','Le soluzioni tecniche di sicurezza sono gestite per assicurare sicurezza e resilienza di sistemi e asset, in coerenza con le relative politiche, procedure ed accordi.','Cybersecurity framework nazionale','PR'),(14,'Anomalies and Events ','Le attivit anomale sono rilevate e il loro impatto potenziale viene analizzato.','Cybersecurity framework nazionale','DE'),(15,'Security Continuous Monitoring','I sistemi informativi e gli asset sono monitorati per indentificare eventi di cybersecurity e per verificare l\'efficacia delle misure di protezione.','Cybersecurity framework nazionale','DE'),(16,'Detection Processes','Sono adottati, mantenuti e verificati  processi e procedure di monitoraggio per assicurare la comprensione di eventi anomali.','Cybersecurity framework nazionale','DE'),(17,'Response Planning','Procedure e processi di risposta sono eseguiti e mantenuti per assicurare una risposta agli incidenti di cybersecurity rilevati.','Cybersecurity framework nazionale','RS'),(18,'Communications','Le attivit di risposta sono coordinate con le parti interne ed esterne (es. eventuale supporto da parte degli organi di legge o dalle forze dell\'ordine).','Cybersecurity framework nazionale','RS'),(19,'Analysis','Vengono condotte analisi per assicurare un\'efficace riposta e supporto alle attivit di ripristino.','Cybersecurity framework nazionale','RS'),(20,'Mitigation','Vengono eseguite azioni per prevenire l\'espansione di un evento di sicurezza, per mitigare i sui effetti e per risolvere l\'incidente.','Cybersecurity framework nazionale','RS'),(21,'Improvements','Le attivit di risposta sono migliorate incorporando le \"lesson learned\" da attivit precedenti di monitoraggio e risposta.','Cybersecurity framework nazionale','RS'),(22,'Recovery Planning','I processi e le procedure di ripristino sono eseguite e mantenute per assicurare un recupero dei sistemi o asset coinvolti da un incidente di cybersecurity.','Cybersecurity framework nazionale','RC'),(23,'Improvements','I piani di ripristino ed i relativi processi sono migliorati tenendo conto delle \"lesson learned\" per le attivit future.','Cybersecurity framework nazionale','RC'),(24,'Communications','Le attivit di ripristino a seguito di un incidente sono coordinate con le parti interne ed esterne (es. le vittime, gli ISP, i proprietari dei sistemi attaccati, i vendor, i CERT/CSIRT).','Cybersecurity framework nazionale','RC');
/*!40000 ALTER TABLE `parsingbpmn_category` ENABLE KEYS */;
UNLOCK TABLES;

--
-- Table structure for table `parsingbpmn_context`
--

DROP TABLE IF EXISTS `parsingbpmn_context`;
/*!40101 SET @saved_cs_client     = @@character_set_client */;
/*!40101 SET character_set_client = utf8 */;
CREATE TABLE `parsingbpmn_context` (
  `id` int(11) NOT NULL AUTO_INCREMENT,
  `name` varchar(100) NOT NULL,
  PRIMARY KEY (`id`)
) ENGINE=InnoDB AUTO_INCREMENT=9 DEFAULT CHARSET=utf8mb4;
/*!40101 SET character_set_client = @saved_cs_client */;

--
-- Dumping data for table `parsingbpmn_context`
--

LOCK TABLES `parsingbpmn_context` WRITE;
/*!40000 ALTER TABLE `parsingbpmn_context` DISABLE KEYS */;
INSERT INTO `parsingbpmn_context` VALUES (2,'Contestualizzazione Comune di Marsciano'),(3,'Contestualizzazione GDPR'),(5,'Contestualizzazione per PA');
/*!40000 ALTER TABLE `parsingbpmn_context` ENABLE KEYS */;
UNLOCK TABLES;

--
-- Table structure for table `parsingbpmn_contextualization`
--

DROP TABLE IF EXISTS `parsingbpmn_contextualization`;
/*!40101 SET @saved_cs_client     = @@character_set_client */;
/*!40101 SET character_set_client = utf8 */;
CREATE TABLE `parsingbpmn_contextualization` (
  `id` int(11) NOT NULL AUTO_INCREMENT,
  `priority` varchar(100) NOT NULL,
  `context_id` int(11) NOT NULL,
  `subcategory_id` int(11) NOT NULL,
  PRIMARY KEY (`id`),
  KEY `parsingbpmn_contextu_subcategory_id_a6af2485_fk_parsingbp` (`subcategory_id`),
  KEY `parsingbpmn_contextu_context_id_9b29b8c3_fk_parsingbp` (`context_id`),
  CONSTRAINT `parsingbpmn_contextu_context_id_9b29b8c3_fk_parsingbp` FOREIGN KEY (`context_id`) REFERENCES `parsingbpmn_context` (`id`),
  CONSTRAINT `parsingbpmn_contextu_subcategory_id_a6af2485_fk_parsingbp` FOREIGN KEY (`subcategory_id`) REFERENCES `parsingbpmn_subcategory` (`id`)
) ENGINE=InnoDB AUTO_INCREMENT=432 DEFAULT CHARSET=utf8mb4;
/*!40101 SET character_set_client = @saved_cs_client */;

--
-- Dumping data for table `parsingbpmn_contextualization`
--

LOCK TABLES `parsingbpmn_contextualization` WRITE;
/*!40000 ALTER TABLE `parsingbpmn_contextualization` DISABLE KEYS */;
INSERT INTO `parsingbpmn_contextualization` VALUES (1,'Alta',2,1),(95,'Alta',2,2),(96,'Alta',2,3),(97,'Bassa',2,4),(98,'Alta',2,5),(99,'Alta',2,6),(100,'Media',2,11),(101,'Bassa',2,12),(102,'Bassa',2,13),(103,'Media',2,14),(104,'Media',2,15),(105,'Media',2,16),(106,'Bassa',2,17),(107,'Alta',2,18),(108,'Media',2,19),(109,'Bassa',2,20),(110,'Alta',2,21),(111,'Alta',2,22),(112,'Media',2,23),(113,'Bassa',2,25),(114,'Bassa',2,26),(115,'Bassa',2,27),(116,'Alta',2,38),(117,'Alta',2,39),(118,'Alta',2,40),(119,'Alta',2,41),(120,'Bassa',2,42),(121,'Alta',2,45),(122,'Alta',2,46),(123,'Bassa',2,47),(124,'Bassa',2,48),(125,'Media',2,49),(126,'Bassa',2,50),(127,'Media',2,51),(128,'Bassa',2,52),(129,'Bassa',2,53),(130,'Alta',2,54),(131,'Alta',2,55),(132,'Alta',2,58),(133,'alta',2,59),(134,'Media',2,60),(135,'Alta',2,61),(136,'Alta',2,62),(137,'Bassa',2,63),(138,'Bassa',2,64),(139,'Bassa',2,65),(140,'Alta',2,66),(141,'Media',2,67),(142,'Media',2,68),(143,'Alta',2,69),(144,'Alta',2,70),(145,'Alta',2,71),(146,'Media',2,72),(147,'Alta',2,73),(148,'Alta',2,74),(149,'Media',2,75),(150,'Media',2,77),(151,'Media',2,78),(152,'Bassa',2,80),(153,'Media',2,81),(154,'Alta',2,82),(155,'Alta',2,84),(156,'Alta',2,85),(157,'Alta',2,86),(158,'Bassa',2,87),(159,'Alta',2,88),(160,'Alta',2,89),(161,'Media',2,90),(162,'Bassa',2,91),(163,'Bassa',2,92),(164,'Bassa',2,93),(165,'Bassa',2,94),(166,'Media',2,95),(167,'Media',2,96),(168,'Bassa',2,97),(169,'Bassa',2,98),(170,'Bassa',2,99),(171,'Bassa',2,100),(172,'Media',2,102),(173,'Bassa',2,103),(174,'Bassa',2,104),(175,'Bassa',2,105),(176,'Media',2,107),(177,'Bassa',2,108),(178,'Alta',2,109),(179,'Media',2,110),(180,'Media',2,111),(181,'Alta',2,112),(182,'Bassa',2,113),(183,'Media',2,114),(184,'Bassa',2,115),(185,'Bassa',2,116),(186,'Bassa',2,117),(187,'Alta',3,7),(188,'Alta',3,8),(189,'Alta',3,16),(190,'Alta',3,24),(191,'Media',3,33),(192,'Alta',3,34),(193,'Alta',3,35),(194,'Alta',3,36),(195,'Alta',3,37),(196,'Alta',3,38),(197,'Alta',3,39),(198,'Alta',3,40),(199,'Alta',3,41),(200,'Alta',3,42),(201,'Alta',3,43),(202,'Alta',3,44),(203,'Alta',3,50),(204,'Alta',3,51),(205,'Alta',3,52),(206,'Media',3,53),(207,'Alta',3,54),(208,'Alta',3,55),(209,'Bassa',3,57),(210,'Bassa',3,59),(211,'Media',3,60),(212,'Alta',3,61),(213,'Media',3,62),(214,'Alta',3,63),(215,'Media',3,64),(216,'Bassa',3,65),(217,'Alta',3,66),(218,'Media',3,67),(219,'Media',3,68),(220,'Alta',3,69),(221,'Media',3,72),(222,'Alta',3,73),(223,'Media',3,74),(224,'Alta',3,75),(225,'Alta',3,76),(226,'Alta',3,95),(227,'Alta',3,101),(228,'Alta',5,1),(229,'Alta',5,2),(230,'Alta',5,3),(231,'Alta',5,5),(232,'Alta',5,6),(233,'Bassa',5,12),(234,'Bassa',5,13),(235,'Bassa',5,14),(236,'Bassa',5,15),(237,'Alta',5,16),(238,'Media',5,17),(239,'Alta',5,18),(240,'Media',5,19),(241,'Alta',5,21),(242,'Alta',5,22),(243,'Alta',5,38),(244,'Alta',5,39),(245,'Alta',5,40),(246,'Alta',5,41),(247,'Bassa',5,42),(248,'Bassa',5,43),(249,'Bassa',5,44),(250,'Alta',5,45),(251,'Alta',5,46),(252,'Bassa',5,47),(253,'Media',5,48),(254,'Media',5,49),(255,'Media',5,50),(256,'Bassa',5,51),(257,'Media',5,53),(258,'Media',5,54),(259,'Alta',5,55),(260,'Media',5,56),(261,'Alta',5,58),(262,'Bassa',5,59),(263,'Media',5,60),(264,'Alta',5,61),(265,'Bassa',5,62),(266,'Bassa',5,63),(267,'Bassa',5,64),(268,'Media',5,66),(269,'Media',5,68),(270,'Alta',5,69),(271,'Alta',5,70),(272,'Alta',5,71),(273,'Media',5,72),(274,'Media',5,73),(275,'Media',5,74),(276,'Alta',5,75),(277,'Media',5,77),(278,'Media',5,78),(279,'Media',5,79),(280,'Media',5,80),(281,'Bassa',5,81),(282,'Alta',5,82),(283,'Media',5,83),(284,'Bassa',5,84),(285,'Alta',5,85),(286,'Alta',5,86),(287,'Bassa',5,87),(288,'Alta',5,88),(289,'Alta',5,89),(290,'Media',5,90),(291,'Bassa',5,93),(292,'Media',5,94),(293,'Bassa',5,95),(294,'Bassa',5,96),(295,'Bassa',5,97),(296,'Bassa',5,98),(297,'Bassa',5,99),(298,'Media',5,100),(299,'Bassa',5,102),(300,'Bassa',5,103),(301,'Bassa',5,105),(302,'Bassa',5,106),(303,'Alta',5,107),(304,'Alta',5,108),(305,'Alta',5,109),(306,'Bassa',5,110),(307,'Alta',5,112),(308,'Bassa',5,113),(309,'Bassa',5,115),(310,'Bassa',5,116),(311,'Bassa',5,117);
/*!40000 ALTER TABLE `parsingbpmn_contextualization` ENABLE KEYS */;
UNLOCK TABLES;

--
-- Table structure for table `parsingbpmn_contextualization_has_maturity_levels`
--

DROP TABLE IF EXISTS `parsingbpmn_contextualization_has_maturity_levels`;
/*!40101 SET @saved_cs_client     = @@character_set_client */;
/*!40101 SET character_set_client = utf8 */;
CREATE TABLE `parsingbpmn_contextualization_has_maturity_levels` (
  `id` int(11) NOT NULL AUTO_INCREMENT,
  `maturity_level_id` int(11) NOT NULL,
  `subcategory_contextualization_id` int(11) NOT NULL,
  PRIMARY KEY (`id`),
  KEY `parsingbpmn_contextu_maturity_level_id_38ed6f6f_fk_parsingbp` (`maturity_level_id`),
  KEY `parsingbpmn_contextu_subcategory_contextu_4c8dfe61_fk_parsingbp` (`subcategory_contextualization_id`),
  CONSTRAINT `parsingbpmn_contextu_maturity_level_id_38ed6f6f_fk_parsingbp` FOREIGN KEY (`maturity_level_id`) REFERENCES `parsingbpmn_maturity_level` (`id`),
  CONSTRAINT `parsingbpmn_contextu_subcategory_contextu_4c8dfe61_fk_parsingbp` FOREIGN KEY (`subcategory_contextualization_id`) REFERENCES `parsingbpmn_contextualization` (`id`)
) ENGINE=InnoDB AUTO_INCREMENT=1350 DEFAULT CHARSET=utf8mb4;
/*!40101 SET character_set_client = @saved_cs_client */;

--
-- Dumping data for table `parsingbpmn_contextualization_has_maturity_levels`
--

LOCK TABLES `parsingbpmn_contextualization_has_maturity_levels` WRITE;
/*!40000 ALTER TABLE `parsingbpmn_contextualization_has_maturity_levels` DISABLE KEYS */;
INSERT INTO `parsingbpmn_contextualization_has_maturity_levels` VALUES (2,3,1),(3,4,1),(4,5,1),(339,3,95),(340,4,95),(341,5,95),(343,3,96),(344,4,96),(345,5,96),(347,3,97),(348,4,97),(349,5,97),(351,3,98),(352,4,98),(353,5,98),(355,3,99),(356,4,99),(357,5,99),(359,3,100),(360,4,100),(361,5,100),(363,3,101),(364,4,101),(365,5,101),(367,3,102),(368,4,102),(369,5,102),(371,3,103),(372,4,103),(373,5,103),(375,3,104),(376,4,104),(377,5,104),(379,3,105),(380,4,105),(381,5,105),(383,3,106),(384,4,106),(385,5,106),(387,3,107),(388,4,107),(389,5,107),(391,3,108),(392,4,108),(393,5,108),(395,3,109),(396,4,109),(397,5,109),(399,3,110),(400,4,110),(401,5,110),(403,3,111),(404,4,111),(405,5,111),(407,3,112),(408,4,112),(409,5,112),(411,3,113),(412,4,113),(413,5,113),(415,3,114),(416,4,114),(417,5,114),(419,3,115),(420,4,115),(421,5,115),(423,3,116),(424,4,116),(425,5,116),(427,3,117),(428,4,117),(429,5,117),(431,3,118),(432,4,118),(433,5,118),(435,3,119),(436,4,119),(437,5,119),(439,3,120),(440,4,120),(441,5,120),(443,3,121),(444,4,121),(445,5,121),(447,3,122),(448,4,122),(449,5,122),(451,3,123),(452,4,123),(453,5,123),(455,3,124),(456,4,124),(457,5,124),(459,3,125),(460,4,125),(461,5,125),(463,3,126),(464,4,126),(465,5,126),(467,3,127),(468,4,127),(469,5,127),(471,3,128),(472,4,128),(473,5,128),(475,3,129),(476,4,129),(477,5,129),(479,3,130),(480,4,130),(481,5,130),(483,3,131),(484,4,131),(485,5,131),(487,3,132),(488,4,132),(489,5,132),(491,3,133),(492,4,133),(493,5,133),(495,3,134),(496,4,134),(497,5,134),(499,3,135),(500,4,135),(501,5,135),(503,3,136),(504,4,136),(505,5,136),(507,3,137),(508,4,137),(509,5,137),(511,3,138),(512,4,138),(513,5,138),(515,3,139),(516,4,139),(517,5,139),(519,3,140),(520,4,140),(521,5,140),(523,3,141),(524,4,141),(525,5,141),(527,3,142),(528,4,142),(529,5,142),(531,3,143),(532,4,143),(533,5,143),(535,3,144),(536,4,144),(537,5,144),(539,3,145),(540,4,145),(541,5,145),(543,3,146),(544,4,146),(545,5,146),(547,3,147),(548,4,147),(549,5,147),(551,3,148),(552,4,148),(553,5,148),(555,3,149),(556,4,149),(557,5,149),(559,3,150),(560,4,150),(561,5,150),(563,3,151),(564,4,151),(565,5,151),(567,3,152),(568,4,152),(569,5,152),(571,3,153),(572,4,153),(573,5,153),(575,3,154),(576,4,154),(577,5,154),(579,3,155),(580,4,155),(581,5,155),(583,3,156),(584,4,156),(585,5,156),(587,3,157),(588,4,157),(589,5,157),(591,3,158),(592,4,158),(593,5,158),(595,3,159),(596,4,159),(597,5,159),(599,3,160),(600,4,160),(601,5,160),(603,3,161),(604,4,161),(605,5,161),(607,3,162),(608,4,162),(609,5,162),(611,3,163),(612,4,163),(613,5,163),(615,3,164),(616,4,164),(617,5,164),(619,3,165),(620,4,165),(621,5,165),(623,3,166),(624,4,166),(625,5,166),(627,3,167),(628,4,167),(629,5,167),(631,3,168),(632,4,168),(633,5,168),(635,3,169),(636,4,169),(637,5,169),(639,3,170),(640,4,170),(641,5,170),(643,3,171),(644,4,171),(645,5,171),(647,3,172),(648,4,172),(649,5,172),(651,3,173),(652,4,173),(653,5,173),(655,3,174),(656,4,174),(657,5,174),(659,3,175),(660,4,175),(661,5,175),(663,3,176),(664,4,176),(665,5,176),(667,3,177),(668,4,177),(669,5,177),(671,3,178),(672,4,178),(673,5,178),(675,3,179),(676,4,179),(677,5,179),(679,3,180),(680,4,180),(681,5,180),(683,3,181),(684,4,181),(685,5,181),(687,3,182),(688,4,182),(689,5,182),(691,3,183),(692,4,183),(693,5,183),(695,3,184),(696,4,184),(697,5,184),(699,3,185),(700,4,185),(701,5,185),(703,3,186),(704,4,186),(705,5,186),(706,3,187),(707,3,188),(708,3,189),(709,3,190),(710,3,191),(711,3,192),(712,3,193),(713,3,194),(714,3,195),(715,3,196),(716,3,197),(717,3,198),(718,3,199),(719,3,200),(720,3,201),(721,3,202),(722,3,203),(723,3,204),(724,3,205),(725,3,206),(726,3,207),(727,3,208),(728,3,209),(729,3,210),(730,3,211),(731,3,212),(732,3,213),(733,3,214),(734,3,215),(735,3,216),(736,3,217),(737,3,218),(738,3,219),(739,3,220),(740,3,221),(741,3,222),(742,3,223),(743,3,224),(744,3,225),(745,3,226),(746,3,227),(747,3,228),(748,4,228),(749,5,228),(750,3,229),(751,4,229),(752,5,229),(753,3,230),(754,4,230),(755,5,230),(756,3,231),(757,4,231),(758,5,231),(759,3,232),(760,4,232),(761,5,232),(763,3,233),(764,4,233),(765,5,233),(767,3,234),(768,4,234),(769,5,234),(771,3,235),(772,4,235),(773,5,235),(775,3,236),(776,4,236),(777,5,236),(778,3,237),(779,4,237),(780,5,237),(782,3,238),(783,4,238),(784,5,238),(785,3,239),(786,4,239),(787,5,239),(789,3,240),(790,4,240),(791,5,240),(792,3,241),(793,4,241),(794,5,241),(795,3,242),(796,4,242),(797,5,242),(798,3,243),(799,4,243),(800,5,243),(801,3,244),(802,4,244),(803,5,244),(804,3,245),(805,4,245),(806,5,245),(807,3,246),(808,4,246),(809,5,246),(811,3,247),(812,4,247),(813,5,247),(815,3,248),(816,4,248),(817,5,248),(819,3,249),(820,4,249),(821,5,249),(822,3,250),(823,4,250),(824,5,250),(825,3,251),(826,4,251),(827,5,251),(829,3,252),(830,4,252),(831,5,252),(833,3,253),(834,4,253),(835,5,253),(837,3,254),(838,4,254),(839,5,254),(841,3,255),(842,4,255),(843,5,255),(845,3,256),(846,4,256),(847,5,256),(849,3,257),(850,4,257),(851,5,257),(853,3,258),(854,4,258),(855,5,258),(856,3,259),(857,4,259),(858,5,259),(860,3,260),(861,4,260),(862,5,260),(863,3,261),(864,4,261),(865,5,261),(867,3,262),(868,4,262),(869,5,262),(871,3,263),(872,4,263),(873,5,263),(874,3,264),(875,4,264),(876,5,264),(878,3,265),(879,4,265),(880,5,265),(882,3,266),(883,4,266),(884,5,266),(886,3,267),(887,4,267),(888,5,267),(890,3,268),(891,4,268),(892,5,268),(894,3,269),(895,4,269),(896,5,269),(897,3,270),(898,4,270),(899,5,270),(900,3,271),(901,4,271),(902,5,271),(903,3,272),(904,4,272),(905,5,272),(907,3,273),(908,4,273),(909,5,273),(911,3,274),(912,4,274),(913,5,274),(915,3,275),(916,4,275),(917,5,275),(918,3,276),(919,4,276),(920,5,276),(922,3,277),(923,4,277),(924,5,277),(926,3,278),(927,4,278),(928,5,278),(930,3,279),(931,4,279),(932,5,279),(934,3,280),(935,4,280),(936,5,280),(938,3,281),(939,4,281),(940,5,281),(941,3,282),(942,4,282),(943,5,282),(945,3,283),(946,4,283),(947,5,283),(949,3,284),(950,4,284),(951,5,284),(952,3,285),(953,4,285),(954,5,285),(955,3,286),(956,4,286),(957,5,286),(959,3,287),(960,4,287),(961,5,287),(962,3,288),(963,4,288),(964,5,288),(965,3,289),(966,4,289),(967,5,289),(969,3,290),(970,4,290),(971,5,290),(973,3,291),(974,4,291),(975,5,291),(977,3,292),(978,4,292),(979,5,292),(981,3,293),(982,4,293),(983,5,293),(985,3,294),(986,4,294),(987,5,294),(989,3,295),(990,4,295),(991,5,295),(993,3,296),(994,4,296),(995,5,296),(997,3,297),(998,4,297),(999,5,297),(1001,3,298),(1002,4,298),(1003,5,298),(1005,3,299),(1006,4,299),(1007,5,299),(1009,3,300),(1010,4,300),(1011,5,300),(1013,3,301),(1014,4,301),(1015,5,301),(1017,3,302),(1018,4,302),(1019,5,302),(1020,3,303),(1021,4,303),(1022,5,303),(1023,3,304),(1024,4,304),(1025,5,304),(1026,3,305),(1027,4,305),(1028,5,305),(1030,3,306),(1031,4,306),(1032,5,306),(1033,3,307),(1034,4,307),(1035,5,307),(1037,3,308),(1038,4,308),(1039,5,308),(1041,3,309),(1042,4,309),(1043,5,309),(1045,3,310),(1046,4,310),(1047,5,310),(1049,3,311),(1050,4,311),(1051,5,311);
/*!40000 ALTER TABLE `parsingbpmn_contextualization_has_maturity_levels` ENABLE KEYS */;
UNLOCK TABLES;

--
-- Table structure for table `parsingbpmn_control`
--

DROP TABLE IF EXISTS `parsingbpmn_control`;
/*!40101 SET @saved_cs_client     = @@character_set_client */;
/*!40101 SET character_set_client = utf8 */;
CREATE TABLE `parsingbpmn_control` (
  `id` int(11) NOT NULL AUTO_INCREMENT,
  `name` varchar(100) NOT NULL,
  `description` varchar(500) NOT NULL,
  `family_id` int(11) DEFAULT NULL,
  `maturity_level` varchar(100) NOT NULL,
  PRIMARY KEY (`id`),
  KEY `parsingbpmn_control_family_id_45a3a823_fk_parsingbpmn_family_id` (`family_id`),
  CONSTRAINT `parsingbpmn_control_family_id_45a3a823_fk_parsingbpmn_family_id` FOREIGN KEY (`family_id`) REFERENCES `parsingbpmn_family` (`id`)
) ENGINE=InnoDB AUTO_INCREMENT=1264 DEFAULT CHARSET=utf8mb4;
/*!40101 SET character_set_client = @saved_cs_client */;

--
-- Dumping data for table `parsingbpmn_control`
--

LOCK TABLES `parsingbpmn_control` WRITE;
/*!40000 ALTER TABLE `parsingbpmn_control` DISABLE KEYS */;
INSERT INTO `parsingbpmn_control` VALUES (21,'ABSC 1.1.1','Implementare un inventario delle risorse attive correlato a quello ABSC 1.4',3,'Minimo'),(22,'ABSC 1.1.2','Implementare ABSC 1.1.1 attraverso uno strumento automatico',3,'Standard'),(23,'ABSC 1.1.3','Effettuare il discovery dei dispositivi collegati alla rete con allarmi in caso di anomalie.',3,'Avanzato'),(24,'ABSC 1.1.4','Qualificare i sistemi connessi alla rete attraverso l\'analisi del loro traffico.',3,'Avanzato'),(25,'ABSC 1.2.1','Implementare il \"logging\" delle operazione del server DHCP.',3,'Standard'),(26,'ABSC 1.2.2','Utilizzare le informazioni ricavate dal \"logging\" DHCP per migliorare l\'inventario delle risorse e identificare le risorse non ancora censite.',3,'Standard'),(27,'ABSC 1.3.1','Aggiornare l\'inventario quando nuovi dispositivi approvati vengono collegati in rete.',3,'Minimo'),(28,'ABSC 1.3.2','Aggiornare l\'inventario con uno strumento automatico quando nuovi dispositivi approvati vengono collegati in rete.',3,'Standard'),(29,'ABSC 1.4.1','Gestire l\'inventario delle risorse di tutti i sistemi collegati alla rete e dei dispositivi di rete stessi, registrando almeno l\'indirizzo IP.',3,'Minimo'),(30,'ABSC 1.4.2','Per tutti i dispositivi che possiedono un indirizzo IP l\'inventario deve indicare i nomi delle macchine, la funzione del sistema, un titolare responsabile della risorsa e l\'ufficio associato. L\'inventario delle risorse creato deve inoltre includere informazioni sul fatto che il dispositivo sia portatile e/o personale.',3,'Standard'),(31,'ABSC 1.4.3','Dispositivi come telefoni cellulari, tablet, laptop e altri dispositivi elettronici portatili che memorizzano o elaborano dati devono essere identificati, a prescindere che siano collegati o meno alla rete dell\'organizzazione.',3,'Avanzato'),(32,'ABSC 1.5.1','Installare un\'autenticazione a livello di rete via 802.1x per limitare e controllare quali dispositivi possono essere connessi alla rete. L\'802.1x deve essere correlato ai dati dell\'inventario per distinguere i sistemi autorizzati da quelli non autorizzati.',3,'Avanzato'),(33,'ABSC 1.6.1','Utilizzare i certificati lato client per validare e autenticare i sistemi prima della connessione a una rete locale.',3,'Avanzato'),(34,'ABSC 2.1.1','Stilare un elenco di software autorizzati e relative versioni necessari per ciascun tipo di sistema, compresi server, workstation e laptop di vari tipi e per diversi usi. Non consentire l\'installazione di software non compreso nell\'elenco.',4,'Minimo'),(35,'ABSC 2.2.1','Implementare una \"whitelist\" delle applicazioni autorizzate, bloccando l\'esecuzione del software non incluso nella lista. La \"whitelist\" pu essere molto ampia per includere i software pi diffusi.',4,'Standard'),(36,'ABSC 2.2.2','Per sistemi con funzioni specifiche (che richiedono solo un piccolo numero di programmi per funzionare), la \"whitelist\" pu essere pi mirata. Quando si proteggono i sistemi con software personalizzati che pu essere difficile inserire nella \"whitelist\", ricorrere al punto ABSC 2.4.1 (isolando il software personalizzato in un sistema operativo virtuale).',4,'Standard'),(37,'ABSC 2.2.3','Utilizzare strumenti di verifica dell\'integrit dei file per verificare che le applicazioni nella \"whitelist\" non siano state modificate.',4,'Avanzato'),(38,'ABSC 2.3.1','Eseguire regolari scansioni sui sistemi al fine di rilevare la presenza di software non autorizzato.',4,'Minimo'),(39,'ABSC 2.3.2','Mantenere un inventario del software in tutta l\'organizzazione che copra tutti i tipi di sistemi operativi in uso, compresi server, workstation e laptop.',4,'Standard'),(40,'ABSC 2.3.3','Installare strumenti automatici d\'inventario del software che registrino anche la versione del sistema operativo utilizzato nonch le applicazioni installate, le varie versioni ed il livello di patch.',4,'Avanzato'),(41,'ABSC 2.4.1','Utilizzare macchine virtuali e/o sistemi air-gapped per isolare ed eseguire applicazioni necessarie per operazioni strategiche o critiche dell\'Ente, che a causa dell\'elevato rischio non devono essere installate in ambienti direttamente collegati in rete ',4,'Avanzato'),(42,'ABSC 3.1.1','Utilizzare configurazioni sicure standard per la protezione dei sistemi operativi.',5,'Minimo'),(43,'ABSC 3.1.2','Le configurazioni sicure standard  devono corrispondere alle versioni \"hardened\" del sistema operativo e delle applicazioni installate. La procedura di hardening comprende tipicamente: eliminazione degli account non necessari (compresi gli account di servizio), disattivazione o eliminazione dei servizi non necessari, configurazione di stack e heaps non eseguibili, applicazione di patch, chiusura di porte di rete aperte e non utilizzate.',5,'Standard'),(44,'ABSC 3.1.3','Assicurare con regolarit la validazione e l\'aggiornamento delle immagini d\'installazione nella loro configurazione di sicurezza anche in considerazione delle pi recenti vulnerabilit e vettori di attacco.',5,'Standard'),(45,'ABSC 3.2.1','Definire ed impiegare una configurazione standard per workstation, server e altri tipi di sistemi usati dall\'organizzazione. ',5,'Minimo'),(46,'ABSC 3.2.2','Eventuali sistemi in esercizio che vengano compromessi devono essere ripristinati utilizzando la configurazione standard.',5,'Minimo'),(47,'ABSC 3.2.3','Le modifiche alla configurazione standard devono effettuate secondo le procedure di gestione dei cambiamenti.',5,'Standard'),(48,'ABSC 3.3.1','Le immagini d\'installazione devono essere memorizzate offline.',5,'Minimo'),(49,'ABSC 3.3.2','Le immagini d\'installazione sono conservate in modalit protetta, garantendone l\'integrit e la disponibilit solo agli utenti autorizzati.',5,'Standard'),(50,'ABSC 3.4.1','Eseguire tutte le operazioni di amministrazione remota di server, workstation, dispositivi di rete e analoghe apparecchiature per mezzo di connessioni protette (protocolli intrinsecamente sicuri, ovvero su canali sicuri)',5,'Minimo'),(51,'ABSC 3.5.1','Utilizzare strumenti di verifica dell\'integrit dei file per assicurare che i file critici del sistema (compresi eseguibili di sistema e delle applicazioni sensibili, librerie e configurazioni) non siano stati alterati.',5,'Standard'),(52,'ABSC 3.5.2','Nel caso in cui la verifica di cui al punto precedente venga eseguita da uno strumento automatico, per qualunque alterazione di tali file deve essere generato un alert',5,'Avanzato'),(53,'ABSC 3.5.3','Per il supporto alle analisi, il sistema di segnalazione deve essere in grado di mostrare la cronologia dei cambiamenti della configurazione nel tempo e identificare chi ha eseguito ciascuna modifica.',5,'Avanzato'),(54,'ABSC 3.5.4','I controlli di integrit devono inoltre identificare le alterazioni sospette del sistema, delle variazioni dei permessi di file e cartelle.',5,'Avanzato'),(55,'ABSC 3.6.1','Utilizzare un sistema centralizzato di controllo automatico delle configurazioni che consenta di rilevare e segnalare le modifiche non autorizzate.',5,'Avanzato'),(56,'ABSC 3.7.1','Utilizzare strumenti di gestione della configurazione dei sistemi che consentano il ripristino delle impostazioni di configurazione standard.',5,'Avanzato'),(57,'ABSC 4.1.1','Ad ogni modifica significativa della configurazione eseguire la ricerca delle vulnerabilit su tutti i sistemi in rete con strumenti automatici che forniscano a ciascun amministratore di sistema report con indicazioni delle vulnerabilit pi critiche.',6,'Minimo'),(58,'ABSC 4.1.2','Eseguire periodicamente la ricerca delle vulnerabilit ABSC 4.1.1 con frequenza commisurata alla complessit dell\'infrastruttura.',6,'Standard'),(59,'ABSC 4.1.3','Usare uno SCAP (Security Content Automation Protocol) di validazione della vulnerabilit che rilevi sia le vulnerabilit basate sul codice (come quelle descritte dalle voci Common Vulnerabilities ed Exposures) che quelle basate sulla configurazione (come elencate nel Common Configuration Enumeration Project).',6,'Avanzato'),(60,'ABSC 4.2.1','Correlare i log di sistema con le informazioni ottenute dalle scansioni delle vulnerabilit.',6,'Standard'),(61,'ABSC 4.2.2','Verificare che i log registrino le attivit dei sistemi di scanning delle vulnerabilit',6,'Standard'),(62,'ABSC 4.2.3','Verificare nei log la presenza di attacchi pregressi condotti contro target riconosciuto come vulnerabile.',6,'Standard'),(63,'ABSC 4.3.1','Eseguire le scansioni di vulnerabilit in modalit privilegiata, sia localmente, sia da remoto, utilizzando un account dedicato che non deve essere usato per nessun\'altra attivit di amministrazione.',6,'Standard'),(64,'ABSC 4.3.2','Vincolare l\'origine delle scansioni di vulnerabilit a specifiche macchine o indirizzi IP, assicurando che solo il personale autorizzato abbia accesso a tale interfaccia e la utilizzi propriamente.',6,'Standard'),(65,'ABSC 4.4.1','Assicurare che gli strumenti di scansione delle vulnerabilit utilizzati siano regolarmente aggiornati con tutte le pi rilevanti vulnerabilit di sicurezza.',6,'Minimo'),(66,'ABSC 4.4.2','Registrarsi ad un servizio che fornisca tempestivamente le informazioni sulle nuove minacce e vulnerabilit. Utilizzandole per aggiornare le attivit di scansione',6,'Standard'),(67,'ABSC 4.5.1','Installare automaticamente le patch e gli aggiornamenti del software sia per il sistema operativo sia per le applicazioni.',6,'Minimo'),(68,'ABSC 4.5.2','Assicurare l\'aggiornamento dei sistemi separati dalla rete, in particolare di quelli air-gapped, adottando misure adeguate al loro livello di criticit.',6,'Minimo'),(69,'ABSC 4.6.1','Verificare regolarmente che tutte le attivit di scansione effettuate con gli account aventi privilegi di amministratore siano state eseguite secondo delle policy predefinite.',6,'Standard'),(70,'ABSC 4.7.1','Verificare che le vulnerabilit emerse dalle scansioni siano state risolte sia per mezzo di patch, o implementando opportune contromisure oppure documentando e accettando un ragionevole rischio.',6,'Minimo'),(71,'ABSC 4.7.2','Rivedere periodicamente l\'accettazione dei rischi di vulnerabilit esistenti per determinare se misure pi recenti o successive patch possono essere risolutive o se le condizioni sono cambiate, con la conseguente modifica del livello di rischio.',6,'Standard'),(72,'ABSC 4.8.1','Definire un piano di gestione dei rischi che tenga conto dei livelli di gravit delle vulnerabilit , del potenziale impatto e della tipologia degli apparati (e.g. server esposti, server interni, PdL, portatili, etc.).',6,'Minimo'),(73,'ABSC 4.8.2','Attribuire alle azioni per la risoluzione delle vulnerabilit un livello di priorit in base al rischio associato.  In particolare applicare le patch per le vulnerabilit a partire da quelle pi critiche.',6,'Minimo'),(74,'ABSC 4.9.1','Prevedere, in caso di nuove vulnerabilit, misure alternative se non sono immediatamente disponibili patch o se i tempi di distribuzione non sono compatibili con quelli fissati dall\'organizzazione.',6,'Standard'),(75,'ABSC 4.10.1','Valutare in un opportuno ambiente di test le patch dei prodotti non standard (es.: quelli sviluppati ad hoc) prima di installarle nei sistemi in esercizio.',6,'Standard'),(76,'ABSC 5.1.1','Limitare i privilegi di amministrazione ai soli utenti che abbiano le competenze adeguate e la necessit operativa di modificare la configurazione dei sistemi. ',7,'Minimo'),(77,'ABSC 5.1.2','Utilizzare le utenze amministrative solo per effettuare operazioni che ne richiedano i privilegi, registrando ogni accesso effettuato.',7,'Minimo'),(78,'ABSC 5.1.3','Assegnare a ciascuna utenza amministrativa solo i privilegi necessari per svolgere le attivit previste per essa.',7,'Standard'),(79,'ABSC 5.1.4','Assegnare a ciascuna utenza amministrativa solo i privilegi necessari per svolgere le attivit previste per essa.',7,'Avanzato'),(80,'ABSC 5.2.1','Mantenere l\'inventario di tutte le utenze amministrative, garantendo che ciascuna di esse sia debitamente e formalmente autorizzata',7,'Minimo'),(81,'ABSC 5.2.2','Gestire l\'inventario delle utenze amministrative attraverso uno strumento automatico che segnali ogni variazione che intervenga.',7,'Avanzato'),(82,'ABSC 5.3.1','Prima di collegare alla rete un nuovo dispositivo sostituire le credenziali dell\'amministratore predefinito con valori coerenti con quelli delle utenze amministrative in uso.',7,'Minimo'),(83,'ABSC 5.4.1','Prima di collegare alla rete un nuovo dispositivo sostituire le credenziali dell\'amministratore predefinito con valori coerenti con quelli delle utenze amministrative in uso.',7,'Standard'),(84,'ABSC 5.4.2','Generare un\'allerta quando viene aggiunta un\'utenza amministrativa.',7,'Standard'),(85,'ABSC 5.4.3','Generare un\'allerta quando vengano aumentati i diritti di un\'utenza amministrativa.',7,'Standard'),(86,'ABSC 5.5.1','Tracciare nei log i tentativi falliti di accesso con un\'utenza amministrativa',7,'Standard'),(87,'ABSC 5.6.1','Utilizzare sistemi di autenticazione a pi fattori per tutti gli accessi amministrativi, inclusi gli accessi di amministrazione di dominio. L\'autenticazione a pi fattori pu utilizzare diverse tecnologie, quali smart card, certificati digitali, one time password (OTP), token, biometria ed altri analoghi sistemi.',7,'Avanzato'),(88,'ABSC 5.7.1','Quando l\'autenticazione a pi fattori non  supportata, utilizzare per le utenze amministrative credenziali di elevata robustezza (e.g. almeno 14 caratteri).',7,'Minimo'),(89,'ABSC 5.7.2','Impedire che per le utenze amministrative vengano utilizzate credenziali deboli.',7,'Standard'),(90,'ABSC 5.7.3','Assicurare che le credenziali delle utenze amministrative vengano sostituite con sufficiente frequenza (password aging).',7,'Minimo'),(91,'ABSC 5.7.4','Impedire che credenziali gi utilizzate possano essere riutilizzate a breve distanza di tempo (password history).',7,'Minimo'),(92,'ABSC 5.7.5','Assicurare che dopo la modifica delle credenziali trascorra un sufficiente lasso di tempo per poterne effettuare una nuova',7,'Standard'),(93,'ABSC 5.7.6','Assicurare che le stesse credenziali amministrative non possano essere riutilizzate prima di sei mesi.',7,'Standard'),(94,'ABSC 5.8.1','Non consentire l\'accesso diretto ai sistemi con le utenze amministrative, obbligando gli amministratori ad accedere con un\'utenza normale e successivamente eseguire come utente privilegiato i singoli comandi.',7,'Standard'),(95,'ABSC 5.9.1','Per le operazioni che richiedono privilegi gli amministratori debbono utilizzare macchine dedicate, collocate su una rete logicamente dedicata, isolata rispetto a Internet. Tali macchine non possono essere utilizzate per altre attivit',7,'Standard'),(96,'ABSC 5.10.1','Assicurare la completa distinzione tra utenze privilegiate e non privilegiate degli amministratori, alle quali debbono corrispondere credenziali diverse.',7,'Minimo'),(97,'ABSC 5.10.2','Tutte le utenze, in particolare quelle amministrative, debbono essere nominative e riconducibili ad una sola persona.',7,'Minimo'),(98,'ABSC 5.10.3','Le utenze amministrative anonime, quali \"root\" di UNIX o \"Administrator\" di Windows, debbono essere utilizzate solo per le situazioni di emergenza e le relative credenziali debbono essere gestite in modo da assicurare l\'imputabilit di chi ne fa uso.',7,'Minimo'),(99,'ABSC 5.10.4','Evitare l\'uso di utenze amministrative locali per le macchine quando sono disponibili utenze amministrative di livello pi elevato (e.g. dominio).',7,'Standard'),(100,'ABSC 5.11.1','Conservare le credenziali amministrative in modo da garantirne disponibilit e riservatezza.',7,'Minimo'),(101,'ABSC 5.11.2','Se per l\'autenticazione si utilizzano certificati digitali, garantire che le chiavi private siano adeguatamente protette.',7,'Minimo'),(102,'ABSC 8.1.1','Installare su tutti i sistemi connessi alla rete locale strumenti atti a rilevare la presenza e bloccare l\'esecuzione di malware (antivirus locali). Tali strumenti sono mantenuti aggiornati in modo automatico.',8,'Minimo'),(103,'ABSC 8.1.2','Installare su tutti i dispositivi firewall ed IPS personali.',8,'Minimo'),(104,'ABSC 8.1.3','Gli eventi rilevati dagli strumenti sono inviati ad un repository centrale (syslog) dove sono stabilmente archiviati.',8,'Standard'),(105,'ABSC 8.2.1','Tutti gli strumenti di cui in ABSC_8.1 sono monitorati e gestiti centralmente. Non  consentito agli utenti alterarne la configurazione.',8,'Standard'),(106,'ABSC 8.2.2 ',' possibile forzare manualmente dalla console centrale l\'aggiornamento dei sistemi anti-malware installati su ciascun dispositivo. La corretta esecuzione dell\'aggiornamento  automaticamente verificata e riportata alla console centrale.',8,'Standard'),(107,'ABSC 8.2.3','L\'analisi dei potenziali malware  effettuata su di un\'infrastruttura dedicata, eventualmente basata sul cloud.',8,'Avanzato'),(108,'ABSC 8.3.1','Limitare l\'uso di dispositivi esterni a quelli necessari per le attivit aziendali',8,'Minimo'),(109,'ABSC 8.3.2','Monitorare l\'uso e i tentativi di utilizzo di dispositivi esterni',8,'Avanzato'),(110,'ABSC 8.4.1','Abilitare le funzioni atte a contrastare lo sfruttamento delle vulnerabilit, quali Data Execution Prevention (DEP), Address Space Layout Randomization (ASLR), virtualizzazione, confinamento, etc. disponibili nel software di base. ',8,'Standard'),(111,'ABSC 8.4.2','Installare strumenti aggiuntivi di contrasto allo sfruttamento delle vulnerabilit,  ad esempio quelli forniti come opzione dai produttori di sistemi operativi.',8,'Avanzato'),(112,'ABSC 8.5.1','Usare strumenti di filtraggio che operano sull\'intero flusso del traffico di rete per impedire che il codice malevolo raggiunga gli host.',8,'Standard'),(113,'ABSC 8.5.2','Installare sistemi di analisi avanzata del software sospetto',8,'Avanzato'),(114,'ABSC 8.6.1','Monitorare, analizzare ed eventualmente bloccare gli accessi a indirizzi che abbiano una cattiva reputazione',8,'Standard'),(115,'ABSC 8.7.1','Disattivare l\'esecuzione automatica dei contenuti al momento della connessione dei dispositivi removibili.',8,'Minimo'),(116,'ABSC 8.7.2','Disattivare l\'esecuzione automatica dei contenuti dinamici (e.g. macro) presenti nei file.',8,'Minimo'),(117,'ABSC 8.7.3','Disattivare l\'apertura automatica dei messaggi di posta elettronica.',8,'Minimo'),(118,'ABSC 8.7.4','Disattivare l\'anteprima automatica dei contenuti dei file.',8,'Minimo'),(119,'ABSC 8.8.1','Eseguire automaticamente una scansione anti-malware dei supporti rimuovibili al momento della loro connessione.',8,'Minimo'),(120,'ABSC 8.9.1','Filtrare il contenuto dei messaggi di posta prima che questi raggiungano la casella del destinatario, prevedendo anche l\'impiego di strumenti antispam.',8,'Minimo'),(121,'ABSC 8.9.2','Filtrare il contenuto del traffico web',8,'Minimo'),(122,'ABSC 8.9.3','Bloccare nella posta elettronica e nel traffico web i file la cui tipologia non  strettamente necessaria per l\'organizzazione ed  potenzialmente pericolosa (e.g. .cab).',8,'Minimo'),(123,'ABSC 8.10.1','Utilizzare strumenti anti-malware che sfruttino, oltre alle firme, tecniche di rilevazione basate sulle anomalie di comportamento.',8,'Standard'),(124,'ABSC 8.11.1','Implementare una procedura di risposta agli incidenti che preveda la trasmissione al provider di sicurezza dei campioni di software sospetto per la generazione di firme personalizzate',8,'Standard'),(125,'ABSC 10.1.1','Effettuare almeno settimanalmente una copia di sicurezza almeno delle informazioni strettamente necessarie per il completo ripristino del sistema.',9,'Minimo'),(126,'ABSC 10.1.2','Per assicurare la capacit di recupero di un sistema dal proprio backup, le procedure di backup devono riguardare il sistema operativo, le applicazioni software e la parte dati.',9,'Avanzato'),(127,'ABSC 10.1.3','Effettuare backup multipli con strumenti diversi per contrastare possibili malfunzionamenti nella fase di restore.',9,'Avanzato'),(128,'ABSC 10.2.1','Verificare periodicamente l\'utilizzabilit delle copie mediante ripristino di prova.',9,'Standard'),(129,'ABSC 10.3.1','Assicurare la riservatezza delle informazioni contenute nelle copie di sicurezza mediante adeguata protezione fisica dei supporti ovvero mediante cifratura. La codifica effettuata prima della trasmissione consente la remotizzazione del backup anche nel cloud. ',9,'Minimo'),(130,'ABSC 10.4.1','Assicurarsi che i supporti contenenti almeno una delle copie non siano permanentemente accessibili dal sistema onde evitare che attacchi su questo possano coinvolgere anche tutte le sue copie di sicurezza.',9,'Minimo'),(131,'ABSC 13.1.1','Effettuare un\'analisi dei dati per individuare quelli con particolari requisiti di riservatezza (dati rilevanti) e segnatamente quelli ai quali va applicata la protezione crittografica',10,'Minimo'),(132,'ABSC 13.2.1','Utilizzare sistemi di cifratura per i dispositivi portatili e i sistemi che contengono informazioni rilevanti',10,'Standard'),(133,'ABSC 13.3.1','Utilizzare sul perimetro della rete strumenti automatici per bloccare, limitare ovvero monitorare in maniera puntuale, sul traffico uscente dalla propria rete, l\'impiego di crittografia non autorizzata o l\'accesso a siti che consentano lo scambio e la potenziale esfiltrazione di informazioni.',10,'Avanzato'),(134,'ABSC 13.4.1','Effettuare periodiche scansioni, attraverso sistemi automatizzati, in grado di rilevare sui server la presenza di specifici \"data pattern\", significativi per l\'Amministrazione, al fine di evidenziare l\'esistenza di dati rilevanti in chiaro',10,'Avanzato'),(135,'ABSC 13.5.1','Nel caso in cui non sia strettamente necessario l\'utilizzo di dispositivi esterni, implementare sistemi/configurazioni che impediscano la scrittura di dati su tali supporti.',10,'Avanzato'),(136,'ABSC 13.5.2','Utilizzare strumenti software centralizzati atti a gestire il collegamento alle workstation/server dei soli dispositivi esterni autorizzati (in base a numero seriale o altre propriet univoche) cifrando i relativi dati. Mantenere una lista aggiornata di tali dispositivi.',10,'Avanzato'),(137,'ABSC 13.6.1','Implementare strumenti DLP (Data Loss Prevention) di rete per monitorare e controllare i flussi di dati all\'interno della rete in maniera da evidenziare eventuali anomalie.',10,'Avanzato'),(138,'ABSC 13.6.2','Qualsiasi anomalia rispetto al normale traffico di rete deve essere registrata anche per consentirne l\'analisi off line.',10,'Avanzato'),(139,'ABSC 13.7.1','Monitorare il traffico uscente rilevando le connessioni che usano la crittografia senza che ci sia previsto',10,'Avanzato'),(140,'ABSC 13.8.1','Bloccare il traffico da e verso url presenti in una blacklist',10,'Minimo'),(141,'ABSC 13.9.1','Assicurare che la copia di un file fatta in modo autorizzato mantenga le limitazioni di accesso della sorgente,  ad esempio attraverso sistemi che implementino le regole di controllo degli accessi (e.g. Access Control List) anche quando i dati sono trasferiti al di fuori del loro repository',10,'Avanzato'),(143,'AC-1','The organization:\r\n			a. Develops, documents, and disseminates to [Assignment: organization-defined personnel or roles]:\r\n				1. An access control policy that addresses purpose, scope, roles, responsibilities, management commitment, coordination among organizational entities, and compliance; and\r\n				2. Procedures to facilitate the implementation of the access control policy and associated access controls; and\r\n			b. Reviews and updates the current:\r\n				1. Access control policy [Assignment: org',51,'Minimo'),(144,'AC-2','The organization:\r\n			a. Identifies and selects the following types of information system accounts to support organizational missions/business functions: [Assignment: organization-defined information system account types];\r\n			b. Assigns account managers for information system accounts;\r\n			c. Establishes conditions for group and role membership;\r\n			d. Specifies authorized users of the information system, group and role membership, and access authorizations (i.e., privileges) and other attribut',51,'Minimo'),(145,'AC-2(1)','The organization employs automated mechanisms to support the management of information system accounts.',51,'none'),(146,'AC-2(2)','The information system automatically [Selection: removes; disables] temporary and emergency accounts after [Assignment: organization-defined time period for each type of account].',51,'none'),(147,'AC-2(3)','The information system automatically disables inactive accounts after [Assignment: organization-defined time period].',51,'none'),(148,'AC-2(4)','The information system automatically audits account creation, modification, enabling, disabling, and removal actions, and notifies [Assignment: organization-defined personnel or roles].',51,'none'),(149,'AC-2(5)','The organization requires that users log out when [Assignment: organization-defined time-period of expected inactivity or description of when to log out].',51,'none'),(150,'AC-2(6)','The information system implements the following dynamic privilege management capabilities: [Assignment: organization-defined list of dynamic privilege management capabilities].',51,'none'),(151,'AC-2(7)','The organization: (a) Establishes and administers privileged user accounts in accordance with a role-based access scheme that organizes allowed information system access and privileges into roles; (b) Monitors privileged role assignments; and (c) Takes [Assignment: organization-defined actions] when privileged role assignments are no longer appropriate.',51,'none'),(152,'AC-2(8)','The information system creates [Assignment: organization-defined information system accounts] dynamically.',51,'none'),(153,'AC-2(9)','The organization only permits the use of shared/group accounts that meet [Assignment: organization-defined conditions for establishing shared/group accounts].',51,'none'),(154,'AC-2(10)','The information system terminates shared/group account credentials when members leave the group.',51,'none'),(155,'AC-2(11)','The information system enforces [Assignment: organization-defined circumstances and/or usage conditions] for [Assignment: organization-defined information system accounts].',51,'none'),(156,'AC-2(12)','The organization:(a) Monitors information system accounts for [Assignment: organization-defined atypical usage]; and (b) Reports atypical usage of information system accounts to [Assignment: organization-defined personnel or roles].',51,'none'),(157,'AC-2(13)','The organization disables accounts of users posing a significant risk within [Assignment: organization-defined time period] of discovery of the risk.',51,'none'),(158,'AC-3','The information system enforces approved authorizations for logical access to information and system resources in accordance with applicable access control policies.',51,'Minimo'),(159,'AC-3(1)','Withdrawn: Incorporated into AC-6.',51,'none'),(160,'AC-3(2)','The information system enforces dual authorization for [Assignment: organization-defined privileged commands and/or other organization-defined actions].',51,'none'),(161,'AC-3(3)','The information system enforces [Assignment: organization-defined mandatory access control policy] over all subjects and objects where the policy:\r\n			(a) Is uniformly enforced across all subjects and objects within the boundary of the information system;\r\n			(b) Specifies that a subject that has been granted access to information is constrained from doing any of the following;\r\n				(1) Passing the information to unauthorized subjects or objects;\r\n				(2) Granting its privileges to other subject',51,'none'),(162,'AC-3(4)','The information system enforces [Assignment: organization-defined discretionary access control policy] over defined subjects and objects where the policy specifies that a subject that has been granted access to information can do one or more of the following:\r\n			(a) Pass the information to any other subjects or objects;\r\n			(b) Grant its privileges to other subjects;\r\n			(c) Change security attributes on subjects, objects, the information system, or the information systems components;\r\n			(d) ',51,'none'),(163,'AC-3(5)','The information system prevents access to [Assignment: organization-defined security-relevant information] except during secure, non-operable system states.',51,'none'),(164,'AC-3(6)','Withdrawn: Incorporated into MP-4 and SC-28.',51,'none'),(165,'AC-3(7)','The information system enforces a role-based access control policy over defined subjects and objects and controls access based upon [Assignment: organization-defined roles and users authorized to assume such roles].',51,'none'),(166,'AC-3(8)','The information system enforces the revocation of access authorizations resulting from changes to the security attributes of subjects and objects based on [Assignment: organization-defined rules governing the timing of revocations of access authorizations].',51,'none'),(167,'AC-3(9)','The information system does not release information outside of the established system boundary unless: (a) The receiving [Assignment: organization-defined information system or system component] provides [Assignment: organization-defined security safeguards]; and (b) [Assignment: organization-defined security safeguards] are used to validate the appropriateness of the information designated for release.',51,'none'),(168,'AC-3(10)','The organization employs an audited override of automated access control mechanisms under [Assignment: organization-defined conditions].',51,'none'),(169,'AC-4','The information system enforces approved authorizations for controlling the flow of information within the system and between interconnected systems based on [Assignment: organization-defined information flow control policies].',51,'Standard'),(170,'AC-4(1)','The information system uses [Assignment: organization-defined security attributes] associated with [Assignment: organization-defined information, source, and destination objects] to enforce [Assignment: organization-defined information flow control policies] as a basis for flow control decisions.',51,'none'),(171,'AC-4(2)','The information system uses protected processing domains to enforce [Assignment: organization-defined information flow control policies] as a basis for flow control decisions',51,'none'),(172,'AC-4(3)','The information system enforces dynamic information flow control based on [Assignment: organization-defined policies].',51,'none'),(173,'AC-4(4)','The information system prevents encrypted information from bypassing content-checking mechanisms by [Selection (one or more): decrypting the information; blocking the flow of the encrypted information; terminating communications sessions attempting to pass encrypted information; [Assignment: organization-defined procedure or method]].',51,'none'),(174,'AC-4(5)','The information system enforces [Assignment: organization-defined limitations] on embedding data types within other data types.',51,'none'),(175,'AC-4(6)','The information system enforces information flow control based on [Assignment: organization-defined metadata].',51,'none'),(176,'AC-4(7)','The information system enforces [Assignment: organization-defined one-way information flows] using hardware mechanisms.',51,'none'),(177,'AC-4(8)','The information system enforces information flow control using [Assignment: organization-defined security policy filters] as a basis for flow control decisions for [Assignment: organization-defined information flows].',51,'none'),(178,'AC-4(9)','The information system enforces the use of human reviews for [Assignment: organization-defined information flows] under the following conditions: [Assignment: organization-defined conditions].',51,'none'),(179,'AC-4(10)','The information system provides the capability for privileged administrators to enable/disable [Assignment: organization-defined security policy filters] under the following conditions: [Assignment: organization-defined conditions].',51,'none'),(180,'AC-4(11)','The information system provides the capability for privileged administrators to configure [Assignment: organization-defined security policy filters] to support different security policies.',51,'none'),(181,'AC-4(12)','The information system, when transferring information between different security domains, uses [Assignment: organization-defined data type identifiers] to validate data essential for information flow decisions.',51,'none'),(182,'AC-4(13)','The information system, when transferring information between different security domains, decomposes information into [Assignment: organization-defined policy-relevant subcomponents] for submission to policy enforcement mechanisms.',51,'none'),(183,'AC-4(14)','The information system, when transferring information between different security domains, implements [Assignment: organization-defined security policy filters] requiring fully enumerated formats that restrict data structure and content.',51,'none'),(184,'AC-4(15)','The information system, when transferring information between different security domains, examines the information for the presence of [Assignment: organized-defined unsanctioned information] and prohibits the transfer of such information in accordance with the [Assignment: organization-defined security policy].',51,'none'),(185,'AC-4(16)','Withdrawn: Incorporated into AC-4.',51,'none'),(186,'AC-4(17)','The information system uniquely identifies and authenticates source and destination points by [Selection (one or more): organization, system, application, individual] for information transfer.',51,'none'),(187,'AC-4(18)','The information system binds security attributes to information using [Assignment: organization-defined binding techniques] to facilitate information flow policy enforcement.',51,'none'),(188,'AC-4(19)','The information system, when transferring information between different security domains, applies the same security policy filtering to metadata as it applies to data payloads.',51,'none'),(189,'AC-4(20)','The organization employs [Assignment: organization-defined solutions in approved configurations] to control the flow of [Assignment: organization-defined information] across security domains.',51,'none'),(190,'AC-4(21)','The information system separates information flows logically or physically using [Assignment: organization-defined mechanisms and/or techniques] to accomplish [Assignment: organization-defined required separations by types of information].',51,'none'),(191,'AC-4(22)','The information system provides access from a single device to computing platforms, applications, or data residing on multiple different security domains, while preventing any information flow between the different security domains.',51,'none'),(192,'AC-5','The organization: a. Separates [Assignment: organization-defined duties of individuals]; b. Documents separation of duties of individuals; and c. Defines information system access authorizations to support separation of duties.',51,'Standard'),(193,'AC-6','The organization: a. Separates [Assignment: organization-defined duties of individuals]; b. Documents separation of duties of individuals; and c. Defines information system access authorizations to support separation of duties.',51,'Standard'),(194,'AC-6(1)','The organization explicitly authorizes access to [Assignment: organization-defined security functions (deployed in hardware, software, and firmware) and security-relevant information].',51,'none'),(195,'AC-6(2)','The organization requires that users of information system accounts, or roles, with access to [Assignment: organization-defined security functions or security-relevant information], use non-privileged accounts or roles, when accessing nonsecurity functions.',51,'none'),(196,'AC-6(3)','The organization authorizes network access to [Assignment: organization-defined privileged commands] only for [Assignment: organization-defined compelling operational needs] and documents the rationale for such access in the security plan for the information system.',51,'none'),(197,'AC-6(4)','The information system provides separate processing domains to enable finer-grained allocation of user privileges.',51,'none'),(198,'AC-6(5)','The organization restricts privileged accounts on the information system to [Assignment: organization-defined personnel or roles].',51,'none'),(199,'AC-6(6)','The organization prohibits privileged access to the information system by non-organizational users.',51,'none'),(200,'AC-6(7)','The organization: (a) Reviews [Assignment: organization-defined frequency] the privileges assigned to [Assignment: organization-defined roles or classes of users] to validate the need for such privileges; and (b) Reassigns or removes privileges, if necessary, to correctly reflect organizational mission/business needs.',51,'none'),(201,'AC-6(8)','The information system prevents [Assignment: organization-defined software] from executing at higher privilege levels than users executing the software',51,'none'),(202,'AC-6(9)','The information system audits the execution of privileged functions.',51,'none'),(203,'AC-6(10)','The information system prevents non-privileged users from executing privileged functions to include disabling, circumventing, or altering implemented security safeguards/countermeasures.',51,'none'),(204,'AC-7','The information system: a. Enforces a limit of [Assignment: organization-defined number] consecutive invalid logon attempts by a user during a [Assignment: organization-defined time period]; and b. Automatically [Selection: locks the account/node for an [Assignment: organization-defined time period]; locks the account/node until released by an administrator; delays next logon prompt according to [Assignment: organization-defined delay algorithm]] when the maximum number of unsuccessful attempts ',51,'Minimo'),(205,'AC-7(1)','Withdrawn: Incorporated into AC-7.',51,'none'),(206,'AC-7(2)','The information system purges/wipes information from [Assignment: organization-defined mobile devices] based on [Assignment: organization-defined purging/wiping requirements/techniques] after [Assignment: organization-defined number] consecutive, unsuccessful device logon attempts.',51,'none'),(207,'AC-8','The information system:\r\n			a. Displays to users [Assignment: organization-defined system use notification message or banner] before granting access to the system that provides privacy and security notices consistent with applicable federal laws, Executive Orders, directives, policies, regulations, standards, and guidance and states that:\r\n				1. Users are accessing a U.S. Government information system;\r\n				2. Information system usage may be monitored, recorded, and subject to audit;\r\n				3. Un',51,'Minimo'),(208,'AC-9','The information system notifies the user, upon successful logon (access) to the system, of the date and time of the last logon (access).',51,'Avanzato'),(209,'AC-9(1)','The information system notifies the user, upon successful logon/access, of the number of unsuccessful logon/access attempts since the last successful logon/access.',51,'none'),(210,'AC-9(2)','The information system notifies the user of the number of [Selection: successful logons/accesses; unsuccessful logon/access attempts; both] during [Assignment: organization-defined time period].',51,'none'),(211,'AC-9(3)','The information system notifies the user of changes to [Assignment: organization-defined security-related characteristics/parameters of the users account] during [Assignment: organization-defined time period].',51,'none'),(212,'AC-9(4)','The information system notifies the user, upon successful logon (access), of the following additional information: [Assignment: organization-defined information to be included in addition to the date and time of the last logon (access)].',51,'none'),(213,'AC-10','The information system limits the number of concurrent sessions for each [Assignment: organization-defined account and/or account type] to [Assignment: organization-defined number].',51,'Avanzato'),(214,'AC-11','The information system: a. Prevents further access to the system by initiating a session lock after [Assignment: organization-defined time period] of inactivity or upon receiving a request from a user; and b. Retains the session lock until the user reestablishes access using established identification and authentication procedures.',51,'Standard'),(215,'AC-11(1)','The information system conceals, via the session lock, information previously visible on the display with a publicly viewable image.',51,'none'),(216,'AC-12','The information system automatically terminates a user session after [Assignment: organization-defined conditions or trigger events requiring session disconnect].',51,'Standard'),(217,'AC-12(1)','The information system: (a) Provides a logout capability for user-initiated communications sessions whenever authentication is used to gain access to [Assignment: organization-defined information resources]; and (b) Displays an explicit logout message to users indicating the reliable termination of authenticated communications sessions.',51,'none'),(218,'AC-13','Withdrawn: Incorporated into AC-2 and AU-6.',51,'none'),(219,'AC-14','The organization: a. Identifies [Assignment: organization-defined user actions] that can be performed on the information system without identification or authentication consistent with organizational missions/business functions; and b. Documents and provides supporting rationale in the security plan for the information system, user actions not requiring identification or authentication.',51,'Minimo'),(220,'AC-14(1)','Withdrawn: Incorporated into AC-14.',51,'none'),(221,'AC-15','Withdrawn: Incorporated into MP-3.',51,'none'),(222,'AC-16','The organization: a. Provides the means to associate [Assignment: organization-defined types of security attributes] having [Assignment: organization-defined security attribute values] with information in storage, in process, and/or in transmission; b. Ensures that the security attribute associations are made and retained with the information; c. Establishes the permitted [Assignment: organization-defined security attributes] for [Assignment: organization-defined information systems]; and d. Det',51,'Avanzato'),(223,'AC-16(1)','The information system dynamically associates security attributes with [Assignment: organization-defined subjects and objects] in accordance with [Assignment: organization-defined security policies] as information is created and combined.',51,'none'),(224,'AC-16(2)','The information system provides authorized individuals (or processes acting on behalf of individuals) the capability to define or change the value of associated security attributes.',51,'none'),(225,'AC-16(3)','The information system maintains the association and integrity of [Assignment: organization-defined security attributes] to [Assignment: organization-defined subjects and objects].',51,'none'),(226,'AC-16(4)','The information system supports the association of [Assignment: organization-defined security attributes] with [Assignment: organization-defined subjects and objects] by authorized individuals (or processes acting on behalf of individuals).',51,'none'),(227,'AC-16(5)','The information system displays security attributes in human-readable form on each object that the system transmits to output devices to identify [Assignment: organization-identified special dissemination, handling, or distribution instructions] using [Assignment: organization-identified human-readable, standard naming conventions].',51,'none'),(228,'AC-16(6)','The organization allows personnel to associate, and maintain the association of [Assignment: organization-defined security attributes] with [Assignment: organization-defined subjects and objects] in accordance with [Assignment: organization-defined security policies].',51,'none'),(229,'AC-16(7)','The organization provides a consistent interpretation of security attributes transmitted between distributed information system components.',51,'none'),(230,'AC-16(8)','The information system implements [Assignment: organization-defined techniques or technologies] with [Assignment: organization-defined level of assurance] in associating security attributes to information.',51,'none'),(231,'AC-16(9)','The organization ensures that security attributes associated with information are reassigned only via re-grading',51,'none'),(232,'AC-16(10)','The information system provides authorized individuals the capability to define or change the type and value of security attributes available for association with subjects and objects.',51,'none'),(233,'AC-17','The organization: a. Establishes and documents usage restrictions, configuration/connection requirements, and implementation guidance for each type of remote access allowed; and b. Authorizes remote access to the information system prior to allowing such connections.',51,'Minimo'),(234,'AC-17(1)','The information system monitors and controls remote access methods.',51,'none'),(235,'AC-17(2)','The information system implements cryptographic mechanisms to protect the confidentiality and integrity of remote access sessions.',51,'none'),(236,'AC-17(3)','The information system routes all remote accesses through [Assignment: organization-defined number] managed network access control points.',51,'none'),(237,'AC-17(4)','The organization: (a) Authorizes the execution of privileged commands and access to security-relevant information via remote access only for [Assignment: organization-defined needs]; and (b) Documents the rationale for such access in the security plan for the information system.',51,'none'),(238,'AC-17(5)','Withdrawn: Incorporated into SI-4.',51,'none'),(239,'AC-17(6)','The organization ensures that users protect information about remote access mechanisms from unauthorized use and disclosure.',51,'none'),(240,'AC-17(7)','Withdrawn: Incorporated into AC-3 (10).',51,'none'),(241,'AC-17(8)','Withdrawn: Incorporated into CM-7.',51,'none'),(242,'AC-17(9)','The organization provides the capability to expeditiously disconnect or disable remote access to the information system within [Assignment: organization-defined time period].',51,'none'),(243,'AC-18','The organization: a. Establishes usage restrictions, configuration/connection requirements, and implementation guidance for wireless access; and b. Authorizes wireless access to the information system prior to allowing such connections.',51,'Minimo'),(244,'AC-18(1)','The information system protects wireless access to the system using authentication of [Selection (one or more): users; devices] and encryption.',51,'none'),(245,'AC-18(2)','Withdrawn: Incorporated into SI-4.',51,'none'),(246,'AC-18(3)','The organization disables, when not intended for use, wireless networking capabilities internally embedded within information system components prior to issuance and deployment.',51,'none'),(247,'AC-18(4)','The organization identifies and explicitly authorizes users allowed to independently configure wireless networking capabilities.',51,'none'),(248,'AC-18(5)','The organization selects radio antennas and calibrates transmission power levels to reduce the probability that usable signals can be received outside of organization-controlled boundaries.',51,'none'),(249,'AC-19','The organization: a. Establishes usage restrictions, configuration requirements, connection requirements, and implementation guidance for organization-controlled mobile devices; and b. Authorizes the connection of mobile devices to organizational information systems.',51,'Minimo'),(250,'AC-19(1)','Withdrawn: Incorporated into MP-7.',51,'none'),(251,'AC-19(2)','Withdrawn: Incorporated into MP-7.',51,'none'),(252,'AC-19(3)','Withdrawn: Incorporated into MP-7.',51,'none'),(253,'AC-19(4)','The organization:\r\n			(a) Prohibits the use of unclassified mobile devices in facilities containing information systems processing, storing, or transmitting classified information unless specifically permitted by the authorizing official; and\r\n			(b) Enforces the following restrictions on individuals permitted by the authorizing official to use unclassified mobile devices in facilities containing information systems processing, storing, or transmitting classified information:\r\n				(1) Connection',51,'none'),(254,'AC-19(5)','The organization employs [Selection: full-device encryption; container encryption] to protect the confidentiality and integrity of information on [Assignment: organization-defined mobile devices].',51,'none'),(255,'AC-20','The organization establishes terms and conditions, consistent with any trust relationships established with other organizations owning, operating, and/or maintaining external information systems, allowing authorized individuals to: a. Access the information system from external information systems; and b. Process, store, or transmit organization-controlled information using external information systems.',51,'Minimo'),(256,'AC-20(1)','The organization permits authorized individuals to use an external information system to access the information system or to process, store, or transmit organization-controlled information only when the organization: (a) Verifies the implementation of required security controls on the external system as specified in the organizations information security policy and security plan; or (b) Retains approved information system connection or processing agreements with the organizational entity hostin',51,'none'),(257,'AC-20(2)','The organization [Selection: restricts; prohibits] the use of organization-controlled portable storage devices by authorized individuals on external information systems.',51,'none'),(258,'AC-20(3)','The organization [Selection: restricts; prohibits] the use of non-organizationally owned information systems, system components, or devices to process, store, or transmit organizational information.',51,'none'),(259,'AC-20(4)','The organization prohibits the use of [Assignment: organization-defined network accessible storage devices] in external information systems.',51,'none'),(260,'AC-21','The organization: a. Facilitates information sharing by enabling authorized users to determine whether access authorizations assigned to the sharing partner match the access restrictions on the information for [Assignment: organization-defined information sharing circumstances where user discretion is required]; and b. Employs [Assignment: organization-defined automated mechanisms or manual processes] to assist users in making information sharing/collaboration decisions.',51,'Standard'),(261,'AC-21(1)','The information system enforces information-sharing decisions by authorized users based on access authorizations of sharing partners and access restrictions on information to be shared.',51,'none'),(262,'AC-21(2)','The information system implements information search and retrieval services that enforce [Assignment: organization-defined information sharing restrictions].',51,'none'),(263,'AC-22','The organization: a. Designates individuals authorized to post information onto a publicly accessible information system; b. Trains authorized individuals to ensure that publicly accessible information does not contain nonpublic information; c. Reviews the proposed content of information prior to posting onto the publicly accessible information system to ensure that nonpublic information is not included; and d. Reviews the content on the publicly accessible information system for nonpublic infor',51,'Minimo'),(264,'AC-23','The organization employs [Assignment: organization-defined data mining prevention and detection techniques] for [Assignment: organization-defined data storage objects] to adequately detect and protect against data mining.',51,'Avanzato'),(265,'AC-24','The organization establishes procedures to ensure [Assignment: organization-defined access control decisions] are applied to each access request prior to access enforcement.',51,'Avanzato'),(266,'AC-24(1)','The information system transmits [Assignment: organization-defined access authorization information] using [Assignment: organization-defined security safeguards] to [Assignment: organization-defined information systems] that enforce access control decisions.',51,'none'),(267,'AC-24(2)','The information system enforces access control decisions based on [Assignment: organization-defined security attributes] that do not include the identity of the user or process acting on behalf of the user.',51,'none'),(268,'AC-25','The information system implements a reference monitor for [Assignment: organization-defined access control policies] that is tamperproof, always invoked, and small enough to be subject to analysis and testing, the completeness of which can be assured.',51,'Avanzato'),(269,'AT-1','The information system implements a reference monitor for [Assignment: organization-defined access control policies] that is tamperproof, always invoked, and small enough to be subject to analysis and testing, the completeness of which can be assured.',52,'Minimo'),(270,'AT-2','The organization provides basic security awareness training to information system users (including managers, senior executives, and contractors): a. As part of initial training for new users; b. When required by information system changes; and c. [Assignment: organization-defined frequency] thereafter.',52,'Minimo'),(271,'AT-2(1)','The organization includes practical exercises in security awareness training that simulate actual cyber attacks.',52,'none'),(272,'AT-2(2)','The organization includes security awareness training on recognizing and reporting potential indicators of insider threat.',52,'none'),(273,'AT-3','The organization provides role-based security training to personnel with assigned security roles and responsibilities: a. Before authorizing access to the information system or performing assigned duties; b. When required by information system changes; and c. [Assignment: organization-defined frequency] thereafter.',52,'Minimo'),(274,'AT-3(1)','The organization provides [Assignment: organization-defined personnel or roles] with initial and [Assignment: organization-defined frequency] training in the employment and operation of environmental controls.',52,'none'),(275,'AT-3(2)','The organization provides [Assignment: organization-defined personnel or roles] with initial and [Assignment: organization-defined frequency] training in the employment and operation of physical security controls.',52,'none'),(276,'AT-3(3)','The organization includes practical exercises in security training that reinforce training objectives.',52,'none'),(277,'AT-3(4)','The organization provides training to its personnel on [Assignment: organization-defined indicators of malicious code] to recognize suspicious communications and anomalous behavior in organizational information systems.',52,'none'),(278,'AT-4','The organization: a. Documents and monitors individual information system security training activities including basic security awareness training and specific information system security training; and b. Retains individual training records for [Assignment: organization-defined time period].',52,'Minimo'),(279,'AT-5','Withdrawn: Incorporated into PM-15.',52,'none'),(280,'AU-1','The organization:\r\n			a. Develops, documents, and disseminates to [Assignment: organization-defined personnel or roles]:\r\n				1. An audit and accountability policy that addresses purpose, scope, roles, responsibilities, management commitment, coordination among organizational entities, and compliance; and\r\n				2. Procedures to facilitate the implementation of the audit and accountability policy and associated audit and accountability controls; and\r\n			b. Reviews and updates the current:\r\n				1. ',53,'Minimo'),(281,'AU-2','The organization:\r\n			a. Determines that the information system is capable of auditing the following events: [Assignment: organization-defined auditable events];\r\n			b. Coordinates the security audit function with other organizational entities requiring audit-related information to enhance mutual support and to help guide the selection of auditable events;\r\n			c. Provides a rationale for why the auditable events are deemed to be adequate to support after-the-fact investigations of security incid',53,'Minimo'),(282,'AU-2(1)','Withdrawn: Incorporated into AU-12.',53,'none'),(283,'AU-2(2)','Withdrawn: Incorporated into AU-12.',53,'none'),(284,'AU-2(3)','The organization reviews and updates the audited events [Assignment: organization-defined frequency].',53,'none'),(285,'AU-2(4)','Withdrawn: Incorporated into AC-6 (9).',53,'none'),(286,'AU-3','The information system generates audit records containing information that establishes what type of event occurred, when the event occurred, where the event occurred, the source of the event, the outcome of the event, and the identity of any individuals or subjects associated with the event.',53,'Minimo'),(287,'AU-3(1)','The information system generates audit records containing the following additional information: [Assignment: organization-defined additional, more detailed information].',53,'none'),(288,'AU-3(2)','The information system provides centralized management and configuration of the content to be captured in audit records generated by [Assignment: organization-defined information system components].',53,'none'),(289,'AU-4','The organization allocates audit record storage capacity in accordance with [Assignment: organization-defined audit record storage requirements].',53,'Minimo'),(290,'AU-4(1)','The information system off-loads audit records [Assignment: organization-defined frequency] onto a different system or media than the system being audited.',53,'none'),(291,'AU-5','The information system: a. Alerts [Assignment: organization-defined personnel or roles] in the event of an audit processing failure; and b. Takes the following additional actions: [Assignment: organization-defined actions to be taken (e.g., shut down information system, overwrite oldest audit records, stop generating audit records)].',53,'Minimo'),(292,'AU-5(1)','The information system provides a warning to [Assignment: organization-defined personnel, roles, and/or locations] within [Assignment: organization-defined time period] when allocated audit record storage volume reaches [Assignment: organization-defined percentage] of repository maximum audit record storage capacity.',53,'none'),(293,'AU-5(2)','The information system provides an alert in [Assignment: organization-defined real-time period] to [Assignment: organization-defined personnel, roles, and/or locations] when the following audit failure events occur: [Assignment: organization-defined audit failure events requiring real-time alerts].',53,'none'),(294,'AU-5(3)','The information system enforces configurable network communications traffic volume thresholds reflecting limits on auditing capacity and [Selection: rejects; delays] network traffic above those thresholds.',53,'none'),(295,'AU-5(4)','The information system invokes a [Selection: full system shutdown; partial system shutdown; degraded operational mode with limited mission/business functionality available] in the event of [Assignment: organization-defined audit failures], unless an alternate audit capability exists.',53,'none'),(296,'AU-6','The organization: a. Reviews and analyzes information system audit records [Assignment: organization-defined frequency] for indications of [Assignment: organization-defined inappropriate or unusual activity]; and b. Reports findings to [Assignment: organization-defined personnel or roles].',53,'Minimo'),(297,'AU-6(1)','The organization employs automated mechanisms to integrate audit review, analysis, and reporting processes to support organizational processes for investigation and response to suspicious activities.',53,'none'),(298,'AU-6(2)','Withdrawn: Incorporated into SI-4.',53,'none'),(299,'AU-6(3)','The organization analyzes and correlates audit records across different repositories to gain organization-wide situational awareness.',53,'none'),(300,'AU-6(4)','The information system provides the capability to centrally review and analyze audit records from multiple components within the system.',53,'none'),(301,'AU-6(5)','The organization integrates analysis of audit records with analysis of [Selection (one or more): vulnerability scanning information; performance data; information system monitoring information; [Assignment: organization-defined data/information collected from other sources]] to further enhance the ability to identify inappropriate or unusual activity.',53,'none'),(302,'AU-6(6)','The organization correlates information from audit records with information obtained from monitoring physical access to further enhance the ability to identify suspicious, inappropriate, unusual, or malevolent activity.',53,'none'),(303,'AU-6(7)','The organization specifies the permitted actions for each [Selection (one or more): information system process; role; user] associated with the review, analysis, and reporting of audit information.',53,'none'),(304,'AU-6(8)','The organization performs a full text analysis of audited privileged commands in a physically distinct component or subsystem of the information system, or other information system that is dedicated to that analysis.',53,'none'),(305,'AU-6(9)','The organization correlates information from nontechnical sources with audit information to enhance organization-wide situational awareness.',53,'none'),(306,'AU-6(10)','The organization adjusts the level of audit review, analysis, and reporting within the information system when there is a change in risk based on law enforcement information, intelligence information, or other credible sources of information.',53,'none'),(307,'AU-7','The information system provides an audit reduction and report generation capability that: a. Supports on-demand audit review, analysis, and reporting requirements and after-the-fact investigations of security incidents; and b. Does not alter the original content or time ordering of audit records.',53,'Standard'),(308,'AU-7(1)','The information system provides the capability to process audit records for events of interest based on [Assignment: organization-defined audit fields within audit records].',53,'none'),(309,'AU-7(2)','The information system provides the capability to sort and search audit records for events of interest based on the content of [Assignment: organization-defined audit fields within audit records].',53,'none'),(310,'AU-8','The information system: a. Uses internal system clocks to generate time stamps for audit records; and b. Records time stamps for audit records that can be mapped to Coordinated Universal Time (UTC) or Greenwich Mean Time (GMT) and meets [Assignment: organization-defined granularity of time measurement].',53,'Minimo'),(311,'AU-8(1)','The information system: (a) Compares the internal information system clocks [Assignment: organization-defined frequency] with [Assignment: organization-defined authoritative time source]; and (b) Synchronizes the internal system clocks to the authoritative time source when the time difference is greater than [Assignment: organization-defined time period].',53,'none'),(312,'AU-8(2)','The information system identifies a secondary authoritative time source that is located in a different geographic region than the primary authoritative time source.',53,'none'),(313,'AU-9','The information system protects audit information and audit tools from unauthorized access, modification, and deletion.',53,'Minimo'),(314,'AU-9(1)','The information system writes audit trails to hardware-enforced, write-once media.',53,'none'),(315,'AU-9(2)','The information system backs up audit records [Assignment: organization-defined frequency] onto a physically different system or system component than the system or component being audited.',53,'none'),(316,'AU-9(3)','The information system implements cryptographic mechanisms to protect the integrity of audit information and audit tools.',53,'none'),(317,'AU-9(4)','The organization authorizes access to management of audit functionality to only [Assignment: organization-defined subset of privileged users].',53,'none'),(318,'AU-9(5)','The organization enforces dual authorization for [Selection (one or more): movement; deletion] of [Assignment: organization-defined audit information].',53,'none'),(319,'AU-9(6)','The organization authorizes read-only access to audit information to [Assignment: organization-defined subset of privileged users].',53,'none'),(320,'AU-10','The information system protects against an individual (or process acting on behalf of an individual) falsely denying having performed [Assignment: organization-defined actions to be covered by non-repudiation].',53,'Avanzato'),(321,'AU-10(1)','The information system: (a) Binds the identity of the information producer with the information to [Assignment: organization-defined strength of binding]; and (b) Provides the means for authorized individuals to determine the identity of the producer of the information.',53,'none'),(322,'AU-10(2)','The information system: (a) Validates the binding of the information producer identity to the information at [Assignment: organization-defined frequency]; and (b) Performs [Assignment: organization-defined actions] in the event of a validation error.',53,'none'),(323,'AU-10(3)','The information system maintains reviewer/releaser identity and credentials within the established chain of custody for all information reviewed or released.',53,'none'),(324,'AU-10(4)','The information system: (a) Validates the binding of the information reviewer identity to the information at the transfer or release points prior to release/transfer between [Assignment: organization-defined security domains]; and (b) Performs [Assignment: organization-defined actions] in the event of a validation error.',53,'none'),(325,'AU-10(5)','Withdrawn: Incorporated into SI-7.',53,'none'),(326,'AU-11','The organization retains audit records for [Assignment: organization-defined time period consistent with records retention policy] to provide support for after-the-fact investigations of security incidents and to meet regulatory and organizational information retention requirements.',53,'Minimo'),(327,'AU-11(1)','The organization employs [Assignment: organization-defined measures] to ensure that long-term audit records generated by the information system can be retrieved.',53,'none'),(328,'AU-12','The information system: a. Provides audit record generation capability for the auditable events defined in AU-2 a. at [Assignment: organization-defined information system components];b. Allows [Assignment: organization-defined personnel or roles] to select which auditable events are to be audited by specific components of the information system; and c. Generates audit records for the events defined in AU-2 d. with the content defined in AU-3.',53,'Minimo'),(329,'AU-12(1)','The information system compiles audit records from [Assignment: organization-defined information system components] into a system-wide (logical or physical) audit trail that is time-correlated to within [Assignment: organization-defined level of tolerance for the relationship between time stamps of individual records in the audit trail].',53,'none'),(330,'AU-12(2)','The information system produces a system-wide (logical or physical) audit trail composed of audit records in a standardized format.',53,'none'),(331,'AU-12(3)','The information system provides the capability for [Assignment: organization-defined individuals or roles] to change the auditing to be performed on [Assignment: organization-defined information system components] based on [Assignment: organization-defined selectable event criteria] within [Assignment: organization-defined time thresholds].',53,'none'),(332,'AU-13','The organization monitors [Assignment: organization-defined open source information and/or information sites] [Assignment: organization-defined frequency] for evidence of unauthorized disclosure of organizational information.',53,'Avanzato'),(333,'AU-13(1)','The organization employs automated mechanisms to determine if organizational information has been disclosed in an unauthorized manner.',53,'none'),(334,'AU-13(2)','The organization reviews the open source information sites being monitored [Assignment: organization-defined frequency].',53,'none'),(335,'AU-14','The information system provides the capability for authorized users to select a user session to capture/record or view/hear.',53,'Avanzato'),(336,'AU-14(1)','The information system initiates session audits at system start-up.',53,'none'),(337,'AU-14(2)','The information system provides the capability for authorized users to capture/record and log content related to a user session.',53,'none'),(338,'AU-14(3)','The information system provides the capability for authorized users to remotely view/hear all content related to an established user session in real time.',53,'none'),(339,'AU-15','The organization provides an alternate audit capability in the event of a failure in primary audit capability that provides [Assignment: organization-defined alternate audit functionality].',53,'none'),(340,'AU-16','The organization employs [Assignment: organization-defined methods] for coordinating [Assignment: organization-defined audit information] among external organizations when audit information is transmitted across organizational boundaries.',53,'Avanzato'),(341,'AU-16(1)','The organization requires that the identity of individuals be preserved in cross-organizational audit trails.',53,'none'),(342,'AU-16(2)','The organization provides cross-organizational audit information to [Assignment: organization-defined organizations] based on [Assignment: organization-defined cross-organizational sharing agreements].',53,'none'),(343,'CA-1','The organization:\r\n			a. Develops, documents, and disseminates to [Assignment: organization-defined personnel or roles]:\r\n				1. A security assessment and authorization policy that addresses purpose, scope, roles, responsibilities, management commitment, coordination among organizational entities, and compliance; and\r\n				2. Procedures to facilitate the implementation of the security assessment and authorization policy and associated security assessment and authorization controls; and\r\n			b. Rev',54,'Minimo'),(344,'CA-2','The organization:\r\n			a. Develops a security assessment plan that describes the scope of the assessment including:\r\n				1. Security controls and control enhancements under assessment;\r\n				2. Assessment procedures to be used to determine security control effectiveness; and\r\n				3. Assessment environment, assessment team, and assessment roles and responsibilities;\r\n			b. Assesses the security controls in the information system and its environment of operation [Assignment: organization-defined fre',54,'Minimo'),(345,'CA-2(1)','The organization employs assessors or assessment teams with [Assignment: organization-defined level of independence] to conduct security control assessments.',54,'none'),(346,'CA-2(2)','The organization includes as part of security control assessments, [Assignment: organization-defined frequency], [Selection: announced; unannounced], [Selection (one or more): in-depth monitoring; vulnerability scanning; malicious user testing; insider threat assessment; performance/load testing; [Assignment: organization-defined other forms of security assessment]].',54,'none'),(347,'CA-2(3)','The organization accepts the results of an assessment of [Assignment: organization-defined information system] performed by [Assignment: organization-defined external organization] when the assessment meets [Assignment: organization-defined requirements].',54,'none'),(348,'CA-3','The organization: a. Authorizes connections from the information system to other information systems through the use of Interconnection Security Agreements; b. Documents, for each interconnection, the interface characteristics, security requirements, and the nature of the information communicated; and c. Reviews and updates Interconnection Security Agreements [Assignment: organization-defined frequency].',54,'Minimo'),(349,'CA-3(1)','The organization prohibits the direct connection of an [Assignment: organization-defined unclassified, national security system] to an external network without the use of [Assignment: organization-defined boundary protection device].',54,'none'),(350,'CA-3(2)','The organization prohibits the direct connection of a classified, national security system to an external network without the use of [Assignment: organization-defined boundary protection device].',54,'none'),(351,'CA-3(3)','The organization prohibits the direct connection of an [Assignment: organization-defined unclassified, non-national security system] to an external network without the use of [Assignment; organization-defined boundary protection device].',54,'none'),(352,'CA-3(4)','The organization prohibits the direct connection of an [Assignment: organization-defined information system] to a public network.',54,'none'),(353,'CA-3(5)','The organization employs [Selection: allow-all, deny-by-exception; deny-all, permit-by-exception] policy for allowing [Assignment: organization-defined information systems] to connect to external information systems.',54,'none'),(354,'CA-4','Withdrawn: Incorporated into CA-2.',54,'none'),(355,'CA-5','The organization: a. Develops a plan of action and milestones for the information system to document the organizations planned remedial actions to correct weaknesses or deficiencies noted during the assessment of the security controls and to reduce or eliminate known vulnerabilities in the system; and b. Updates existing plan of action and milestones [Assignment: organization-defined frequency] based on the findings from security controls assessments, security impact analyses, and continuous mo',54,'Minimo'),(356,'CA-5(1)','The organization employs automated mechanisms to help ensure that the plan of action and milestones for the information system is accurate, up to date, and readily available.',54,'none'),(357,'CA-6','The organization: a. Assigns a senior-level executive or manager as the authorizing official for the information system; b. Ensures that the authorizing official authorizes the information system for processing before commencing operations; and c. Updates the security authorization [Assignment: organization-defined frequency].',54,'Minimo'),(358,'CA-7','The organization develops a continuous monitoring strategy and implements a continuous monitoring program that includes:\r\n			a. Establishment of [Assignment: organization-defined metrics] to be monitored;\r\n			b. Establishment of [Assignment: organization-defined frequencies] for monitoring and [Assignment: organization-defined frequencies] for assessments supporting such monitoring;\r\n			c. Ongoing security control assessments in accordance with the organizational continuous monitoring strategy;\r',54,'Minimo'),(359,'CA-7(1)','The organization employs assessors or assessment teams with [Assignment: organization-defined level of independence] to monitor the security controls in the information system on an ongoing basis.',54,'none'),(360,'CA-7(2)','Withdrawn: Incorporated into CA-2.',54,'none'),(361,'CA-7(3)','The organization employs trend analyses to determine if security control implementations, the frequency of continuous monitoring activities, and/or the types of activities used in the continuous monitoring process need to be modified based on empirical data.',54,'none'),(362,'CA-8','',54,'Avanzato'),(363,'CA-8(1)','The organization employs an independent penetration agent or penetration team to perform penetration testing on the information system or system components.',54,'none'),(364,'CA-8(2)','The organization employs [Assignment: organization-defined red team exercises] to simulate attempts by adversaries to compromise organizational information systems in accordance with [Assignment: organization-defined rules of engagement].',54,'none'),(365,'CA-9','The organization: a. Authorizes internal connections of [Assignment: organization-defined information system components or classes of components] to the information system; and b. Documents, for each internal connection, the interface characteristics, security requirements, and the nature of the information communicated.',54,'Minimo'),(366,'CA-9(1)','The information system performs security compliance checks on constituent system components prior to the establishment of the internal connection.',54,'none'),(367,'CM-1','The organization:\r\n			a. Develops, documents, and disseminates to [Assignment: organization-defined personnel or roles]:\r\n				1. A configuration management policy that addresses purpose, scope, roles, responsibilities, management commitment, coordination among organizational entities, and compliance; and\r\n				2. Procedures to facilitate the implementation of the configuration management policy and associated configuration management controls; and\r\n			b. Reviews and updates the current:\r\n				1. C',55,'Minimo'),(368,'CM-2','The organization develops, documents, and maintains under configuration control, a current baseline configuration of the information system.',55,'Minimo'),(369,'CM-2(1)','The organization reviews and updates the baseline configuration of the information system: (a) [Assignment: organization-defined frequency]; (b) When required due to [Assignment organization-defined circumstances]; and (c) As an integral part of information system component installations and upgrades.',55,'none'),(370,'CM-2(2)','The organization employs automated mechanisms to maintain an up-to-date, complete, accurate, and readily available baseline configuration of the information system.',55,'none'),(371,'CM-2(3)','The organization retains [Assignment: organization-defined previous versions of baseline configurations of the information system] to support rollback.',55,'none'),(372,'CM-2(4)','Withdrawn: Incorporated into CM-7.',55,'none'),(373,'CM-2(5)','Withdrawn: Incorporated into CM-7.',55,'none'),(374,'CM-2(6)','The organization maintains a baseline configuration for information system development and test environments that is managed separately from the operational baseline configuration.',55,'none'),(375,'CM-2(7)','The organization: (a) Issues [Assignment: organization-defined information systems, system components, or devices] with [Assignment: organization-defined configurations] to individuals traveling to locations that the organization deems to be of significant risk; and (b) Applies [Assignment: organization-defined security safeguards] to the devices when the individuals return.',55,'none'),(376,'CM-3','The organization:\r\n			a. Determines the types of changes to the information system that are configuration-controlled;\r\n			b. Reviews proposed configuration-controlled changes to the information system and approves or disapproves such changes with explicit consideration for security impact analyses;\r\n			c. Documents configuration change decisions associated with the information system;\r\n			d. Implements approved configuration-controlled changes to the information system;\r\n			e. Retains records of',55,'Standard'),(377,'CM-3(1)','The organization employs automated mechanisms to: (a) Document proposed changes to the information system; (b) Notify [Assignment: organized-defined approval authorities] of proposed changes to the information system and request change approval; (c) Highlight proposed changes to the information system that have not been approved or disapproved by [Assignment: organization-defined time period]; (d) Prohibit changes to the information system until designated approvals are received; (e) Document al',55,'none'),(378,'CM-3(2)','The organization tests, validates, and documents changes to the information system before implementing the changes on the operational system.',55,'none'),(379,'CM-3(3)','The organization employs automated mechanisms to implement changes to the current information system baseline and deploys the updated baseline across the installed base.',55,'none'),(380,'CM-3(4)','The organization requires an information security representative to be a member of the [Assignment: organization-defined configuration change control element].',55,'none'),(381,'CM-3(5)','The information system implements [Assignment: organization-defined security responses] automatically if baseline configurations are changed in an unauthorized manner.',55,'none'),(382,'CM-3(6)','The organization ensures that cryptographic mechanisms used to provide [Assignment: organization-defined security safeguards] are under configuration management.',55,'none'),(383,'CM-4','The organization analyzes changes to the information system to determine potential security impacts prior to change implementation.',55,'Minimo'),(384,'CM-4(1)','The organization analyzes changes to the information system in a separate test environment before implementation in an operational environment, looking for security impacts due to flaws, weaknesses, incompatibility, or intentional malice.',55,'none'),(385,'CM-4(2)','The organization, after the information system is changed, checks the security functions to verify that the functions are implemented correctly, operating as intended, and producing the desired outcome with regard to meeting the security requirements for the system.',55,'none'),(386,'CM-5','The organization defines, documents, approves, and enforces physical and logical access restrictions associated with changes to the information system.',55,'Minimo'),(387,'CM-5(1)','The information system enforces access restrictions and supports auditing of the enforcement actions.',55,'none'),(388,'CM-5(2)','The organization reviews information system changes [Assignment: organization-defined frequency] and [Assignment: organization-defined circumstances] to determine whether unauthorized changes have occurred.',55,'none'),(389,'CM-5(3)','The information system prevents the installation of [Assignment: organization-defined software and firmware components] without verification that the component has been digitally signed using a certificate that is recognized and approved by the organization.',55,'none'),(390,'CM-5(4)','The organization enforces dual authorization for implementing changes to [Assignment: organization-defined information system components and system-level information].',55,'none'),(391,'CM-5(5)','The organization: (a) Limits privileges to change information system components and system-related information within a production or operational environment; and (b) Reviews and reevaluates privileges [Assignment: organization-defined frequency].',55,'none'),(392,'CM-5(6)','The organization limits privileges to change software resident within software libraries.',55,'none'),(393,'CM-5(7)','Withdrawn: Incorporated into SI-7.',55,'none'),(394,'CM-6','The organization: a. Establishes and documents configuration settings for information technology products employed within the information system using [Assignment: organization-defined security configuration checklists] that reflect the most restrictive mode consistent with operational requirements; b. Implements the configuration settings; c. Identifies, documents, and approves any deviations from established configuration settings for [Assignment: organization-defined information system compon',55,'Minimo'),(395,'CM-6(1)','The organization employs automated mechanisms to centrally manage, apply, and verify configuration settings for [Assignment: organization-defined information system components].',55,'none'),(396,'CM-6(2)','The organization employs [Assignment: organization-defined security safeguards] to respond to unauthorized changes to [Assignment: organization-defined configuration settings].',55,'none'),(397,'CM-6(3)','Withdrawn: Incorporated into SI-7.',55,'none'),(398,'CM-6(4)','Withdrawn: Incorporated into CM-4.',55,'none'),(399,'CM-7','The organization: a. Configures the information system to provide only essential capabilities; and b. Prohibits or restricts the use of the following functions, ports, protocols, and/or services: [Assignment: organization-defined prohibited or restricted functions, ports, protocols, and/or services].',55,'Minimo'),(400,'CM-7(1)','The organization: (a) Reviews the information system [Assignment: organization-defined frequency] to identify unnecessary and/or nonsecure functions, ports, protocols, and services; and (b) Disables [Assignment: organization-defined functions, ports, protocols, and services within the information system deemed to be unnecessary and/or nonsecure].',55,'none'),(401,'CM-7(2)','The information system prevents program execution in accordance with [Selection (one or more): [Assignment: organization-defined policies regarding software program usage and restrictions]; rules authorizing the terms and conditions of software program usage].',55,'none'),(402,'CM-7(3)','The organization ensures compliance with [Assignment: organization-defined registration requirements for functions, ports, protocols, and services].',55,'none'),(403,'CM-7(4)','The organization: (a) Identifies [Assignment: organization-defined software programs not authorized to execute on the information system]; (b) Employs an allow-all, deny-by-exception policy to prohibit the execution of unauthorized software programs on the information system; and (c) Reviews and updates the list of unauthorized software programs [Assignment: organization-defined frequency].',55,'none'),(404,'CM-7(5)','The organization: (a) Identifies [Assignment: organization-defined software programs authorized to execute on the information system]; (b) Employs a deny-all, permit-by-exception policy to allow the execution of authorized software programs on the information system; and (c) Reviews and updates the list of authorized software programs [Assignment: organization-defined frequency].',55,'none'),(405,'CM-8','The organization:\r\n			a. Develops and documents an inventory of information system components that:\r\n				1. Accurately reflects the current information system;\r\n				2. Includes all components within the authorization boundary of the information system;\r\n				3. Is at the level of granularity deemed necessary for tracking and reporting; and\r\n				4. Includes [Assignment: organization-defined information deemed necessary to achieve effective information system component accountability]; and\r\n			b. R',55,'Minimo'),(406,'CM-8(1)','The organization updates the inventory of information system components as an integral part of component installations, removals, and information system updates.',55,'none'),(407,'CM-8(2)','The organization employs automated mechanisms to help maintain an up-to-date, complete, accurate, and readily available inventory of information system components.',55,'none'),(408,'CM-8(3)','The organization:(a) Employs automated mechanisms [Assignment: organization-defined frequency] to detect the presence of unauthorized hardware, software, and firmware components within the information system; and (b) Takes the following actions when unauthorized components are detected: [Selection (one or more): disables network access by such components; isolates the components; notifies [Assignment: organization-defined personnel or roles]].',55,'none'),(409,'CM-8(4)','The organization includes in the information system component inventory information, a means for identifying by [Selection (one or more): name; position; role], individuals responsible/accountable for administering those components.',55,'none'),(410,'CM-8(5)','The organization verifies that all components within the authorization boundary of the information system are not duplicated in other information system component inventories.',55,'none'),(411,'CM-8(6)','The organization includes assessed component configurations and any approved deviations to current deployed configurations in the information system component inventory.',55,'none'),(412,'CM-8(7)','The organization provides a centralized repository for the inventory of information system components.',55,'none'),(413,'CM-8(8)','The organization employs automated mechanisms to support tracking of information system components by geographic location.',55,'none'),(414,'CM-8(9)','The organization: (a) Assigns [Assignment: organization-defined acquired information system components] to an information system; and (b) Receives an acknowledgement from the information system owner of this assignment.',55,'none'),(415,'CM-9','The organization develops, documents, and implements a configuration management plan for the information system that:\r\n			a. Addresses roles, responsibilities, and configuration management processes and procedures;\r\n			b. Establishes a process for identifying configuration items throughout the system development life cycle and for managing the configuration of the configuration items;\r\n			c. Defines the configuration items for the information system and places the configuration items under confi',55,'Standard'),(416,'CM-9(1)','The organization assigns responsibility for developing the configuration management process to organizational personnel that are not directly involved in information system development.',55,'none'),(417,'CM-10','The organization: a. Uses software and associated documentation in accordance with contract agreements and copyright laws; b. Tracks the use of software and associated documentation protected by quantity licenses to control copying and distribution; and c. Controls and documents the use of peer-to-peer file sharing technology to ensure that this capability is not used for the unauthorized distribution, display, performance, or reproduction of copyrighted work.',55,'Minimo'),(418,'CM-10(1)','The organization establishes the following restrictions on the use of open source software: [Assignment: organization-defined restrictions].',55,'none'),(419,'CM-11','The organization:a. Establishes [Assignment: organization-defined policies] governing the installation of software by users; b. Enforces software installation policies through [Assignment: organization-defined methods]; andc. Monitors policy compliance at [Assignment: organization-defined frequency].',55,'Minimo'),(420,'CM-11(1)','The information system alerts [Assignment: organization-defined personnel or roles] when the unauthorized installation of software is detected.',55,'none'),(421,'CM-11(2)','The information system prohibits user installation of software without explicit privileged status.',55,'none'),(422,'CP-1','The organization:\r\n			a. Develops, documents, and disseminates to [Assignment: organization-defined personnel or roles]:\r\n				1. A contingency planning policy that addresses purpose, scope, roles, responsibilities, management commitment, coordination among organizational entities, and compliance; and\r\n				2. Procedures to facilitate the implementation of the contingency planning policy and associated contingency planning controls; and\r\n			b. Reviews and updates the current:\r\n				1. Contingency p',56,'Minimo'),(423,'CP-2','The organization:\r\n			a. Develops a contingency plan for the information system that:\r\n				1. Identifies essential missions and business functions and associated contingency requirements;\r\n				2. Provides recovery objectives, restoration priorities, and metrics;\r\n				3. Addresses contingency roles, responsibilities, assigned individuals with contact information;\r\n				4. Addresses maintaining essential missions and business functions despite an information system disruption, compromise, or failur',56,'Minimo'),(424,'CP-2(1)','The organization coordinates contingency plan development with organizational elements responsible for related plans.',56,'none'),(425,'CP-2(2)','The organization conducts capacity planning so that necessary capacity for information processing, telecommunications, and environmental support exists during contingency operations.',56,'none'),(426,'CP-2(3)','The organization plans for the resumption of essential missions and business functions within [Assignment: organization-defined time period] of contingency plan activation.',56,'none'),(427,'CP-2(4)','The organization plans for the resumption of all missions and business functions within [Assignment: organization-defined time period] of contingency plan activation.',56,'none'),(428,'CP-2(5)','The organization plans for the continuance of essential missions and business functions with little or no loss of operational continuity and sustains that continuity until full information system restoration at primary processing and/or storage sites.',56,'none'),(429,'CP-2(6)','The organization plans for the transfer of essential missions and business functions to alternate processing and/or storage sites with little or no loss of operational continuity and sustains that continuity through information system restoration to primary processing and/or storage sites.',56,'none'),(430,'CP-2(7)','The organization coordinates its contingency plan with the contingency plans of external service providers to ensure that contingency requirements can be satisfied.',56,'none'),(431,'CP-2(8)','The organization identifies critical information system assets supporting essential missions and business functions.',56,'none'),(432,'CP-3','The organization provides contingency training to information system users consistent with assigned roles and responsibilities: a. Within [Assignment: organization-defined time period] of assuming a contingency role or responsibility; b. When required by information system changes; and c. [Assignment: organization-defined frequency] thereafter.',56,'Minimo'),(433,'CP-3(1)','The organization incorporates simulated events into contingency training to facilitate effective response by personnel in crisis situations.',56,'none'),(434,'CP-3(2)','The organization employs automated mechanisms to provide a more thorough and realistic contingency training environment.',56,'none'),(435,'CP-4','The organization: a. Tests the contingency plan for the information system [Assignment: organization-defined frequency] using [Assignment: organization-defined tests] to determine the effectiveness of the plan and the organizational readiness to execute the plan; b. Reviews the contingency plan test results; and c. Initiates corrective actions, if needed.',56,'Minimo'),(436,'CP-4(1)','The organization coordinates contingency plan testing with organizational elements responsible for related plans.',56,'none'),(437,'CP-4(2)','The organization tests the contingency plan at the alternate processing site: (a) To familiarize contingency personnel with the facility and available resources; and (b) To evaluate the capabilities of the alternate processing site to support contingency operations.',56,'none'),(438,'CP-4(3)','The organization employs automated mechanisms to more thoroughly and effectively test the contingency plan.',56,'none'),(439,'CP-4(4)','The organization includes a full recovery and reconstitution of the information system to a known state as part of contingency plan testing.',56,'none'),(440,'CP-5','Withdrawn: Incorporated into CP-2.',56,'none'),(441,'CP-6','The organization: a. Establishes an alternate storage site including necessary agreements to permit the storage and retrieval of information system backup information; and b. Ensures that the alternate storage site provides information security safeguards equivalent to that of the primary site.',56,'Standard'),(442,'CP-6(1)','The organization identifies an alternate storage site that is separated from the primary storage site to reduce susceptibility to the same threats.',56,'none'),(443,'CP-6(2)','The organization configures the alternate storage site to facilitate recovery operations in accordance with recovery time and recovery point objectives.',56,'none'),(444,'CP-6(3)','The organization identifies potential accessibility problems to the alternate storage site in the event of an area-wide disruption or disaster and outlines explicit mitigation actions.',56,'none'),(445,'CP-7','The organization: a. Establishes an alternate processing site including necessary agreements to permit the transfer and resumption of [Assignment: organization-defined information system operations] for essential missions/business functions within [Assignment: organization-defined time periodconsistent with recovery time and recovery point objectives] when the primary processing capabilities are unavailable; b. Ensures that equipment and supplies required to transfer and resume operations are av',56,'Standard'),(446,'CP-7(1)','The organization identifies an alternate processing site that is separated from the primary processing site to reduce susceptibility to the same threats.',56,'none'),(447,'CP-7(2)','The organization identifies potential accessibility problems to the alternate processing site in the event of an area-wide disruption or disaster and outlines explicit mitigation actions.',56,'none'),(448,'CP-7(3)','The organization develops alternate processing site agreements that contain priority-of-service provisions in accordance with organizational availability requirements (including recovery time objectives).',56,'none'),(449,'CP-7(4)','The organization prepares the alternate processing site so that the site is ready to be used as the operational site supporting essential missions and business functions.',56,'none'),(450,'CP-7(5)','Withdrawn: Incorporated into CP-7.',56,'none'),(451,'CP-7(6)','The organization plans and prepares for circumstances that preclude returning to the primary processing site.',56,'none'),(452,'CP-8','The organization establishes alternate telecommunications services including necessary agreements to permit the resumption of [Assignment: organization-defined information system operations] for essential missions and business functions within [Assignment: organization-defined time period] when the primary telecommunications capabilities are unavailable at either the primary or alternate processing or storage sites.',56,'Standard'),(453,'CP-8(1)','The organization:(a) Develops primary and alternate telecommunications service agreements that contain priority-of-service provisions in accordance with organizational availability requirements (including recovery time objectives); and (b) Requests Telecommunications Service Priority for all telecommunications services used for national security emergency preparedness in the event that the primary and/or alternate telecommunications services are provided by a common carrier.',56,'none'),(454,'CP-8(2)','The organization obtains alternate telecommunications services to reduce the likelihood of sharing a single point of failure with primary telecommunications services.',56,'none'),(455,'CP-8(3)','The organization obtains alternate telecommunications services from providers that are separated from primary service providers to reduce susceptibility to the same threats.',56,'none'),(456,'CP-8(4)','The organization: (a) Requires primary and alternate telecommunications service providers to have contingency plans; (b) Reviews provider contingency plans to ensure that the plans meet organizational contingency requirements; and (c) Obtains evidence of contingency testing/training by providers [Assignment: organization-defined frequency].',56,'none'),(457,'CP-8(5)','The organization tests alternate telecommunication services [Assignment: organization-defined frequency].',56,'none'),(458,'CP-9','The organization: a. Conducts backups of user-level information contained in the information system [Assignment: organization-defined frequency consistent with recovery time and recovery point objectives]; b. Conducts backups of system-level information contained in the information system [Assignment: organization-defined frequency consistent with recovery time and recovery point objectives]; c. Conducts backups of information system documentation including security-related documentation [Assign',56,'Minimo'),(459,'CP-9(1)','The organization tests backup information [Assignment: organization-defined frequency] to verify media reliability and information integrity.',56,'none'),(460,'CP-9(2)','The organization uses a sample of backup information in the restoration of selected information system functions as part of contingency plan testing.',56,'none'),(461,'CP-9(3)','The organization stores backup copies of [Assignment: organization-defined critical information system software and other security-related information] in a separate facility or in a fire-rated container that is not collocated with the operational system.',56,'none'),(462,'CP-9(4)','Withdrawn: Incorporated into CP-9.',56,'none'),(463,'CP-9(5)','The organization transfers information system backup information to the alternate storage site [Assignment: organization-defined time period and transfer rate consistent with the recovery time and recovery point objectives].',56,'none'),(464,'CP-9(6)','The organization accomplishes information system backup by maintaining a redundant secondary system that is not collocated with the primary system and that can be activated without loss of information or disruption to operations.',56,'none'),(465,'CP-9(7)','The organization enforces dual authorization for the deletion or destruction of [Assignment: organization-defined backup information].',56,'none'),(466,'CP-10','The organization provides for the recovery and reconstitution of the information system to a known state after a disruption, compromise, or failure.',56,'Minimo'),(467,'CP-10(1)','Withdrawn: Incorporated into CP-4.',56,'none'),(468,'CP-10(2)','The information system implements transaction recovery for systems that are transaction-based.',56,'none'),(469,'CP-10(3)','Withdrawn: Addressed through tailoring procedures.',56,'none'),(470,'CP-10(4)','The organization provides the capability to restore information system components within [Assignment: organization-defined restoration time-periods] from configuration-controlled and integrity-protected information representing a known, operational state for the components.',56,'none'),(471,'CP-10(5)','Withdrawn: Incorporated into SI-13.',56,'none'),(472,'CP-10(6)','The organization protects backup and restoration hardware, firmware, and software.',56,'none'),(473,'CP-11','The information system provides the capability to employ [Assignment: organization-defined alternative communications protocols] in support of maintaining continuity of operations.',56,'Avanzato'),(474,'CP-12','The information system, when [Assignment: organization-defined conditions] are detected, enters a safe mode of operation with [Assignment: organization-defined restrictions of safe mode of operation].',56,'Avanzato'),(475,'CP-13','The organization employs [Assignment: organization-defined alternative or supplemental security mechanisms] for satisfying [Assignment: organization-defined security functions] when the primary means of implementing the security function is unavailable or compromised.',56,'Avanzato'),(476,'IA-1','The organization:\r\n			a. Develops, documents, and disseminates to [Assignment: organization-defined personnel or roles]:\r\n				1. An identification and authentication policy that addresses purpose, scope, roles, responsibilities, management commitment, coordination among organizational entities, and compliance; and\r\n				2. Procedures to facilitate the implementation of the identification and authentication policy and associated identification and authentication controls; and\r\n			b. Reviews and up',57,'Minimo'),(477,'IA-2','The information system uniquely identifies and authenticates organizational users (or processes acting on behalf of organizational users).',57,'Minimo'),(478,'IA-2(1)','The information system implements multifactor authentication for network access to privileged accounts.',57,'none'),(479,'IA-2(2)','The information system implements multifactor authentication for network access to non-privileged accounts.',57,'none'),(480,'IA-2(3)','The information system implements multifactor authentication for local access to privileged accounts.',57,'none'),(481,'IA-2(4)','The information system implements multifactor authentication for local access to non-privileged accounts.',57,'none'),(482,'IA-2(5)','The organization requires individuals to be authenticated with an individual authenticator when a group authenticator is employed.',57,'none'),(483,'IA-2(6)','The information system implements multifactor authentication for network access to privileged accounts such that one of the factors is provided by a device separate from the system gaining access and the device meets [Assignment: organization-defined strength of mechanism requirements].',57,'none'),(484,'IA-2(7)','The information system implements multifactor authentication for network access to non-privileged accounts such that one of the factors is provided by a device separate from the system gaining access and the device meets [Assignment: organization-defined strength of mechanism requirements].',57,'none'),(485,'IA-2(8)','The information system implements replay-resistant authentication mechanisms for network access to privileged accounts.',57,'none'),(486,'IA-2(9)','The information system implements replay-resistant authentication mechanisms for network access to non-privileged accounts.',57,'none'),(487,'IA-2(10)','The information system provides a single sign-on capability for [Assignment: organization-defined information system accounts and services].',57,'none'),(488,'IA-2(11)','The information system implements multifactor authentication for remote access to privileged and non-privileged accounts such that one of the factors is provided by a device separate from the system gaining access and the device meets [Assignment: organization-defined strength of mechanism requirements].',57,'none'),(489,'IA-2(12)','The information system accepts and electronically verifies Personal Identity Verification (PIV) credentials.',57,'none'),(490,'IA-2(13)','The information system implements [Assignment: organization-defined out-of-band authentication] under [Assignment: organization-defined conditions].',57,'none'),(491,'IA-3','The information system uniquely identifies and authenticates [Assignment: organization-defined specific and/or types of devices] before establishing a [Selection (one or more): local; remote; network] connection.',57,'Standard'),(492,'IA-3(1)','The information system authenticates [Assignment: organization-defined specific devices and/or types of devices] before establishing [Selection (one or more): local; remote; network] connection using bidirectional authentication that is cryptographically based.',57,'none'),(493,'IA-3(2)','Withdrawn: Incorporated into IA-3 (1).',57,'none'),(494,'IA-3(3)','The organization:(a) Standardizes dynamic address allocation lease information and the lease duration assigned to devices in accordance with [Assignment: organization-defined lease information and lease duration]; and (b) Audits lease information when assigned to a device.',57,'none'),(495,'IA-3(4)','The organization ensures that device identification and authentication based on attestation is handled by [Assignment: organization-defined configuration management process].',57,'none'),(496,'IA-4','The organization manages information system identifiers by:\r\n			a. Receiving authorization from [Assignment: organization-defined personnel or roles] to assign an individual, group, role, or device identifier;\r\n			b. Selecting an identifier that identifies an individual, group, role, or device;\r\n			c. Assigning the identifier to the intended individual, group, role, or device;\r\n			d. Preventing reuse of identifiers for [Assignment: organization-defined time period]; and\r\n			e. Disabling the iden',57,'Minimo'),(497,'IA-4(1)','The organization prohibits the use of information system account identifiers that are the same as public identifiers for individual electronic mail accounts.',57,'none'),(498,'IA-4(2)','The organization requires that the registration process to receive an individual identifier includes supervisor authorization.',57,'none'),(499,'IA-4(3)','The organization requires multiple forms of certification of individual identification be presented to the registration authority.',57,'none'),(500,'IA-4(4)','The organization manages individual identifiers by uniquely identifying each individual as [Assignment: organization-defined characteristic identifying individual status].',57,'none'),(501,'IA-4(5)','The information system dynamically manages identifiers.',57,'none'),(502,'IA-4(6)','The organization coordinates with [Assignment: organization-defined external organizations] for cross-organization management of identifiers.',57,'none'),(503,'IA-4(7)','The organization requires that the registration process to receive an individual identifier be conducted in person before a designated registration authority.',57,'none'),(504,'IA-5','The organization manages information system authenticators by:\r\n			a. Verifying, as part of the initial authenticator distribution, the identity of the individual, group, role, or device receiving the authenticator;\r\n			b. Establishing initial authenticator content for authenticators defined by the organization;\r\n			c. Ensuring that authenticators have sufficient strength of mechanism for their intended use;\r\n			d. Establishing and implementing administrative procedures for initial authenticator',57,'Minimo'),(505,'IA-5(1)','The information system, for password-based authentication:\r\n			(a) Enforces minimum password complexity of [Assignment: organization-defined requirements for case sensitivity, number of characters, mix of upper-case letters, lower-case letters, numbers, and special characters, including minimum requirements for each type];\r\n			(b) Enforces at least the following number of changed characters when new passwords are created: [Assignment: organization-defined number];\r\n			(c) Stores and transmits on',57,'none'),(506,'IA-5(2)','The information system, for PKI-based authentication: (a) Validates certifications by constructing and verifying a certification path to an accepted trust anchor including checking certificate status information; (b) Enforces authorized access to the corresponding private key; (c) Maps the authenticated identity to the account of the individual or group; and (d) Implements a local cache of revocation data to support path discovery and validation in case of inability to access revocation informat',57,'none'),(507,'IA-5(3)','The organization requires that the registration process to receive [Assignment: organization-defined types of and/or specific authenticators] be conducted [Selection: in person; by a trusted third party] before [Assignment: organization-defined registration authority] with authorization by [Assignment: organization-defined personnel or roles].',57,'none'),(508,'IA-5(4)','The organization employs automated tools to determine if password authenticators are sufficiently strong to satisfy [Assignment: organization-defined requirements].',57,'none'),(509,'IA-5(5)','The organization requires developers/installers of information system components to provide unique authenticators or change default authenticators prior to delivery/installation.',57,'none'),(510,'IA-5(6)','The organization protects authenticators commensurate with the security category of the information to which use of the authenticator permits access.',57,'none'),(511,'IA-5(7)','The organization ensures that unencrypted static authenticators are not embedded in applications or access scripts or stored on function keys.',57,'none'),(512,'IA-5(8)','The organization implements [Assignment: organization-defined security safeguards] to manage the risk of compromise due to individuals having accounts on multiple information systems.',57,'none'),(513,'IA-5(9)','The organization coordinates with [Assignment: organization-defined external organizations] for cross-organization management of credentials.',57,'none'),(514,'IA-5(10)','The information system dynamically provisions identities.',57,'none'),(515,'IA-5(11)','The information system, for hardware token-based authentication, employs mechanisms that satisfy [Assignment: organization-defined token quality requirements].',57,'none'),(516,'IA-5(12)','The information system, for biometric-based authentication, employs mechanisms that satisfy [Assignment: organization-defined biometric quality requirements].',57,'none'),(517,'IA-5(13)','The information system prohibits the use of cached authenticators after [Assignment: organization-defined time period].',57,'none'),(518,'IA-5(14)','The organization, for PKI-based authentication, employs a deliberate organization-wide methodology for managing the content of PKI trust stores installed across all platforms including networks, operating systems, browsers, and applications.',57,'none'),(519,'IA-5(15)','The organization uses only FICAM-approved path discovery and validation products and services.',57,'none'),(520,'IA-6','The information system obscures feedback of authentication information during the authentication process to protect the information from possible exploitation/use by unauthorized individuals.',57,'Minimo'),(521,'IA-7','The information system implements mechanisms for authentication to a cryptographic module that meet the requirements of applicable federal laws, Executive Orders, directives, policies, regulations, standards, and guidance for such authentication.',57,'Minimo'),(522,'IA-8','The information system uniquely identifies and authenticates non-organizational users (or processes acting on behalf of non-organizational users).',57,'Minimo'),(523,'IA-8(1)','The information system accepts and electronically verifies Personal Identity Verification (PIV) credentials from other federal agencies.',57,'none'),(524,'IA-8(2)','The information system accepts only FICAM-approved third-party credentials.',57,'none'),(525,'IA-8(3)','The organization employs only FICAM-approved information system components in [Assignment: organization-defined information systems] to accept third-party credentials.',57,'none'),(526,'IA-8(4)','The information system conforms to FICAM-issued profiles.',57,'none'),(527,'IA-8(5)','The information system accepts and electronically verifies Personal Identity Verification-I (PIV-I) credentials.',57,'none'),(528,'IA-9','The organization identifies and authenticates [Assignment: organization-defined information system services] using [Assignment: organization-defined security safeguards].',57,'Avanzato'),(529,'IA-9(1)','The organization ensures that service providers receive, validate, and transmit identification and authentication information.',57,'none'),(530,'IA-9(2)','The organization ensures that identification and authentication decisions are transmitted between [Assignment: organization-defined services] consistent with organizational policies.',57,'none'),(531,'IA-10','The organization requires that individuals accessing the information system employ [Assignment: organization-defined supplemental authentication techniques or mechanisms] under specific [Assignment: organization-defined circumstances or situations].',57,'Avanzato'),(532,'IA-11','The organization requires users and devices to re-authenticate when [Assignment: organization-defined circumstances or situations requiring re-authentication].',57,'Minimo'),(533,'IR-1','The organization:\r\n			a. Develops, documents, and disseminates to [Assignment: organization-defined personnel or roles]:\r\n				1. An incident response policy that addresses purpose, scope, roles, responsibilities, management commitment, coordination among organizational entities, and compliance; and\r\n				2. Procedures to facilitate the implementation of the incident response policy and associated incident response controls; and\r\n			b. Reviews and updates the current:\r\n				1. Incident response pol',58,'Minimo'),(534,'IR-2','The organization provides incident response training to information system users consistent with assigned roles and responsibilities: a. Within [Assignment: organization-defined time period] of assuming an incident response role or responsibility; b. When required by information system changes; and c. [Assignment: organization-defined frequency] thereafter.',58,'Minimo'),(535,'IR-2(1)','The organization incorporates simulated events into incident response training to facilitate effective response by personnel in crisis situations.',58,'none'),(536,'IR-2(2)','The organization employs automated mechanisms to provide a more thorough and realistic incident response training environment.',58,'none'),(537,'IR-3','The organization tests the incident response capability for the information system [Assignment: organization-defined frequency] using [Assignment: organization-defined tests] to determine the incident response effectiveness and documents the results.',58,'Standard'),(538,'IR-3(1)','The organization employs automated mechanisms to more thoroughly and effectively test the incident response capability.',58,'none'),(539,'IR-3(2)','The organization coordinates incident response testing with organizational elements responsible for related plans.',58,'none'),(540,'IR-4','The organization: a. Implements an incident handling capability for security incidents that includes preparation, detection and analysis, containment, eradication, and recovery; b. Coordinates incident handling activities with contingency planning activities; and c. Incorporates lessons learned from ongoing incident handling activities into incident response procedures, training, and testing, and implements the resulting changes accordingly.',58,'Minimo'),(541,'IR-4(1)','The organization employs automated mechanisms to support the incident handling process.',58,'none'),(542,'IR-4(2)','The organization includes dynamic reconfiguration of [Assignment: organization-defined information system components] as part of the incident response capability.',58,'none'),(543,'IR-4(3)','The organization identifies [Assignment: organization-defined classes of incidents] and [Assignment: organization-defined actions to take in response to classes of incidents] to ensure continuation of organizational missions and business functions.',58,'none'),(544,'IR-4(4)','The organization correlates incident information and individual incident responses to achieve an organization-wide perspective on incident awareness and response.',58,'none'),(545,'IR-4(5)','The organization implements a configurable capability to automatically disable the information system if [Assignment: organization-defined security violations] are detected.',58,'none'),(546,'IR-4(6)','The organization implements incident handling capability for insider threats.',58,'none'),(547,'IR-4(7)','The organization coordinates incident handling capability for insider threats across [Assignment: organization-defined components or elements of the organization].',58,'none'),(548,'IR-4(8)','The organization coordinates with [Assignment: organization-defined external organizations] to correlate and share [Assignment: organization-defined incident information] to achieve a cross-organization perspective on incident awareness and more effective incident responses.',58,'none'),(549,'IR-4(9)','The organization employs [Assignment: organization-defined dynamic response capabilities] to effectively respond to security incidents.',58,'none'),(550,'IR-4(10)','The organization coordinates incident handling activities involving supply chain events with other organizations involved in the supply chain.',58,'none'),(551,'IR-5','',58,'Minimo'),(552,'IR-5(1)','The organization employs automated mechanisms to assist in the tracking of security incidents and in the collection and analysis of incident information.',58,'none'),(553,'IR-6','The organization: a. Requires personnel to report suspected security incidents to the organizational incident response capability within [Assignment: organization-defined time period]; and b. Reports security incident information to [Assignment: organization-defined authorities].',58,'Minimo'),(554,'IR-6(1)','The organization employs automated mechanisms to assist in the reporting of security incidents.',58,'none'),(555,'IR-6(2)','The organization reports information system vulnerabilities associated with reported security incidents to [Assignment: organization-defined personnel or roles].',58,'none'),(556,'IR-6(3)','The organization provides security incident information to other organizations involved in the supply chain for information systems or information system components related to the incident.',58,'none'),(557,'IR-7','The organization provides an incident response support resource, integral to the organizational incident response capability that offers advice and assistance to users of the information system for the handling and reporting of security incidents.',58,'Minimo'),(558,'IR-7(1)','The organization employs automated mechanisms to increase the availability of incident response-related information and support.',58,'none'),(559,'IR-7(2)','The organization:(a) Establishes a direct, cooperative relationship between its incident response capability and external providers of information system protection capability; and (b) Identifies organizational incident response team members to the external providers.',58,'none'),(560,'IR-8','The organization:\r\n			a. Develops an incident response plan that:\r\n				1. Provides the organization with a roadmap for implementing its incident response capability;\r\n				2. Describes the structure and organization of the incident response capability;\r\n				3. Provides a high-level approach for how the incident response capability fits into the overall organization;\r\n				4. Meets the unique requirements of the organization, which relate to mission, size, structure, and functions;\r\n				5. Defines ',58,'Minimo'),(561,'IR-9','The organization responds to information spills by:\r\n			a. Identifying the specific information involved in the information system contamination;\r\n			b. Alerting [Assignment: organization-defined personnel or roles] of the information spill using a method of communication not associated with the spill;\r\n			c. Isolating the contaminated information system or system component;\r\n			d. Eradicating the information from the contaminated information system or component;\r\n			e. Identifying other informa',58,'Avanzato'),(562,'IR-9(1)','The organization assigns [Assignment: organization-defined personnel or roles] with responsibility for responding to information spills.',58,'none'),(563,'IR-9(2)','The organization provides information spillage response training [Assignment: organization-defined frequency].',58,'none'),(564,'IR-9(3)','The organization implements [Assignment: organization-defined procedures] to ensure that organizational personnel impacted by information spills can continue to carry out assigned tasks while contaminated systems are undergoing corrective actions.',58,'none'),(565,'IR-9(4)','The organization employs [Assignment: organization-defined security safeguards] for personnel exposed to information not within assigned access authorizations.',58,'none'),(566,'IR-10','The organization establishes an integrated team of forensic/malicious code analysts, tool developers, and real-time operations personnel.',58,'none'),(567,'MA-1','The organization:\r\n			a. Develops, documents, and disseminates to [Assignment: organization-defined personnel or roles]:\r\n				1. A system maintenance policy that addresses purpose, scope, roles, responsibilities, management commitment, coordination among organizational entities, and compliance; and\r\n				2. Procedures to facilitate the implementation of the system maintenance policy and associated system maintenance controls; and\r\n			b. Reviews and updates the current:\r\n				1. System maintenance ',59,'Minimo'),(568,'MA-2','The organization:\r\n			a. Schedules, performs, documents, and reviews records of maintenance and repairs on information system components in accordance with manufacturer or vendor specifications and/or organizational requirements;\r\n			b. Approves and monitors all maintenance activities, whether performed on site or remotely and whether the equipment is serviced on site or removed to another location;\r\n			c. Requires that [Assignment: organization-defined personnel or roles] explicitly approve the',59,'Minimo'),(569,'MA-2(1)','Withdrawn: Incorporated into MA-2.',59,'none'),(570,'MA-2(2)','The organization: (a) Employs automated mechanisms to schedule, conduct, and document maintenance and repairs; and (b) Produces up-to date, accurate, and complete records of all maintenance and repair actions requested, scheduled, in process, and completed.',59,'none'),(571,'MA-3','The organization approves, controls, and monitors information system maintenance tools.',59,'Standard'),(572,'MA-3(1)','The organization inspects the maintenance tools carried into a facility by maintenance personnel for improper or unauthorized modifications.',59,'none'),(573,'MA-3(2)','The organization checks media containing diagnostic and test programs for malicious code before the media are used in the information system.',59,'none'),(574,'MA-3(3)','The organization prevents the unauthorized removal of maintenance equipment containing organizational information by: (a) Verifying that there is no organizational information contained on the equipment; (b) Sanitizing or destroying the equipment; (c) Retaining the equipment within the facility; or (d) Obtaining an exemption from [Assignment: organization-defined personnel or roles] explicitly authorizing removal of the equipment from the facility.',59,'none'),(575,'MA-3(4)','The information system restricts the use of maintenance tools to authorized personnel only.',59,'none'),(576,'MA-4','The organization: a. Approves and monitors nonlocal maintenance and diagnostic activities; b. Allows the use of nonlocal maintenance and diagnostic tools only as consistent with organizational policy and documented in the security plan for the information system; c. Employs strong authenticators in the establishment of nonlocal maintenance and diagnostic sessions; d. Maintains records for nonlocal maintenance and diagnostic activities; and e. Terminates session and network connections when nonlo',59,'Minimo'),(577,'MA-4(1)','The organization: (a) Audits nonlocal maintenance and diagnostic sessions [Assignment: organization-defined audit events]; and (b) Reviews the records of the maintenance and diagnostic sessions.',59,'none'),(578,'MA-4(2)','The organization documents in the security plan for the information system, the policies and procedures for the establishment and use of nonlocal maintenance and diagnostic connections.',59,'none'),(579,'MA-4(3)','The organization:\r\n			(a) Requires that nonlocal maintenance and diagnostic services be performed from an information system that implements a security capability comparable to the capability implemented on the system being serviced; or\r\n			(b) Removes the component to be serviced from the information system prior to nonlocal maintenance or diagnostic services, sanitizes the component (with regard to organizational information) before removal from organizational facilities, and after the service',59,'none'),(580,'MA-4(4)','The organization protects nonlocal maintenance sessions by:\r\n			(a) Employing [Assignment: organization-defined authenticators that are replay resistant]; and\r\n			(b) Separating the maintenance sessions from other network sessions with the information system by either:\r\n				(1) Physically separated communications paths; or\r\n				(2) Logically separated communications paths based upon encryption.',59,'none'),(581,'MA-4(5)','The organization: (a) Requires the approval of each nonlocal maintenance session by [Assignment: organization-defined personnel or roles]; and (b) Notifies [Assignment: organization-defined personnel or roles] of the date and time of planned nonlocal maintenance.',59,'none'),(582,'MA-4(6)','The information system implements cryptographic mechanisms to protect the integrity and confidentiality of nonlocal maintenance and diagnostic communications.',59,'none'),(583,'MA-4(7)','The information system implements remote disconnect verification at the termination of nonlocal maintenance and diagnostic sessions.',59,'none'),(584,'MA-5','The organization: a. Establishes a process for maintenance personnel authorization and maintains a list of authorized maintenance organizations or personnel; b. Ensures that non-escorted personnel performing maintenance on the information system have required access authorizations; and c. Designates organizational personnel with required access authorizations and technical competence to supervise the maintenance activities of personnel who do not possess the required access authorizations.',59,'Minimo'),(585,'MA-5(1)','The organization:\r\n			(a) Implements procedures for the use of maintenance personnel that lack appropriate security clearances or are not U.S. citizens, that include the following requirements:\r\n				(1) Maintenance personnel who do not have needed access authorizations, clearances, or formal access approvals are escorted and supervised during the performance of maintenance and diagnostic activities on the information system by approved organizational personnel who are fully cleared, have appropr',59,'none'),(586,'MA-5(2)','The organization ensures that personnel performing maintenance and diagnostic activities on an information system processing, storing, or transmitting classified information possess security clearances and formal access approvals for at least the highest classification level and for all compartments of information on the system.',59,'none'),(587,'MA-5(3)','The organization ensures that personnel performing maintenance and diagnostic activities on an information system processing, storing, or transmitting classified information are U.S. citizens.',59,'none'),(588,'MA-5(4)','The organization ensures that:\r\n			(a) Cleared foreign nationals (i.e., foreign nationals with appropriate security clearances), are used to conduct maintenance and diagnostic activities on classified information systems only when the systems are jointly owned and operated by the United States and foreign allied governments, or owned and operated solely by foreign allied governments; and\r\n			(b) Approvals, consents, and detailed operational conditions regarding the use of foreign nationals to co',59,'none'),(589,'MA-5(5)','The organization ensures that non-escorted personnel performing maintenance activities not directly associated with the information system but in the physical proximity of the system, have required access authorizations.',59,'none'),(590,'MA-6','The organization obtains maintenance support and/or spare parts for [Assignment: organization-defined information system components] within [Assignment: organization-defined time period] of failure.',59,'Standard'),(591,'MA-6(1)','The organization performs preventive maintenance on [Assignment: organization-defined information system components] at [Assignment: organization-defined time intervals].',59,'none'),(592,'MA-6(2)','The organization performs predictive maintenance on [Assignment: organization-defined information system components] at [Assignment: organization-defined time intervals].',59,'none'),(593,'MA-6(3)','The organization employs automated mechanisms to transfer predictive maintenance data to a computerized maintenance management system.',59,'none'),(594,'MP-1','The organization:\r\n			a. Develops, documents, and disseminates to [Assignment: organization-defined personnel or roles]:\r\n				1. A media protection policy that addresses purpose, scope, roles, responsibilities, management commitment, coordination among organizational entities, and compliance; and\r\n				2. Procedures to facilitate the implementation of the media protection policy and associated media protection controls; and\r\n			b. Reviews and updates the current:\r\n				1. Media protection policy [',60,'Minimo'),(595,'MP-2','The organization restricts access to [Assignment: organization-defined types of digital and/or non-digital media] to [Assignment: organization-defined personnel or roles].',60,'Minimo'),(596,'MP-2(1)','Withdrawn: Incorporated into MP-4 (2).',60,'none'),(597,'MP-2(2)','Withdrawn: Incorporated into SC-28 (1).',60,'none'),(598,'MP-3','The organization: a. Marks information system media indicating the distribution limitations, handling caveats, and applicable security markings (if any) of the information; and b. Exempts [Assignment: organization-defined types of information system media] from marking as long as the media remain within [Assignment: organization-defined controlled areas].',60,'Standard'),(599,'MP-4','The organization: a. Physically controls and securely stores [Assignment: organization-defined types of digital and/or non-digital media] within [Assignment: organization-defined controlled areas]; and b. Protects information system media until the media are destroyed or sanitized using approved equipment, techniques, and procedures.',60,'Standard'),(600,'MP-4(1)','Withdrawn: Incorporated into SC-28 (1).',60,'none'),(601,'MP-4(2)','The organization employs automated mechanisms to restrict access to media storage areas and to audit access attempts and access granted.',60,'none'),(602,'MP-5','The organization: a. Protects and controls [Assignment: organization-defined types of information system media] during transport outside of controlled areas using [Assignment: organization-defined security safeguards]; b. Maintains accountability for information system media during transport outside of controlled areas; c. Documents activities associated with the transport of information system media; and d. Restricts the activities associated with the transport of information system media to au',60,'Standard'),(603,'MP-5(1)','Withdrawn: Incorporated into MP-5.',60,'none'),(604,'MP-5(2)','Withdrawn: Incorporated into MP-5.',60,'none'),(605,'MP-5(3)','The organization employs an identified custodian during transport of information system media outside of controlled areas.',60,'none'),(606,'MP-5(4)','The information system implements cryptographic mechanisms to protect the confidentiality and integrity of information stored on digital media during transport outside of controlled areas.',60,'none'),(607,'MP-6','The organization: a. Sanitizes [Assignment: organization-defined information system media] prior to disposal, release out of organizational control, or release for reuse using [Assignment: organization-defined sanitization techniques and procedures] in accordance with applicable federal and organizational standards and policies; and b. Employs sanitization mechanisms with the strength and integrity commensurate with the security category or classification of the information.',60,'Minimo'),(608,'MP-6(1)','The organization reviews, approves, tracks, documents, and verifies media sanitization and disposal actions.',60,'none'),(609,'MP-6(2)','The organization tests sanitization equipment and procedures [Assignment: organization-defined frequency] to verify that the intended sanitization is being achieved.',60,'none'),(610,'MP-6(3)','The organization applies nondestructive sanitization techniques to portable storage devices prior to connecting such devices to the information system under the following circumstances: [Assignment: organization-defined circumstances requiring sanitization of portable storage devices].',60,'none'),(611,'MP-6(4)','Withdrawn: Incorporated into MP-6.',60,'none'),(612,'MP-6(5)','Withdrawn: Incorporated into MP-6.',60,'none'),(613,'MP-6(6)','Withdrawn: Incorporated into MP-6.',60,'none'),(614,'MP-6(7)','The organization enforces dual authorization for the sanitization of [Assignment: organization-defined information system media].',60,'none'),(615,'MP-6(8)','The organization provides the capability to purge/wipe information from [Assignment: organization-defined information systems, system components, or devices] either remotely or under the following conditions: [Assignment: organization-defined conditions].',60,'none'),(616,'MP-7','The organization [Selection: restricts; prohibits] the use of [Assignment: organization-defined types of information system media] on [Assignment: organization-defined information systems or system components] using [Assignment: organization-defined security safeguards].',60,'none'),(617,'MP-7(1)','The organization prohibits the use of portable storage devices in organizational information systems when such devices have no identifiable owner.',60,'none'),(618,'MP-7(2)','The organization prohibits the use of sanitization-resistant media in organizational information systems.',60,'none'),(619,'MP-8','The organization:\r\n			a. Establishes [Assignment: organization-defined information system media downgrading process] that includes employing downgrading mechanisms with [Assignment: organization-defined strength and integrity];\r\n			b. Ensures that the information system media downgrading process is commensurate with the security category and/or classification level of the information to be removed and the access authorizations of the potential recipients of the downgraded information;\r\n			c. Ide',60,'Avanzato'),(620,'MP-8(1)','The organization documents information system media downgrading actions.',60,'none'),(621,'MP-8(2)','The organization employs [Assignment: organization-defined tests] of downgrading equipment and procedures to verify correct performance [Assignment: organization-defined frequency].',60,'none'),(622,'MP-8(3)','The organization downgrades information system media containing [Assignment: organization-defined Controlled Unclassified Information (CUI)] prior to public release in accordance with applicable federal and organizational standards and policies.',60,'none'),(623,'MP-8(4)','The organization downgrades information system media containing classified information prior to release to individuals without required access authorizations in accordance with NSA standards and policies.',60,'none'),(624,'PE-1','The organization:\r\n			a. Develops, documents, and disseminates to [Assignment: organization-defined personnel or roles]:\r\n				1. A physical and environmental protection policy that addresses purpose, scope, roles, responsibilities, management commitment, coordination among organizational entities, and compliance; and\r\n				2. Procedures to facilitate the implementation of the physical and environmental protection policy and associated physical and environmental protection controls; and\r\n			b. Rev',61,'Minimo'),(625,'PE-2','The organization: a. Develops, approves, and maintains a list of individuals with authorized access to the facility where the information system resides; b. Issues authorization credentials for facility access; c. Reviews the access list detailing authorized facility access by individuals [Assignment: organization-defined frequency]; and d. Removes individuals from the facility access list when access is no longer required.',61,'Minimo'),(626,'PE-2(1)','The organization authorizes physical access to the facility where the information system resides based on position or role.',61,'none'),(627,'PE-2(2)','The organization requires two forms of identification from [Assignment: organization-defined list of acceptable forms of identification] for visitor access to the facility where the information system resides.',61,'none'),(628,'PE-2(3)','The organization restricts unescorted access to the facility where the information system resides to personnel with [Selection (one or more): security clearances for all information contained within the system; formal access authorizations for all information contained within the system; need for access to all information contained within the system; [Assignment: organization-defined credentials]].',61,'none'),(629,'PE-3','The organization:\r\n			a. Enforces physical access authorizations at [Assignment: organization-defined entry/exit points to the facility where the information system resides] by;\r\n				1. Verifying individual access authorizations before granting access to the facility; and\r\n				2. Controlling ingress/egress to the facility using [Selection (one or more): [Assignment: organization-defined physical access control systems/devices]; guards];\r\n			b. Maintains physical access audit logs for [Assignment',61,'Minimo'),(630,'PE-3(1)','The organization enforces physical access authorizations to the information system in addition to the physical access controls for the facility at [Assignment: organization-defined physical spaces containing one or more components of the information system].',61,'none'),(631,'PE-3(2)','The organization performs security checks [Assignment: organization-defined frequency] at the physical boundary of the facility or information system for unauthorized exfiltration of information or removal of information system components.',61,'none'),(632,'PE-3(3)','The organization employs guards and/or alarms to monitor every physical access point to the facility where the information system resides 24 hours per day, 7 days per week.',61,'none'),(633,'PE-3(4)','The organization uses lockable physical casings to protect [Assignment: organization-defined information system components] from unauthorized physical access.',61,'none'),(634,'PE-3(5)','The organization employs [Assignment: organization-defined security safeguards] to [Selection (one or more): detect; prevent] physical tampering or alteration of [Assignment: organization-defined hardware components] within the information system.',61,'none'),(635,'PE-3(6)','The organization employs a penetration testing process that includes [Assignment: organization-defined frequency], unannounced attempts to bypass or circumvent security controls associated with physical access points to the facility.',61,'none'),(636,'PE-4','The organization controls physical access to [Assignment: organization-defined information system distribution and transmission lines] within organizational facilities using [Assignment: organization-defined security safeguards].',61,'Standard'),(637,'PE-5','The organization controls physical access to information system output devices to prevent unauthorized individuals from obtaining the output.',61,'Standard'),(638,'PE-5(1)','The organization:(a) Controls physical access to output from [Assignment: organization-defined output devices]; and (b) Ensures that only authorized individuals receive output from the device.',61,'none'),(639,'PE-5(2)','The information system:(a) Controls physical access to output from [Assignment: organization-defined output devices]; and(b) Links individual identity to receipt of the output from the device.',61,'none'),(640,'PE-5(3)','The organization marks [Assignment: organization-defined information system output devices] indicating the appropriate security marking of the information permitted to be output from the device.',61,'none'),(641,'PE-6','The organization: a. Monitors physical access to the facility where the information system resides to detect and respond to physical security incidents; b. Reviews physical access logs [Assignment: organization-defined frequency] and upon occurrence of [Assignment: organization-defined events or potential indications of events]; and c. Coordinates results of reviews and investigations with the organizational incident response capability.',61,'Minimo'),(642,'PE-6(1)','The organization monitors physical intrusion alarms and surveillance equipment.',61,'none'),(643,'PE-6(2)','The organization employs automated mechanisms to recognize [Assignment: organization-defined classes/types of intrusions] and initiate [Assignment: organization-defined response actions].',61,'none'),(644,'PE-6(3)','The organization employs video surveillance of [Assignment: organization-defined operational areas] and retains video recordings for [Assignment: organization-defined time period].',61,'none'),(645,'PE-6(4)','The organization monitors physical access to the information system in addition to the physical access monitoring of the facility as [Assignment: organization-defined physical spaces containing one or more components of the information system].',61,'none'),(646,'PE-7','Withdrawn: Incorporated into PE-2 and PE-3.',61,'none'),(647,'PE-8','The organization: a. Maintains visitor access records to the facility where the information system resides for [Assignment: organization-defined time period]; and b. Reviews visitor access records [Assignment: organization-defined frequency].',61,'Minimo'),(648,'PE-8(1)','The organization employs automated mechanisms to facilitate the maintenance and review of visitor access records.',61,'none'),(649,'PE-8(2)','Withdrawn: Incorporated into PE-2.',61,'none'),(650,'PE-9','The organization protects power equipment and power cabling for the information system from damage and destruction.',61,'Standard'),(651,'PE-9(1)','The organization employs redundant power cabling paths that are physically separated by [Assignment: organization-defined distance].',61,'none'),(652,'PE-9(2)','The organization employs automatic voltage controls for [Assignment: organization-defined critical information system components].',61,'none'),(653,'PE-10','The organization: a. Provides the capability of shutting off power to the information system or individual system components in emergency situations; b. Places emergency shutoff switches or devices in [Assignment: organization-defined location by information system or system component] to facilitate safe and easy access for personnel; and c. Protects emergency power shutoff capability from unauthorized activation.',61,'Standard'),(654,'PE-10(1)','Withdrawn: Incorporated into PE-10.',61,'none'),(655,'PE-11','The organization provides a short-term uninterruptible power supply to facilitate [Selection (one or more): an orderly shutdown of the information system; transition of the information system to long-term alternate power] in the event of a primary power source loss.',61,'Standard'),(656,'PE-11(1)','The organization provides a long-term alternate power supply for the information system that is capable of maintaining minimally required operational capability in the event of an extended loss of the primary power source.',61,'none'),(657,'PE-11(2)','The organization provides a long-term alternate power supply for the information system that is:(a) Self-contained;(b) Not reliant on external power generation; and (c) Capable of maintaining [Selection: minimally required operational capability; full operational capability] in the event of an extended loss of the primary power source.',61,'none'),(658,'PE-12','The organization employs and maintains automatic emergency lighting for the information system that activates in the event of a power outage or disruption and that covers emergency exits and evacuation routes within the facility.',61,'Minimo'),(659,'PE-12(1)','The organization provides emergency lighting for all areas within the facility supporting essential missions and business functions.',61,'none'),(660,'PE-13','The organization employs and maintains fire suppression and detection devices/systems for the information system that are supported by an independent energy source.',61,'Minimo'),(661,'PE-13(1)','The organization employs fire detection devices/systems for the information system that activate automatically and notify [Assignment: organization-defined personnel or roles] and [Assignment: organization-defined emergency responders] in the event of a fire.',61,'none'),(662,'PE-13(2)','The organization employs fire suppression devices/systems for the information system that provide automatic notification of any activation to Assignment: organization-defined personnel or roles] and [Assignment: organization-defined emergency responders].',61,'none'),(663,'PE-13(3)','The organization employs an automatic fire suppression capability for the information system when the facility is not staffed on a continuous basis.',61,'none'),(664,'PE-13(4)','The organization ensures that the facility undergoes [Assignment: organization-defined frequency] inspections by authorized and qualified inspectors and resolves identified deficiencies within [Assignment: organization-defined time period].',61,'none'),(665,'PE-14','The organization:a. Maintains temperature and humidity levels within the facility where the information system resides at [Assignment: organization-defined acceptable levels]; and b. Monitors temperature and humidity levels [Assignment: organization-defined frequency].',61,'Minimo'),(666,'PE-14(1)','The organization employs automatic temperature and humidity controls in the facility to prevent fluctuations potentially harmful to the information system.',61,'none'),(667,'PE-14(2)','The organization employs temperature and humidity monitoring that provides an alarm or notification of changes potentially harmful to personnel or equipment.',61,'none'),(668,'PE-15','The organization protects the information system from damage resulting from water leakage by providing master shutoff or isolation valves that are accessible, working properly, and known to key personnel.',61,'Minimo'),(669,'PE-15(1)','The organization employs automated mechanisms to detect the presence of water in the vicinity of the information system and alerts [Assignment: organization-defined personnel or roles].',61,'none'),(670,'PE-16','The organization authorizes, monitors, and controls [Assignment: organization-defined types of information system components] entering and exiting the facility and maintains records of those items.',61,'Minimo'),(671,'PE-17','The organization: a. Employs [Assignment: organization-defined security controls] at alternate work sites; b. Assesses as feasible, the effectiveness of security controls at alternate work sites; and c. Provides a means for employees to communicate with information security personnel in case of security incidents or problems.',61,'Standard'),(672,'PE-18','The organization positions information system components within the facility to minimize potential damage from [Assignment: organization-defined physical and environmental hazards] and to minimize the opportunity for unauthorized access.',61,'Avanzato'),(673,'PE-18(1)','The organization plans the location or site of the facility where the information system resides with regard to physical and environmental hazards and for existing facilities, considers the physical and environmental hazards in its risk mitigation strategy.',61,'none'),(674,'PE-19','The organization protects the information system from information leakage due to electromagnetic signals emanations.',61,'none'),(675,'PE-19(1)','The organization ensures that information system components, associated data communications, and networks are protected in accordance with national emissions and TEMPEST policies and procedures based on the security category or classification of the information.',61,'none'),(676,'PE-20','The organization: a. Employs [Assignment: organization-defined asset location technologies] to track and monitor the location and movement of [Assignment: organization-defined assets] within [Assignment: organization-defined controlled areas]; and b. Ensures that asset location technologies are employed in accordance with applicable federal laws, Executive Orders, directives, regulations, policies, standards, and guidance.',61,'none'),(677,'PL-1','The organization:\r\n			a. Develops, documents, and disseminates to [Assignment: organization-defined personnel or roles]:\r\n				1. A security planning policy that addresses purpose, scope, roles, responsibilities, management commitment, coordination among organizational entities, and compliance; and\r\n				2. Procedures to facilitate the implementation of the security planning policy and associated security planning controls; and\r\n			b. Reviews and updates the current:\r\n				1. Security planning poli',62,'Minimo'),(678,'PL-2','The organization:\r\n			a. Develops a security plan for the information system that:\r\n				1. Is consistent with the organizations enterprise architecture;\r\n				2. Explicitly defines the authorization boundary for the system;\r\n				3. Describes the operational context of the information system in terms of missions and business processes;\r\n				4. Provides the security categorization of the information system including supporting rationale;\r\n				5. Describes the operational environment for the inform',62,'Minimo'),(679,'PL-2(1)','Withdrawn: Incorporated into PL-7.',62,'none'),(680,'PL-2(2)','Withdrawn: Incorporated into PL-8.',62,'none'),(681,'PL-2(3)','The organization plans and coordinates security-related activities affecting the information system with [Assignment: organization-defined individuals or groups] before conducting such activities in order to reduce the impact on other organizational entities.',62,'none'),(682,'PL-3','Withdrawn: Incorporated into PL-2.',62,'none'),(683,'PL-4','The organization:\r\n			a. Establishes and makes readily available to individuals requiring access to the information system, the rules that describe their responsibilities and expected behavior with regard to information and information system usage;\r\n			b. Receives a signed acknowledgment from such individuals, indicating that they have read, understand, and agree to abide by the rules of behavior, before authorizing access to information and the information system;\r\n			c. Reviews and updates th',62,'Minimo'),(684,'PL-4(1)','The organization includes in the rules of behavior, explicit restrictions on the use of social media/networking sites and posting organizational information on public websites.',62,'none'),(685,'PL-5','Withdrawn: Incorporated into Appendix J, AR-2.',62,'none'),(686,'PL-6','Withdrawn: Incorporated into PL-2.',62,'none'),(687,'PL-7','The organization:a. Develops a security Concept of Operations (CONOPS) for the information system containing at a minimum, how the organization intends to operate the system from the perspective of information security; and b. Reviews and updates the CONOPS [Assignment: organization-defined frequency].',62,'Avanzato'),(688,'PL-8','The organization:\r\n			a. Develops an information security architecture for the information system that:\r\n				1. Describes the overall philosophy, requirements, and approach to be taken with regard to protecting the confidentiality, integrity, and availability of organizational information;\r\n				2. Describes how the information security architecture is integrated into and supports the enterprise architecture; and\r\n				3. Describes any information security assumptions about, and dependencies on, e',62,'Standard'),(689,'PL-8(1)','The organization designs its security architecture using a defense-in-depth approach that: (a) Allocates [Assignment: organization-defined security safeguards] to [Assignment: organization-defined locations and architectural layers]; and (b) Ensures that the allocated security safeguards operate in a coordinated and mutually reinforcing manner.',62,'none'),(690,'PL-8(2)','The organization requires that [Assignment: organization-defined security safeguards] allocated to [Assignment: organization-defined locations and architectural layers] are obtained from different suppliers.',62,'none'),(691,'PL-9','The organization centrally manages [Assignment: organization-defined security controls and related processes].',62,'none'),(692,'PS-1','The organization:\r\n			a. Develops, documents, and disseminates to [Assignment: organization-defined personnel or roles]:\r\n				1. A personnel security policy that addresses purpose, scope, roles, responsibilities, management commitment, coordination among organizational entities, and compliance; and\r\n				2. Procedures to facilitate the implementation of the personnel security policy and associated personnel security controls; and\r\n			b. Reviews and updates the current:\r\n				1. Personnel security ',64,'Minimo'),(693,'PS-2','The organization: a. Assigns a risk designation to all organizational positions; b. Establishes screening criteria for individuals filling those positions; and c. Reviews and updates position risk designations [Assignment: organization-defined frequency].',64,'Minimo'),(694,'PS-3','The organization: a. Screens individuals prior to authorizing access to the information system; and b. Rescreens individuals according to [Assignment: organization-defined conditions requiring rescreening and, where rescreening is so indicated, the frequency of such rescreening].',64,'Minimo'),(695,'PS-3(1)','The organization ensures that individuals accessing an information system processing, storing, or transmitting classified information are cleared and indoctrinated to the highest classification level of the information to which they have access on the system.',64,'none'),(696,'PS-3(2)','The organization ensures that individuals accessing an information system processing, storing, or transmitting types of classified information which require formal indoctrination, are formally indoctrinated for all of the relevant types of information to which they have access on the system',64,'none'),(697,'PS-3(3)','The organization ensures that individuals accessing an information system processing, storing, or transmitting information requiring special protection: (a) Have valid access authorizations that are demonstrated by assigned official government duties; and (b) Satisfy [Assignment: organization-defined additional personnel screening criteria].',64,'none'),(698,'PS-4','The organization, upon termination of individual employment:\r\n			a. Disables information system access within [Assignment: organization-defined time period];\r\n			b. Terminates/revokes any authenticators/credentials associated with the individual;\r\n			c. Conducts exit interviews that include a discussion of [Assignment: organization-defined information security topics];\r\n			d. Retrieves all security-related organizational information system-related property;\r\n			e. Retains access to organizationa',64,'Minimo'),(699,'PS-4(1)','The organization: (a) Notifies terminated individuals of applicable, legally binding post-employment requirements for the protection of organizational information; and (b) Requires terminated individuals to sign an acknowledgment of post-employment requirements as part of the organizational termination process.',64,'none'),(700,'PS-4(2)','The organization employs automated mechanisms to notify [Assignment: organization-defined personnel or roles] upon termination of an individual.',64,'none'),(701,'PS-5','The organization: a. Reviews and confirms ongoing operational need for current logical and physical access authorizations to information systems/facilities when individuals are reassigned or transferred to other positions within the organization; b. Initiates [Assignment: organization-defined transfer or reassignment actions] within [Assignment: organization-defined time period following the formal transfer action]; c. Modifies access authorization as needed to correspond with any changes in ope',64,'Minimo'),(702,'PS-6','The organization: \r\n			a. Develops and documents access agreements for organizational information systems;\r\n			b. Reviews and updates the access agreements [Assignment: organization-defined frequency]; and\r\n			c. Ensures that individuals requiring access to organizational information and information systems:\r\n				1. Sign appropriate access agreements prior to being granted access; and\r\n				2. Re-sign access agreements to maintain access to organizational information systems when access agreement',64,'Minimo'),(703,'PS-6(1)','Withdrawn: Incorporated into PS-3.',64,'none'),(704,'PS-6(2)','The organization ensures that access to classified information requiring special protection is granted only to individuals who: (a) Have a valid access authorization that is demonstrated by assigned official government duties; (b) Satisfy associated personnel security criteria; and (c) Have read, understood, and signed a nondisclosure agreement.',64,'none'),(705,'PS-6(3)','The organization:(a) Notifies individuals of applicable, legally binding post-employment requirements for protection of organizational information; and (b) Requires individuals to sign an acknowledgment of these requirements, if applicable, as part of granting initial access to covered information.',64,'none'),(706,'PS-7','The organization:\r\n			a. Establishes personnel security requirements including security roles and responsibilities for third-party providers;\r\n			b. Requires third-party providers to comply with personnel security policies and procedures established by the organization;\r\n			c. Documents personnel security requirements;\r\n			d. Requires third-party providers to notify [Assignment: organization-defined personnel or roles] of any personnel transfers or terminations of third-party personnel who posse',64,'Minimo'),(707,'PS-8','The organization: a. Employs a formal sanctions process for individuals failing to comply with established information security policies and procedures; and b. Notifies [Assignment: organization-defined personnel or roles] within [Assignment: organization-defined time period] when a formal employee sanctions process is initiated, identifying the individual sanctioned and the reason for the sanction.',64,'Minimo'),(708,'RA-1','The organization:\r\n			a. Develops, documents, and disseminates to [Assignment: organization-defined personnel or roles]:\r\n				1. A risk assessment policy that addresses purpose, scope, roles, responsibilities, management commitment, coordination among organizational entities, and compliance; and\r\n				2. Procedures to facilitate the implementation of the risk assessment policy and associated risk assessment controls; and\r\n			b. Reviews and updates the current:\r\n				1. Risk assessment policy [Assi',66,'Minimo'),(709,'RA-2','The organization: a. Categorizes information and the information system in accordance with applicable federal laws, Executive Orders, directives, policies, regulations, standards, and guidance; b. Documents the security categorization results (including supporting rationale) in the security plan for the information system; and c. Ensures that the authorizing official or authorizing official designated representative reviews and approves the security categorization decision.',66,'Minimo'),(710,'RA-3','The organization:\r\n			a. Conducts an assessment of risk, including the likelihood and magnitude of harm, from the unauthorized access, use, disclosure, disruption, modification, or destruction of the information system and the information it processes, stores, or transmits;\r\n			b. Documents risk assessment results in [Selection: security plan; risk assessment report; [Assignment: organization-defined document]];\r\n			c. Reviews risk assessment results [Assignment: organization-defined frequency];',66,'Minimo'),(711,'RA-4','Withdrawn: Incorporated into RA-3.',66,'none'),(712,'RA-5','The organization:\r\n			a. Scans for vulnerabilities in the information system and hosted applications [Assignment: organization-defined frequency and/or randomly in accordance with organization-defined process] and when new vulnerabilities potentially affecting the system/applications are identified and reported;\r\n			b. Employs vulnerability scanning tools and techniques that facilitate interoperability among tools and automate parts of the vulnerability management process by using standards for:',66,'Minimo'),(713,'RA-5(1)','The organization employs vulnerability scanning tools that include the capability to readily update the information system vulnerabilities to be scanned.',66,'none'),(714,'RA-5(2)','The organization updates the information system vulnerabilities scanned [Selection (one or more): [Assignment: organization-defined frequency]; prior to a new scan; when new vulnerabilities are identified and reported].',66,'none'),(715,'RA-5(3)','The organization employs vulnerability scanning procedures that can identify the breadth and depth of coverage (i.e., information system components scanned and vulnerabilities checked).',66,'none'),(716,'RA-5(4)','The organization determines what information about the information system is discoverable by adversaries and subsequently takes [Assignment: organization-defined corrective actions].',66,'none'),(717,'RA-5(5)','The information system implements privileged access authorization to [Assignment: organization-identified information system components] for selected [Assignment: organization-defined vulnerability scanning activities].',66,'none'),(718,'RA-5(6)','The organization employs automated mechanisms to compare the results of vulnerability scans over time to determine trends in information system vulnerabilities.',66,'none'),(719,'RA-5(7)','Withdrawn: Incorporated into CM-8.',66,'none'),(720,'RA-5(8)','The organization reviews historic audit logs to determine if a vulnerability identified in the information system has been previously exploited.',66,'none'),(721,'RA-5(9)','Withdrawn: Incorporated into CA-8.',66,'none'),(722,'RA-5(10)','The organization correlates the output from vulnerability scanning tools to determine the presence of multi-vulnerability/multi-hop attack vectors.',66,'none'),(723,'RA-6','The organization employs a technical surveillance countermeasures survey at [Assignment: organization-defined locations] [Selection (one or more): [Assignment: organization-defined frequency]; [Assignment: organization-defined events or indicators occur]].',66,'Avanzato'),(724,'SA-1','The organization:\r\n			a. Develops, documents, and disseminates to [Assignment: organization-defined personnel or roles]:\r\n				1. A system and services acquisition policy that addresses purpose, scope, roles, responsibilities, management commitment, coordination among organizational entities, and compliance; and\r\n				2. Procedures to facilitate the implementation of the system and services acquisition policy and associated system and services acquisition controls; and\r\n			b. Reviews and updates t',67,'Minimo'),(725,'SA-2','The organization: a. Determines information security requirements for the information system or information system service in mission/business process planning; b. Determines, documents, and allocates the resources required to protect the information system or information system service as part of its capital planning and investment control process; and c. Establishes a discrete line item for information security in organizational programming and budgeting documentation.',67,'Minimo'),(726,'SA-3','',67,'Minimo'),(727,'SA-4','The organization includes the following requirements, descriptions, and criteria, explicitly or by reference, in the acquisition contract for the information system, system component, or information system service in accordance with applicable federal laws, Executive Orders, directives, policies, regulations, standards, guidelines, and organizational mission/business needs:a. Security functional requirements; b. Security strength requirements; c. Security assurance requirements; d. Security-rela',67,'Minimo'),(728,'SA-4(1)','The organization requires the developer of the information system, system component, or information system service to provide a description of the functional properties of the security controls to be employed.',67,'none'),(729,'SA-4(2)','The organization requires the developer of the information system, system component, or information system service to provide design and implementation information for the security controls to be employed that includes: [Selection (one or more): security-relevant external system interfaces; high-level design; low-level design; source code or hardware schematics; [Assignment: organization-defined design/implementation information]] at [Assignment: organization-defined level of detail].',67,'none'),(730,'SA-4(3)','The organization requires the developer of the information system, system component, or information system service to demonstrate the use of a system development life cycle that includes [Assignment: organization-defined state-of-the-practice system/security engineering methods, software development methods, testing/evaluation/validation techniques, and quality control processes].',67,'none'),(731,'SA-4(4)','Withdrawn: Incorporated into CM-8 (9).',67,'none'),(732,'SA-4(5)','The organization requires the developer of the information system, system component, or information system service to: (a) Deliver the system, component, or service with [Assignment: organization-defined security configurations] implemented; and (b) Use the configurations as the default for any subsequent system, component, or service reinstallation or upgrade.',67,'none'),(733,'SA-4(6)','The organization: (a) Employs only government off-the-shelf (GOTS) or commercial off-the-shelf (COTS) information assurance (IA) and IA-enabled information technology products that compose an NSA-approved solution to protect classified information when the networks used to transmit the information are at a lower classification level than the information being transmitted; and (b) Ensures that these products have been evaluated and/or validated by NSA or in accordance with NSA-approved procedures',67,'none'),(734,'SA-4(7)','The organization: (a) Limits the use of commercially provided information assurance (IA) and IA-enabled information technology products to those products that have been successfully evaluated against a National Information Assurance partnership (NIAP)-approved Protection Profile for a specific technology type, if such a profile exists; and (b) Requires, if no NIAP-approved Protection Profile exists for a specific technology type but a commercially provided information technology product relies o',67,'none'),(735,'SA-4(8)','The organization requires the developer of the information system, system component, or information system service to produce a plan for the continuous monitoring of security control effectiveness that contains [Assignment: organization-defined level of detail].',67,'none'),(736,'SA-4(9)','The organization requires the developer of the information system, system component, or information system service to identify early in the system development life cycle, the functions, ports, protocols, and services intended for organizational use.',67,'none'),(737,'SA-4(10)','The organization employs only information technology products on the FIPS 201-approved products list for Personal Identity Verification (PIV) capability implemented within organizational information systems.',67,'none'),(738,'SA-5','The organization:\r\n			a. Obtains administrator documentation for the information system, system component, or information system service that describes:\r\n				1. Secure configuration, installation, and operation of the system, component, or service;\r\n				2. Effective use and maintenance of security functions/mechanisms; and\r\n				3. Known vulnerabilities regarding configuration and use of administrative (i.e., privileged) functions;\r\n			b. Obtains user documentation for the information system, sys',67,'Minimo'),(739,'SA-5(1)','Withdrawn: Incorporated into SA-4 (1).',67,'none'),(740,'SA-5(2)','Withdrawn: Incorporated into SA-4 (2).',67,'none'),(741,'SA-5(3)','Withdrawn: Incorporated into SA-4 (2).',67,'none'),(742,'SA-5(4)','Withdrawn: Incorporated into SA-4 (2).',67,'none'),(743,'SA-5(5)','Withdrawn: Incorporated into SA-4 (2).',67,'none'),(744,'SA-6','Withdrawn: Incorporated into CM-10 and SI-7.',67,'none'),(745,'SA-7','Withdrawn: Incorporated into CM-11 and SI-7.',67,'none'),(746,'SA-8','The organization applies information system security engineering principles in the specification, design, development, implementation, and modification of the information system.',67,'Minimo'),(747,'SA-9','The organization: a. Requires that providers of external information system services comply with organizational information security requirements and employ [Assignment: organization-defined security controls] in accordance with applicable federal laws, Executive Orders, directives, policies, regulations, standards, and guidance; b. Defines and documents government oversight and user roles and responsibilities with regard to external information system services; and c. Employs [Assignment: organ',67,'Minimo'),(748,'SA-9(1)','The organization: (a) Conducts an organizational assessment of risk prior to the acquisition or outsourcing of dedicated information security services; and (b) Ensures that the acquisition or outsourcing of dedicated information security services is approved by [Assignment: organization-defined personnel or roles].',67,'none'),(749,'SA-9(2)','The organization requires providers of [Assignment: organization-defined external information system services] to identify the functions, ports, protocols, and other services required for the use of such services.',67,'none'),(750,'SA-9(3)','The organization establishes, documents, and maintains trust relationships with external service providers based on [Assignment: organization-defined security requirements, properties, factors, or conditions defining acceptable trust relationships].',67,'none'),(751,'SA-9(4)','The organization employs [Assignment: organization-defined security safeguards] to ensure that the interests of [Assignment: organization-defined external service providers] are consistent with and reflect organizational interests.',67,'none'),(752,'SA-9(5)','The organization restricts the location of [Selection (one or more): information processing; information/data; information system services] to [Assignment: organization-defined locations] based on [Assignment: organization-defined requirements or conditions].',67,'none'),(753,'SA-10','The organization requires the developer of the information system, system component, or information system service to:\r\n			a. Perform configuration management during system, component, or service [Selection (one or more): design; development; implementation; operation];\r\n			b. Document, manage, and control the integrity of changes to [Assignment: organization-defined configuration items under configuration management];\r\n			c. Implement only organization-approved changes to the system, component,',67,'Standard'),(754,'SA-10(1)','The organization requires the developer of the information system, system component, or information system service to enable integrity verification of software and firmware components.',67,'none'),(755,'SA-10(2)','The organization provides an alternate configuration management process using organizational personnel in the absence of a dedicated developer configuration management team.',67,'none'),(756,'SA-10(3)','The organization requires the developer of the information system, system component, or information system service to enable integrity verification of hardware components.',67,'none'),(757,'SA-10(4)','The organization requires the developer of the information system, system component, or information system service to employ tools for comparing newly generated versions of security-relevant hardware descriptions and software/firmware source and object code with previous versions.',67,'none'),(758,'SA-10(5)','The organization requires the developer of the information system, system component, or information system service to maintain the integrity of the mapping between the master build data (hardware drawings and software/firmware code) describing the current version of security-relevant hardware, software, and firmware and the on-site master copy of the data for the current version.',67,'none'),(759,'SA-10(6)','The organization requires the developer of the information system, system component, or information system service to execute procedures for ensuring that security-relevant hardware, software, and firmware updates distributed to the organization are exactly as specified by the master copies.',67,'none'),(760,'SA-11','The organization requires the developer of the information system, system component, or information system service to:\r\n			a. Create and implement a security assessment plan;\r\n			b. Perform [Selection (one or more): unit; integration; system; regression] testing/evaluation at [Assignment: organization-defined depth and coverage];\r\n			c. Produce evidence of the execution of the security assessment plan and the results of the security testing/evaluation;\r\n			d. Implement a verifiable flaw remediat',67,'Standard'),(761,'SA-11(1)','The organization requires the developer of the information system, system component, or information system service to employ static code analysis tools to identify common flaws and document the results of the analysis.',67,'none'),(762,'SA-11(2)','The organization requires the developer of the information system, system component, or information system service to perform threat and vulnerability analyses and subsequent testing/evaluation of the as-built system, component, or service.',67,'none'),(763,'SA-11(3)','The organization: (a) Requires an independent agent satisfying [Assignment: organization-defined independence criteria] to verify the correct implementation of the developer security assessment plan and the evidence produced during security testing/evaluation; and (b) Ensures that the independent agent is either provided with sufficient information to complete the verification process or granted the authority to obtain such information.',67,'none'),(764,'SA-11(4)','The organization requires the developer of the information system, system component, or information system service to perform a manual code review of [Assignment: organization-defined specific code] using [Assignment: organization-defined processes, procedures, and/or techniques].',67,'none'),(765,'SA-11(5)','The organization requires the developer of the information system, system component, or information system service to perform penetration testing at [Assignment: organization-defined breadth/depth] and with [Assignment: organization-defined constraints].',67,'none'),(766,'SA-11(6)','The organization requires the developer of the information system, system component, or information system service to perform attack surface reviews.',67,'none'),(767,'SA-11(7)','The organization requires the developer of the information system, system component, or information system service to verify that the scope of security testing/evaluation provides complete coverage of required security controls at [Assignment: organization-defined depth of testing/evaluation].',67,'none'),(768,'SA-11(8)','The organization requires the developer of the information system, system component, or information system service to employ dynamic code analysis tools to identify common flaws and document the results of the analysis.',67,'none'),(769,'SA-12','The organization protects against supply chain threats to the information system, system component, or information system service by employing [Assignment: organization-defined security safeguards] as part of a comprehensive, defense-in-breadth information security strategy.',67,'none'),(770,'SA-12(1)','The organization employs [Assignment: organization-defined tailored acquisition strategies, contract tools, and procurement methods] for the purchase of the information system, system component, or information system service from suppliers.',67,'none'),(771,'SA-12(2)','The organization conducts a supplier review prior to entering into a contractual agreement to acquire the information system, system component, or information system service.',67,'none'),(772,'SA-12(3)','Withdrawn: Incorporated into SA-12 (1).',67,'none'),(773,'SA-12(4)','Withdrawn: Incorporated into SA-12 (13).',67,'none'),(774,'SA-12(5)','The organization employs [Assignment: organization-defined security safeguards] to limit harm from potential adversaries identifying and targeting the organizational supply chain.',67,'none'),(775,'SA-12(6)','Withdrawn: Incorporated into SA-12 (1).',67,'none'),(776,'SA-12(7)','The organization conducts an assessment of the information system, system component, or information system service prior to selection, acceptance, or update.',67,'none'),(777,'SA-12(8)','The organization uses all-source intelligence analysis of suppliers and potential suppliers of the information system, system component, or information system service.',67,'none'),(778,'SA-12(9)','The organization employs [Assignment: organization-defined Operations Security (OPSEC) safeguards] in accordance with classification guides to protect supply chain-related information for the information system, system component, or information system service.',67,'none'),(779,'SA-12(10)','The organization employs [Assignment: organization-defined security safeguards] to validate that the information system or system component received is genuine and has not been altered.',67,'none'),(780,'SA-12(11)','The organization employs [Selection (one or more): organizational analysis, independent third-party analysis, organizational penetration testing, independent third-party penetration testing] of [Assignment: organization-defined supply chain elements, processes, and actors] associated with the information system, system component, or information system service.',67,'none'),(781,'SA-12(12)','The organization establishes inter-organizational agreements and procedures with entities involved in the supply chain for the information system, system component, or information system service.',67,'none'),(782,'SA-12(13)','The organization employs [Assignment: organization-defined security safeguards] to ensure an adequate supply of [Assignment: organization-defined critical information system components].',67,'none'),(783,'SA-12(14)','The organization establishes and retains unique identification of [Assignment: organization-defined supply chain elements, processes, and actors] for the information system, system component, or information system service.',67,'none'),(784,'SA-12(15)','The organization establishes a process to address weaknesses or deficiencies in supply chain elements identified during independent or organizational assessments of such elements.',67,'none'),(785,'SA-13','The organization: a. Describes the trustworthiness required in the [Assignment: organization-defined information system, information system component, or information system service] supporting its critical missions/business functions; and b. Implements [Assignment: organization-defined assurance overlay] to achieve such trustworthiness.',67,'none'),(786,'SA-14','The organization identifies critical information system components and functions by performing a criticality analysis for [Assignment: organization-defined information systems, information system components, or information system services] at [Assignment: organization-defined decision points in the system development life cycle].',67,'none'),(787,'SA-15','The organization:\r\n			a. Requires the developer of the information system, system component, or information system service to follow a documented development process that:\r\n				1. Explicitly addresses security requirements;\r\n				2. Identifies the standards and tools used in the development process;\r\n				3. Documents the specific tool options and tool configurations used in the development process; and\r\n				4. Documents, manages, and ensures the integrity of changes to the process and/or tools us',67,'Standard'),(788,'SA-15(1)','The organization requires the developer of the information system, system component, or information system service to: (a) Define quality metrics at the beginning of the development process; and (b) Provide evidence of meeting the quality metrics [Selection (one or more): [Assignment: organization-defined frequency]; [Assignment: organization-defined program review milestones]; upon delivery].',67,'none'),(789,'SA-15(2)','The organization requires the developer of the information system, system component, or information system service to select and employ a security tracking tool for use during the development process.',67,'none'),(790,'SA-15(3)','The organization requires the developer of the information system, system component, or information system service to perform a criticality analysis at [Assignment: organization-defined breadth/depth] and at [Assignment: organization-defined decision points in the system development life cycle].',67,'none'),(791,'SA-15(4)','The organization requires that developers perform threat modeling and a vulnerability analysis for the information system at [Assignment: organization-defined breadth/depth] that: (a) Uses [Assignment: organization-defined information concerning impact, environment of operations, known or assumed threats, and acceptable risk levels]; (b) Employs [Assignment: organization-defined tools and methods]; and (c) Produces evidence that meets [Assignment: organization-defined acceptance criteria].',67,'none'),(792,'SA-15(5)','The organization requires the developer of the information system, system component, or information system service to reduce attack surfaces to [Assignment: organization-defined thresholds].',67,'none'),(793,'SA-15(6)','The organization requires the developer of the information system, system component, or information system service to implement an explicit process to continuously improve the development process.',67,'none'),(794,'SA-15(7)','The organization requires the developer of the information system, system component, or information system service to: (a) Perform an automated vulnerability analysis using [Assignment: organization-defined tools]; (b) Determine the exploitation potential for discovered vulnerabilities; (c) Determine potential risk mitigations for delivered vulnerabilities; and (d) Deliver the outputs of the tools and results of the analysis to [Assignment: organization-defined personnel or roles].',67,'none'),(795,'SA-15(8)','The organization requires the developer of the information system, system component, or information system service to use threat modeling and vulnerability analyses from similar systems, components, or services to inform the current development process.',67,'none'),(796,'SA-15(9)','The organization approves, documents, and controls the use of live data in development and test environments for the information system, system component, or information system service.',67,'none'),(797,'SA-15(10)','The organization requires the developer of the information system, system component, or information system service to provide an incident response plan.',67,'none'),(798,'SA-15(11)','The organization requires the developer of the information system or system component to archive the system or component to be released or delivered together with the corresponding evidence supporting the final security review.',67,'none'),(799,'SA-16','The organization requires the developer of the information system, system component, or information system service to provide [Assignment: organization-defined training] on the correct use and operation of the implemented security functions, controls, and/or mechanisms.',67,'Avanzato'),(800,'SA-17','The organization requires the developer of the information system, system component, or information system service to produce a design specification and security architecture that: a. Is consistent with and supportive of the organizations security architecture which is established within and is an integrated part of the organizations enterprise architecture; b. Accurately and completely describes the required security functionality, and the allocation of security controls among physical and lo',67,'Avanzato'),(801,'SA-17(1)','The organization requires the developer of the information system, system component, or information system service to: (a) Produce, as an integral part of the development process, a formal policy model describing the [Assignment: organization-defined elements of organizational security policy] to be enforced; and (b) Prove that the formal policy model is internally consistent and sufficient to enforce the defined elements of the organizational security policy when implemented.',67,'none'),(802,'SA-17(2)','The organization requires the developer of the information system, system component, or information system service to: (a) Define security-relevant hardware, software, and firmware; and (b) Provide a rationale that the definition for security-relevant hardware, software, and firmware is complete.',67,'none'),(803,'SA-17(3)','The organization requires the developer of the information system, system component, or information system service to:\r\n			(a) Produce, as an integral part of the development process, a formal top-level specification that specifies the interfaces to security-relevant hardware, software, and firmware in terms of exceptions, error messages, and effects;\r\n			(b) Show via proof to the extent feasible with additional informal demonstration as necessary, that the formal top-level specification is cons',67,'none'),(804,'SA-17(4)','The organization requires the developer of the information system, system component, or information system service to:(a) Produce, as an integral part of the development process, an informal descriptive top-level specification that specifies the interfaces to security-relevant hardware, software, and firmware in terms of exceptions, error messages, and effects;			(b) Show via [Selection: informal demonstration, convincing argument with formal methods as feasible] that the descriptive top-level s',67,'none'),(805,'SA-17(5)','The organization requires the developer of the information system, system component, or information system service to: (a) Design and structure the security-relevant hardware, software, and firmware to use a complete, conceptually simple protection mechanism with precisely defined semantics; and (b) Internally structure the security-relevant hardware, software, and firmware with specific regard for this mechanism.',67,'none'),(806,'SA-17(6)','The organization requires the developer of the information system, system component, or information system service to structure security-relevant hardware, software, and firmware to facilitate testing.',67,'none'),(807,'SA-17(7)','The organization requires the developer of the information system, system component, or information system service to structure security-relevant hardware, software, and firmware to facilitate controlling access with least privilege.',67,'none'),(808,'SA-18','The organization implements a tamper protection program for the information system, system component, or information system service.',67,'none'),(809,'SA-18(1)','The organization employs anti-tamper technologies and techniques during multiple phases in the system development life cycle including design, development, integration, operations, and maintenance.',67,'none'),(810,'SA-18(2)','The organization inspects [Assignment: organization-defined information systems, system components, or devices] [Selection (one or more): at random; at [Assignment: organization-defined frequency], upon [Assignment: organization-defined indications of need for inspection]] to detect tampering.',67,'none'),(811,'SA-19','The organization: a. Develops and implements anti-counterfeit policy and procedures that include the means to detect and prevent counterfeit components from entering the information system; and b. Reports counterfeit information system components to [Selection (one or more): source of counterfeit component; [Assignment: organization-defined external reporting organizations]; [Assignment: organization-defined personnel or roles]].',67,'none'),(812,'SA-19(1)','The organization trains [Assignment: organization-defined personnel or roles] to detect counterfeit information system components (including hardware, software, and firmware).',67,'none'),(813,'SA-19(2)','The organization maintains configuration control over [Assignment: organization-defined information system components] awaiting service/repair and serviced/repaired components awaiting return to service.',67,'none'),(814,'SA-19(3)','The organization disposes of information system components using [Assignment: organization-defined techniques and methods].',67,'none'),(815,'SA-19(4)','The organization scans for counterfeit information system components [Assignment: organization-defined frequency].',67,'none'),(816,'SA-20','The organization re-implements or custom develops [Assignment: organization-defined critical information system components].',67,'none'),(817,'SA-21','The organization requires that the developer of [Assignment: organization-defined information system, system component, or information system service]: a. Have appropriate access authorizations as determined by assigned [Assignment: organization-defined official government duties]; and b. Satisfy [Assignment: organization-defined additional personnel screening criteria].',67,'Avanzato'),(818,'SA-21(1)','The organization requires the developer of the information system, system component, or information system service take [Assignment: organization-defined actions] to ensure that the required access authorizations and screening criteria are satisfied.',67,'none'),(819,'SA-22','The organization: a. Replaces information system components when support for the components is no longer available from the developer, vendor, or manufacturer; and b. Provides justification and documents approval for the continued use of unsupported system components required to satisfy mission/business needs.',67,'Minimo'),(820,'SA-22(1)','The organization provides [Selection (one or more): in-house support; [Assignment: organization-defined support from external providers]] for unsupported information system components.',67,'none'),(821,'SC-1','The organization:\r\n			a. Develops, documents, and disseminates to [Assignment: organization-defined personnel or roles]:\r\n				1. A system and communications protection policy that addresses purpose, scope, roles, responsibilities, management commitment, coordination among organizational entities, and compliance; and\r\n				2. Procedures to facilitate the implementation of the system and communications protection policy and associated system and communications protection controls; and\r\n			b. Review',68,'Minimo'),(822,'SC-2','The information system separates user functionality (including user interface services) from information system management functionality.',68,'Standard'),(823,'SC-2(1)','The information system prevents the presentation of information system management-related functionality at an interface for non-privileged users.',68,'none'),(824,'SC-3','The information system isolates security functions from nonsecurity functions.',68,'Avanzato'),(825,'SC-3(1)','The information system utilizes underlying hardware separation mechanisms to implement security function isolation.',68,'none'),(826,'SC-3(2)','The information system isolates security functions enforcing access and information flow control from nonsecurity functions and from other security functions.',68,'none'),(827,'SC-3(3)','The organization minimizes the number of nonsecurity functions included within the isolation boundary containing security functions.',68,'none'),(828,'SC-3(4)','The organization implements security functions as largely independent modules that maximize internal cohesiveness within modules and minimize coupling between modules.',68,'none'),(829,'SC-3(5)','The organization implements security functions as a layered structure minimizing interactions between layers of the design and avoiding any dependence by lower layers on the functionality or correctness of higher layers.',68,'none'),(830,'SC-4','The information system prevents unauthorized and unintended information transfer via shared system resources.',68,'Standard'),(831,'SC-4(1)','Withdrawn: Incorporated into SC-4.',68,'none'),(832,'SC-4(2)','The information system prevents unauthorized information transfer via shared resources in accordance with [Assignment: organization-defined procedures] when system processing explicitly switches between different information classification levels or security categories.',68,'none'),(833,'SC-5','The information system protects against or limits the effects of the following types of denial of service attacks: [Assignment: organization-defined types of denial of service attacks or references to sources for such information] by employing [Assignment: organization-defined security safeguards].',68,'Minimo'),(834,'SC-5(1)','The information system restricts the ability of individuals to launch [Assignment: organization-defined denial of service attacks] against other information systems.',68,'none'),(835,'SC-5(2)','The information system manages excess capacity, bandwidth, or other redundancy to limit the effects of information flooding denial of service attacks.',68,'none'),(836,'SC-5(3)','The organization: (a) Employs [Assignment: organization-defined monitoring tools] to detect indicators of denial of service attacks against the information system; and (b) Monitors [Assignment: organization-defined information system resources] to determine if sufficient resources exist to prevent effective denial of service attacks.',68,'none'),(837,'SC-6','The information system protects the availability of resources by allocating [Assignment: organization-defined resources] by [Selection (one or more); priority; quota; [Assignment: organization-defined security safeguards]].',68,'none'),(838,'SC-7','The information system: a. Monitors and controls communications at the external boundary of the system and at key internal boundaries within the system; b. Implements subnetworks for publicly accessible system components that are [Selection: physically; logically] separated from internal organizational networks; and c. Connects to external networks or information systems only through managed interfaces consisting of boundary protection devices arranged in accordance with an organizational securi',68,'Minimo'),(839,'SC-7(1)','Withdrawn: Incorporated into SC-7.',68,'none'),(840,'SC-7(2)','Withdrawn: Incorporated into SC-7.',68,'none'),(841,'SC-7(3)','The organization limits the number of external network connections to the information system.',68,'none'),(842,'SC-7(4)','The organization: (a) Implements a managed interface for each external telecommunication service; (b) Establishes a traffic flow policy for each managed interface; (c) Protects the confidentiality and integrity of the information being transmitted across each interface; (d) Documents each exception to the traffic flow policy with a supporting mission/business need and duration of that need; and (e) Reviews exceptions to the traffic flow policy [Assignment: organization-defined frequency] and rem',68,'none'),(843,'SC-7(5)','The information system at managed interfaces denies network communications traffic by default and allows network communications traffic by exception (i.e., deny all, permit by exception).',68,'none'),(844,'SC-7(6)','Withdrawn: Incorporated into SC-7 (18).',68,'none'),(845,'SC-7(7)','The information system, in conjunction with a remote device, prevents the device from simultaneously establishing non-remote connections with the system and communicating via some other connection to resources in external networks.',68,'none'),(846,'SC-7(8)','The information system routes [Assignment: organization-defined internal communications traffic] to [Assignment: organization-defined external networks] through authenticated proxy servers at managed interfaces.',68,'none'),(847,'SC-7(9)','The information system: (a) Detects and denies outgoing communications traffic posing a threat to external information systems; and (b) Audits the identity of internal users associated with denied communications.',68,'none'),(848,'SC-7(10)','The organization prevents the unauthorized exfiltration of information across managed interfaces.',68,'none'),(849,'SC-7(11)','The information system only allows incoming communications from [Assignment: organization-defined authorized sources] to be routed to [Assignment: organization-defined authorized destinations].',68,'none'),(850,'SC-7(12)','The organization implements [Assignment: organization-defined host-based boundary protection mechanisms] at [Assignment: organization-defined information system components].',68,'none'),(851,'SC-7(13)','The organization isolates [Assignment: organization-defined information security tools, mechanisms, and support components] from other internal information system components by implementing physically separate subnetworks with managed interfaces to other components of the system.',68,'none'),(852,'SC-7(14)','The organization protects against unauthorized physical connections at [Assignment: organization-defined managed interfaces].',68,'none'),(853,'SC-7(15)','The information system routes all networked, privileged accesses through a dedicated, managed interface for purposes of access control and auditing.',68,'none'),(854,'SC-7(16)','The information system prevents discovery of specific system components composing a managed interface.',68,'none'),(855,'SC-7(17)','The information system enforces adherence to protocol formats.',68,'none'),(856,'SC-7(18)','The information system fails securely in the event of an operational failure of a boundary protection device.',68,'none'),(857,'SC-7(19)','The information system blocks both inbound and outbound communications traffic between [Assignment: organization-defined communication clients] that are independently configured by end users and external service providers.',68,'none'),(858,'SC-7(20)','The information system provides the capability to dynamically isolate/segregate [Assignment: organization-defined information system components] from other components of the system.',68,'none'),(859,'SC-7(21)','The organization employs boundary protection mechanisms to separate [Assignment: organization-defined information system components] supporting [Assignment: organization-defined missions and/or business functions].',68,'none'),(860,'SC-7(22)','The information system implements separate network addresses (i.e., different subnets) to connect to systems in different security domains.',68,'none'),(861,'SC-7(23)','The information system disables feedback to senders on protocol format validation failure.',68,'none'),(862,'SC-8','The information system protects the [Selection (one or more): confidentiality; integrity] of transmitted information.',68,'Standard'),(863,'SC-8(1)','The information system implements cryptographic mechanisms to [Selection (one or more): prevent unauthorized disclosure of information; detect changes to information] during transmission unless otherwise protected by [Assignment: organization-defined alternative physical safeguards].',68,'none'),(864,'SC-8(2)','The information system maintains the [Selection (one or more): confidentiality; integrity] of information during preparation for transmission and during reception.',68,'none'),(865,'SC-8(3)','The information system implements cryptographic mechanisms to protect message externals unless otherwise protected by [Assignment: organization-defined alternative physical safeguards].',68,'none'),(866,'SC-8(4)','The information system implements cryptographic mechanisms to conceal or randomize communication patterns unless otherwise protected by [Assignment: organization-defined alternative physical safeguards].',68,'none'),(867,'SC-9','Withdrawn: Incorporated into SC-8.',68,'none'),(868,'SC-10','The information system terminates the network connection associated with a communications session at the end of the session or after [Assignment: organization-defined time period] of inactivity.',68,'Standard'),(869,'SC-11','The information system establishes a trusted communications path between the user and the following security functions of the system: [Assignment: organization-defined security functions to include at a minimum, information system authentication and re-authentication].',68,'none'),(870,'SC-11(1)','The information system provides a trusted communications path that is logically isolated and distinguishable from other paths.',68,'none'),(871,'SC-12','The organization establishes and manages cryptographic keys for required cryptography employed within the information system in accordance with [Assignment: organization-defined requirements for key generation, distribution, storage, access, and destruction].',68,'Minimo'),(872,'SC-12(1)','The organization maintains availability of information in the event of the loss of cryptographic keys by users.',68,'none'),(873,'SC-12(2)','The organization produces, controls, and distributes symmetric cryptographic keys using [Selection: NIST FIPS-compliant; NSA-approved] key management technology and processes.',68,'none'),(874,'SC-12(3)','The organization produces, controls, and distributes asymmetric cryptographic keys using [Selection: NSA-approved key management technology and processes; approved PKI Class 3 certificates or prepositioned keying material; approved PKI Class 3 or Class 4 certificates and hardware security tokens that protect the users private key].',68,'none'),(875,'SC-12(4)','Withdrawn: Incorporated into SC-12.',68,'none'),(876,'SC-12(5)','Withdrawn: Incorporated into SC-12.',68,'none'),(877,'SC-13','The information system implements [Assignment: organization-defined cryptographic uses and type of cryptography required for each use] in accordance with applicable federal laws, Executive Orders, directives, policies, regulations, and standards.',68,'Minimo'),(878,'SC-13(1)','Withdrawn: Incorporated into SC-13.',68,'none'),(879,'SC-13(2)','Withdrawn: Incorporated into SC-13.',68,'none'),(880,'SC-13(3)','Withdrawn: Incorporated into SC-13.',68,'none'),(881,'SC-13(4)','Withdrawn: Incorporated into SC-13.',68,'none'),(882,'SC-14','Withdrawn: Capability provided by AC-2, AC-3, AC-5, AC-6, SI-3, SI-4, SI-5, SI-7, SI-10.',68,'none'),(883,'SC-15','The information system: a. Prohibits remote activation of collaborative computing devices with the following exceptions: [Assignment: organization-defined exceptions where remote activation is to be allowed]; and b. Provides an explicit indication of use to users physically present at the devices.',68,'Minimo'),(884,'SC-15(1)','The information system provides physical disconnect of collaborative computing devices in a manner that supports ease of use.',68,'none'),(885,'SC-15(2)','Withdrawn: Incorporated into SC-7.',68,'none'),(886,'SC-15(3)','The organization disables or removes collaborative computing devices from [Assignment: organization-defined information systems or information system components] in [Assignment: organization-defined secure work areas].',68,'none'),(887,'SC-15(4)','The information system provides an explicit indication of current participants in [Assignment: organization-defined online meetings and teleconferences].',68,'none'),(888,'SC-16','The information system associates [Assignment: organization-defined security attributes] with information exchanged between information systems and between system components.',68,'none'),(889,'SC-16(1)','The information system validates the integrity of transmitted security attributes.',68,'none'),(890,'SC-17','The organization issues public key certificates under an [Assignment: organization-defined certificate policy] or obtains public key certificates from an approved service provider.',68,'Standard'),(891,'SC-18','The organization: a. Defines acceptable and unacceptable mobile code and mobile code technologies; b. Establishes usage restrictions and implementation guidance for acceptable mobile code and mobile code technologies; and c. Authorizes, monitors, and controls the use of mobile code within the information system.',68,'Standard'),(892,'SC-18(1)','The information system identifies [Assignment: organization-defined unacceptable mobile code] and takes [Assignment: organization-defined corrective actions].',68,'none'),(893,'SC-18(2)','The organization ensures that the acquisition, development, and use of mobile code to be deployed in the information system meets [Assignment: organization-defined mobile code requirements].',68,'none'),(894,'SC-18(3)','The information system prevents the download and execution of [Assignment: organization-defined unacceptable mobile code].',68,'none'),(895,'SC-18(4)','The information system prevents the automatic execution of mobile code in [Assignment: organization-defined software applications] and enforces [Assignment: organization-defined actions] prior to executing the code.',68,'none'),(896,'SC-18(5)','The organization allows execution of permitted mobile code only in confined virtual machine environments.',68,'none'),(897,'SC-19','The organization: a. Establishes usage restrictions and implementation guidance for Voice over Internet Protocol (VoIP) technologies based on the potential to cause damage to the information system if used maliciously; and b. Authorizes, monitors, and controls the use of VoIP within the information system.',68,'none'),(898,'SC-20','The information system: a. Provides additional data origin authentication and integrity verification artifacts along with the authoritative name resolution data the system returns in response to external name/address resolution queries; and b. Provides the means to indicate the security status of child zones and (if the child supports secure resolution services) to enable verification of a chain of trust among parent and child domains, when operating as part of a distributed, hierarchical namesp',68,'Minimo'),(899,'SC-20(1)','Withdrawn: Incorporated into SC-20.',68,'none'),(900,'SC-20(2)','The information system provides data origin and integrity protection artifacts for internal name/address resolution queries.',68,'none'),(901,'SC-21','The information system requests and performs data origin authentication and data integrity verification on the name/address resolution responses the system receives from authoritative sources.',68,'Minimo'),(902,'SC-21(1)','Withdrawn: Incorporated into SC-21.',68,'none'),(903,'SC-22','The information systems that collectively provide name/address resolution service for an organization are fault-tolerant and implement internal/external role separation.',68,'Minimo'),(904,'SC-23','The information system protects the authenticity of communications sessions.',68,'Standard'),(905,'SC-23(1)','The information system invalidates session identifiers upon user logout or other session termination.',68,'none'),(906,'SC-23(2)','Withdrawn: Incorporated into AC-12 (1).',68,'none'),(907,'SC-23(3)','The information system generates a unique session identifier for each session with [Assignment: organization-defined randomness requirements] and recognizes only session identifiers that are system-generated.',68,'none'),(908,'SC-23(4)','Withdrawn: Incorporated into SC-23 (3).',68,'none'),(909,'SC-23(5)','The information system only allows the use of [Assignment: organization-defined certificate authorities] for verification of the establishment of protected sessions.',68,'none'),(910,'SC-24','The information system fails to a [Assignment: organization-defined known-state] for [Assignment: organization-defined types of failures] preserving [Assignment: organization-defined system state information] in failure.',68,'Avanzato'),(911,'SC-25','The organization employs [Assignment: organization-defined information system components] with minimal functionality and information storage.',68,'none'),(912,'SC-26','The information system includes components specifically designed to be the target of malicious attacks for the purpose of detecting, deflecting, and analyzing such attacks.',68,'none'),(913,'SC-26(1)','Withdrawn: Incorporated into SC-35.',68,'none'),(914,'SC-27','The information system includes: [Assignment: organization-defined platform-independent applications].',68,'none'),(915,'SC-28','The information system protects the [Selection (one or more): confidentiality; integrity] of [Assignment: organization-defined information at rest].',68,'Standard'),(916,'SC-28(1)','The information system implements cryptographic mechanisms to prevent unauthorized disclosure and modification of [Assignment: organization-defined information] on [Assignment: organization-defined information system components].',68,'none'),(917,'SC-28(2)','The organization removes from online storage and stores off-line in a secure location [Assignment: organization-defined information].',68,'none'),(918,'SC-29','The organization employs a diverse set of information technologies for [Assignment: organization-defined information system components] in the implementation of the information system.',68,'none'),(919,'SC-29(1)','The organization employs virtualization techniques to support the deployment of a diversity of operating systems and applications that are changed [Assignment: organization-defined frequency].',68,'none'),(920,'SC-30','The organization employs [Assignment: organization-defined concealment and misdirection techniques] for [Assignment: organization-defined information systems] at [Assignment: organization-defined time periods] to confuse and mislead adversaries.',68,'none'),(921,'SC-30(1)','Withdrawn: Incorporated into SC-29 (1).',68,'none'),(922,'SC-30(2)','The organization employs [Assignment: organization-defined techniques] to introduce randomness into organizational operations and assets.',68,'none'),(923,'SC-30(3)','The organization changes the location of [Assignment: organization-defined processing and/or storage] [Selection: [Assignment: organization-defined time frequency]; at random time intervals]].',68,'none'),(924,'SC-30(4)','The organization employs realistic, but misleading information in [Assignment: organization-defined information system components] with regard to its security state or posture.',68,'none'),(925,'SC-30(5)','The organization employs [Assignment: organization-defined techniques] to hide or conceal [Assignment: organization-defined information system components].',68,'none'),(926,'SC-31','The organization: a. Performs a covert channel analysis to identify those aspects of communications within the information system that are potential avenues for covert [Selection (one or more): storage; timing] channels; and b. Estimates the maximum bandwidth of those channels.',68,'none'),(927,'SC-31(1)','The organization tests a subset of the identified covert channels to determine which channels are exploitable.',68,'none'),(928,'SC-31(2)','The organization reduces the maximum bandwidth for identified covert [Selection (one or more); storage; timing] channels to [Assignment: organization-defined values].',68,'none'),(929,'SC-31(3)','The organization measures the bandwidth of [Assignment: organization-defined subset of identified covert channels] in the operational environment of the information system.',68,'none'),(930,'SC-32','The organization partitions the information system into [Assignment: organization-defined information system components] residing in separate physical domains or environments based on [Assignment: organization-defined circumstances for physical separation of components].',68,'none'),(931,'SC-33','Withdrawn: Incorporated into SC-8.',68,'none'),(932,'SC-34','The information system at [Assignment: organization-defined information system components]: a. Loads and executes the operating environment from hardware-enforced, read-only media; and b. Loads and executes [Assignment: organization-defined applications] from hardware-enforced, read-only media.',68,'none'),(933,'SC-34(1)','The organization employs [Assignment: organization-defined information system components] with no writeable storage that is persistent across component restart or power on/off.',68,'none'),(934,'SC-34(2)','The organization protects the integrity of information prior to storage on read-only media and controls the media after such information has been recorded onto the media.',68,'none'),(935,'SC-34(3)','The organization: (a) Employs hardware-based, write-protect for [Assignment: organization-defined information system firmware components]; and (b) Implements specific procedures for [Assignment: organization-defined authorized individuals] to manually disable hardware write-protect for firmware modifications and re-enable the write-protect prior to returning to operational mode.',68,'none'),(936,'SC-35','The information system includes components that proactively seek to identify malicious websites and/or web-based malicious code.',68,'none'),(937,'SC-36','The organization distributes [Assignment: organization-defined processing and storage] across multiple physical locations.',68,'none'),(938,'SC-36(1)','The organization employs polling techniques to identify potential faults, errors, or compromises to [Assignment: organization-defined distributed processing and storage components].',68,'none'),(939,'SC-37','The organization employs [Assignment: organization-defined out-of-band channels] for the physical delivery or electronic transmission of [Assignment: organization-defined information, information system components, or devices] to [Assignment: organization-defined individuals or information systems].',68,'none'),(940,'SC-37(1)','The organization employs [Assignment: organization-defined security safeguards] to ensure that only [Assignment: organization-defined individuals or information systems] receive the [Assignment: organization-defined information, information system components, or devices].',68,'none'),(941,'SC-38','The organization employs [Assignment: organization-defined security safeguards] to ensure that only [Assignment: organization-defined individuals or information systems] receive the [Assignment: organization-defined information, information system components, or devices].',68,'none'),(942,'SC-39','The information system maintains a separate execution domain for each executing process.',68,'Minimo'),(943,'SC-39(1)','The information system implements underlying hardware separation mechanisms to facilitate process separation.',68,'none'),(944,'SC-39(2)','The information system maintains a separate execution domain for each thread in [Assignment: organization-defined multi-threaded processing].',68,'none'),(945,'SC-40','The information system protects external and internal [Assignment: organization-defined wireless links] from [Assignment: organization-defined types of signal parameter attacks or references to sources for such attacks].',68,'none'),(946,'SC-40(1)','The information system implements cryptographic mechanisms that achieve [Assignment: organization-defined level of protection] against the effects of intentional electromagnetic interference.',68,'none'),(947,'SC-40(2)','The information system implements cryptographic mechanisms to reduce the detection potential of wireless links to [Assignment: organization-defined level of reduction].',68,'none'),(948,'SC-40(3)','The information system implements cryptographic mechanisms to identify and reject wireless transmissions that are deliberate attempts to achieve imitative or manipulative communications deception based on signal parameters.',68,'none'),(949,'SC-40(4)','The information system implements cryptographic mechanisms to prevent the identification of [Assignment: organization-defined wireless transmitters] by using the transmitter signal parameters.',68,'none'),(950,'SC-41','The organization physically disables or removes [Assignment: organization-defined connection ports or input/output devices] on [Assignment: organization-defined information systems or information system components].',68,'none'),(951,'SC-42','The information system: a. Prohibits the remote activation of environmental sensing capabilities with the following exceptions: [Assignment: organization-defined exceptions where remote activation of sensors is allowed]; andb. Provides an explicit indication of sensor use to [Assignment: organization-defined class of users].',68,'none'),(952,'SC-42(1)','The organization ensures that the information system is configured so that data or information collected by the [Assignment: organization-defined sensors] is only reported to authorized individuals or roles.',68,'none'),(953,'SC-42(2)','The organization employs the following measures: [Assignment: organization-defined measures], so that data or information collected by [Assignment: organization-defined sensors] is only used for authorized purposes.',68,'none'),(954,'SC-42(3)','The organization prohibits the use of devices possessing [Assignment: organization-defined environmental sensing capabilities] in [Assignment: organization-defined facilities, areas, or systems].',68,'none'),(955,'SC-43','The organization: a.Establishes usage restrictions and implementation guidance for [Assignment: organization-defined information system components] based on the potential to cause damage to the information system if used maliciously; and b. Authorizes, monitors, and controls the use of such components within the information system.',68,'none'),(956,'SC-44','The organization employs a detonation chamber capability within [Assignment: organization-defined information system, system component, or location].',68,'none'),(957,'SI-1','The organization:\r\n			a. Develops, documents, and disseminates to [Assignment: organization-defined personnel or roles]:\r\n				1. A system and information integrity policy that addresses purpose, scope, roles, responsibilities, management commitment, coordination among organizational entities, and compliance; and\r\n				2. Procedures to facilitate the implementation of the system and information integrity policy and associated system and information integrity controls; and\r\n			b. Reviews and update',69,'Minimo'),(958,'SI-2','The organization: a. Identifies, reports, and corrects information system flaws; b. Tests software and firmware updates related to flaw remediation for effectiveness and potential side effects before installation; c. Installs security-relevant software and firmware updates within [Assignment: organization-defined time period] of the release of the updates; and d. Incorporates flaw remediation into the organizational configuration management process.',69,'Minimo'),(959,'SI-2(1)','The organization centrally manages the flaw remediation process.',69,'none'),(960,'SI-2(2)','The organization employs automated mechanisms [Assignment: organization-defined frequency] to determine the state of information system components with regard to flaw remediation.',69,'none'),(961,'SI-2(3)','The organization: (a) Measures the time between flaw identification and flaw remediation; and (b) Establishes [Assignment: organization-defined benchmarks] for taking corrective actions.',69,'none'),(962,'SI-2(4)','Withdrawn: Incorporated into SI-2.',69,'none'),(963,'SI-2(5)','The organization installs [Assignment: organization-defined security-relevant software and firmware updates] automatically to [Assignment: organization-defined information system components].',69,'none'),(964,'SI-2(6)','The organization removes [Assignment: organization-defined software and firmware components] after updated versions have been installed.',69,'none'),(965,'SI-3','The organization:\r\n			a. Employs malicious code protection mechanisms at information system entry and exit points to detect and eradicate malicious code;\r\n			b. Updates malicious code protection mechanisms whenever new releases are available in accordance with organizational configuration management policy and procedures;\r\n			c. Configures malicious code protection mechanisms to:\r\n				1. Perform periodic scans of the information system [Assignment: organization-defined frequency] and real-time s',69,'Minimo'),(966,'SI-3(1)','The organization centrally manages malicious code protection mechanisms.',69,'none'),(967,'SI-3(2)','The information system automatically updates malicious code protection mechanisms.',69,'none'),(968,'SI-3(3)','Withdrawn: Incorporated into AC-6 (10).',69,'none'),(969,'SI-3(4)','The information system updates malicious code protection mechanisms only when directed by a privileged user.',69,'none'),(970,'SI-3(5)','Withdrawn: Incorporated into MP-7.',69,'none'),(971,'SI-3(6)','The organization: (a) Tests malicious code protection mechanisms [Assignment: organization-defined frequency] by introducing a known benign, non-spreading test case into the information system; and (b) Verifies that both detection of the test case and associated incident reporting occur.',69,'none'),(972,'SI-3(7)','The information system implements nonsignature-based malicious code detection mechanisms.',69,'none'),(973,'SI-3(8)','The information system detects [Assignment: organization-defined unauthorized operating system commands] through the kernel application programming interface at [Assignment: organization-defined information system hardware components] and [Selection (one or more): issues a warning; audits the command execution; prevents the execution of the command].',69,'none'),(974,'SI-3(9)','The information system implements [Assignment: organization-defined security safeguards] to authenticate [Assignment: organization-defined remote commands].',69,'none'),(975,'SI-3(10)','The organization: (a) Employs [Assignment: organization-defined tools and techniques] to analyze the characteristics and behavior of malicious code; and (b) Incorporates the results from malicious code analysis into organizational incident response and flaw remediation processes.',69,'none'),(976,'SI-4','The organization:\r\n			a. Monitors the information system to detect:\r\n				1. Attacks and indicators of potential attacks in accordance with [Assignment: organization-defined monitoring objectives]; and\r\n				2. Unauthorized local, network, and remote connections;\r\n			b. Identifies unauthorized use of the information system through [Assignment: organization-defined techniques and methods];\r\n			c. Deploys monitoring devices:\r\n				1. Strategically within the information system to collect organization',69,'Minimo'),(977,'SI-4(1)','The organization connects and configures individual intrusion detection tools into an information system-wide intrusion detection system.',69,'none'),(978,'SI-4(2)','The organization employs automated tools to support near real-time analysis of events.',69,'none'),(979,'SI-4(3)','The organization employs automated tools to integrate intrusion detection tools into access control and flow control mechanisms for rapid response to attacks by enabling reconfiguration of these mechanisms in support of attack isolation and elimination.',69,'none'),(980,'SI-4(4)','The information system monitors inbound and outbound communications traffic [Assignment: organization-defined frequency] for unusual or unauthorized activities or conditions.',69,'none'),(981,'SI-4(5)','The information system alerts [Assignment: organization-defined personnel or roles] when the following indications of compromise or potential compromise occur: [Assignment: organization-defined compromise indicators].',69,'none'),(982,'SI-4(6)','Withdrawn: Incorporated into AC-6 (10).',69,'none'),(983,'SI-4(7)','The information system notifies [Assignment: organization-defined incident response personnel (identified by name and/or by role)] of detected suspicious events and takes [Assignment: organization-defined least-disruptive actions to terminate suspicious events].',69,'none'),(984,'SI-4(8)','Withdrawn: Incorporated into SI-4.',69,'none'),(985,'SI-4(9)','The organization tests intrusion-monitoring tools [Assignment: organization-defined frequency].',69,'none'),(986,'SI-4(10)','The organization makes provisions so that [Assignment: organization-defined encrypted communications traffic] is visible to [Assignment: organization-defined information system monitoring tools].',69,'none'),(987,'SI-4(11)','The organization analyzes outbound communications traffic at the external boundary of the information system and selected [Assignment: organization-defined interior points within the system (e.g., subnetworks, subsystems)] to discover anomalies.',69,'none'),(988,'SI-4(12)','The organization employs automated mechanisms to alert security personnel of the following inappropriate or unusual activities with security implications: [Assignment: organization-defined activities that trigger alerts].',69,'none'),(989,'SI-4(13)','The organization: (a) Analyzes communications traffic/event patterns for the information system; (b) Develops profiles representing common traffic patterns and/or events; and (c) Uses the traffic/event profiles in tuning system-monitoring devices to reduce the number of false positives and the number of false negatives.',69,'none'),(990,'SI-4(14)','The organization employs a wireless intrusion detection system to identify rogue wireless devices and to detect attack attempts and potential compromises/breaches to the information system.',69,'none'),(991,'SI-4(15)','The organization employs an intrusion detection system to monitor wireless communications traffic as the traffic passes from wireless to wireline networks.',69,'none'),(992,'SI-4(16)','The organization correlates information from monitoring tools employed throughout the information system.',69,'none'),(993,'SI-4(17)','The organization correlates information from monitoring physical, cyber, and supply chain activities to achieve integrated, organization-wide situational awareness.',69,'none'),(994,'SI-4(18)','The organization analyzes outbound communications traffic at the external boundary of the information system (i.e., system perimeter) and at [Assignment: organization-defined interior points within the system (e.g., subsystems, subnetworks)] to detect covert exfiltration of information.',69,'none'),(995,'SI-4(19)','The organization implements [Assignment: organization-defined additional monitoring] of individuals who have been identified by [Assignment: organization-defined sources] as posing an increased level of risk.',69,'none'),(996,'SI-4(20)','The organization implements [Assignment: organization-defined additional monitoring] of privileged users.',69,'none'),(997,'SI-4(21)','The organization implements [Assignment: organization-defined additional monitoring] of individuals during [Assignment: organization-defined probationary period].',69,'none'),(998,'SI-4(22)','The information system detects network services that have not been authorized or approved by [Assignment: organization-defined authorization or approval processes] and [Selection (one or more): audits; alerts [Assignment: organization-defined personnel or roles]].',69,'none'),(999,'SI-4(23)','The organization implements [Assignment: organization-defined host-based monitoring mechanisms] at [Assignment: organization-defined information system components].',69,'none'),(1000,'SI-4(24)','The information system discovers, collects, distributes, and uses indicators of compromise.',69,'none'),(1001,'SI-5','The organization: a. Receives information system security alerts, advisories, and directives from [Assignment: organization-defined external organizations] on an ongoing basis; b. Generates internal security alerts, advisories, and directives as deemed necessary; c. Disseminates security alerts, advisories, and directives to: [Selection (one or more): [Assignment: organization-defined personnel or roles]; [Assignment: organization-defined elements within the organization]; [Assignment: organizat',69,'Minimo'),(1002,'SI-5(1)','The organization employs automated mechanisms to make security alert and advisory information available throughout the organization.',69,'none'),(1003,'SI-6','The information system: a. Verifies the correct operation of [Assignment: organization-defined security functions]; b. Performs this verification [Selection (one or more): [Assignment: organization-defined system transitional states]; upon command by user with appropriate privilege; [Assignment: organization-defined frequency]]; c. Notifies [Assignment: organization-defined personnel or roles] of failed security verification tests; and d. [Selection (one or more): shuts the information system do',69,'Avanzato'),(1004,'SI-6(1)','Withdrawn: Incorporated into SI-6.',69,'none'),(1005,'SI-6(2)','The information system implements automated mechanisms to support the management of distributed security testing.',69,'none'),(1006,'SI-6(3)','The organization reports the results of security function verification to [Assignment: organization-defined personnel or roles].',69,'none'),(1007,'SI-7','The organization employs integrity verification tools to detect unauthorized changes to [Assignment: organization-defined software, firmware, and information].',69,'Standard'),(1008,'SI-7(1)','The information system performs an integrity check of [Assignment: organization-defined software, firmware, and information] [Selection (one or more): at startup; at [Assignment: organization-defined transitional states or security-relevant events]; [Assignment: organization-defined frequency]].',69,'none'),(1009,'SI-7(2)','The organization employs automated tools that provide notification to [Assignment: organization-defined personnel or roles] upon discovering discrepancies during integrity verification.',69,'none'),(1010,'SI-7(3)','The organization employs centrally managed integrity verification tools.',69,'none'),(1011,'SI-7(4)','Withdrawn: Incorporated into SA-12.',69,'none'),(1012,'SI-7(5)','The information system automatically [Selection (one or more): shuts the information system down; restarts the information system; implements [Assignment: organization-defined security safeguards]] when integrity violations are discovered.',69,'none'),(1013,'SI-7(6)','The information system implements cryptographic mechanisms to detect unauthorized changes to software, firmware, and information.',69,'none'),(1014,'SI-7(7)','The organization incorporates the detection of unauthorized [Assignment: organization-defined security-relevant changes to the information system] into the organizational incident response capability.',69,'none'),(1015,'SI-7(8)','The information system, upon detection of a potential integrity violation, provides the capability to audit the event and initiates the following actions: [Selection (one or more): generates an audit record; alerts current user; alerts [Assignment: organization-defined personnel or roles]; [Assignment: organization-defined other actions]].',69,'none'),(1016,'SI-7(9)','The information system verifies the integrity of the boot process of [Assignment: organization-defined devices].',69,'none'),(1017,'SI-7(10)','The information system implements [Assignment: organization-defined security safeguards] to protect the integrity of boot firmware in [Assignment: organization-defined devices].',69,'none'),(1018,'SI-7(11)','The organization requires that [Assignment: organization-defined user-installed software] execute in a confined physical or virtual machine environment with limited privileges.',69,'none'),(1019,'SI-7(12)','The organization requires that the integrity of [Assignment: organization-defined user-installed software] be verified prior to execution.',69,'none'),(1020,'SI-7(13)','The organization allows execution of binary or machine-executable code obtained from sources with limited or no warranty and without the provision of source code only in confined physical or virtual machine environments and with the explicit approval of [Assignment: organization-defined personnel or roles].',69,'none'),(1021,'SI-7(14)','The organization: (a) Prohibits the use of binary or machine-executable code from sources with limited or no warranty and without the provision of source code; and (b) Provides exceptions to the source code requirement only for compelling mission/operational requirements and with the approval of the authorizing official.',69,'none'),(1022,'SI-7(15)','The information system implements cryptographic mechanisms to authenticate [Assignment: organization-defined software or firmware components] prior to installation.',69,'none'),(1023,'SI-7(16)','The organization does not allow processes to execute without supervision for more than [Assignment: organization-defined time period].',69,'none'),(1024,'SI-8','The organization: a. Employs spam protection mechanisms at information system entry and exit points to detect and take action on unsolicited messages; and b. Updates spam protection mechanisms when new releases are available in accordance with organizational configuration management policy and procedures.',69,'Standard'),(1025,'SI-8(1)','The organization centrally manages spam protection mechanisms.',69,'none'),(1026,'SI-8(2)','The information system automatically updates spam protection mechanisms.',69,'none'),(1027,'SI-8(3)','The information system implements spam protection mechanisms with a learning capability to more effectively identify legitimate communications traffic.',69,'none'),(1028,'SI-9','Withdrawn: Incorporated into AC-2, AC-3, AC-5, AC-6.',69,'none'),(1029,'SI-10','The information system checks the validity of [Assignment: organization-defined information inputs].',69,'Standard'),(1030,'SI-10(1)','The information system: (a) Provides a manual override capability for input validation of [Assignment: organization-defined inputs]; (b) Restricts the use of the manual override capability to only [Assignment: organization-defined authorized individuals]; and (c) Audits the use of the manual override capability.',69,'none'),(1031,'SI-10(2)','The organization ensures that input validation errors are reviewed and resolved within [Assignment: organization-defined time period].',69,'none'),(1032,'SI-10(3)','The information system behaves in a predictable and documented manner that reflects organizational and system objectives when invalid inputs are received.',69,'none'),(1033,'SI-10(4)','The organization accounts for timing interactions among information system components in determining appropriate responses for invalid inputs.',69,'none'),(1034,'SI-10(5)','The organization restricts the use of information inputs to [Assignment: organization-defined trusted sources] and/or [Assignment: organization-defined formats].',69,'none'),(1035,'SI-11','The information system: a. Generates error messages that provide information necessary for corrective actions without revealing information that could be exploited by adversaries; and b. Reveals error messages only to [Assignment: organization-defined personnel or roles].',69,'Standard'),(1036,'SI-12','The organization handles and retains information within the information system and information output from the system in accordance with applicable federal laws, Executive Orders, directives, policies, regulations, standards, and operational requirements.',69,'Minimo'),(1037,'SI-13','The organization: a. Determines mean time to failure (MTTF) for [Assignment: organization-defined information system components] in specific environments of operation; and b. Provides substitute information system components and a means to exchange active and standby components at [Assignment: organization-defined MTTF substitution criteria].',69,'none'),(1038,'SI-13(1)','The organization takes information system components out of service by transferring component responsibilities to substitute components no later than [Assignment: organization-defined fraction or percentage] of mean time to failure.',69,'none'),(1039,'SI-13(2)','Withdrawn: Incorporated into SI-7 (16).',69,'none'),(1040,'SI-13(3)','The organization manually initiates transfers between active and standby information system components [Assignment: organization-defined frequency] if the mean time to failure exceeds [Assignment: organization-defined time period].',69,'none'),(1041,'SI-13(4)','The organization, if information system component failures are detected: (a) Ensures that the standby components are successfully and transparently installed within [Assignment: organization-defined time period]; and (b) [Selection (one or more): activates [Assignment: organization-defined alarm]; automatically shuts down the information system].',69,'none'),(1042,'SI-13(5)','The organization provides [Selection: real-time; near real-time] [Assignment: organization-defined failover capability] for the information system.',69,'none'),(1043,'SI-14','The organization implements non-persistent [Assignment: organization-defined information system components and services] that are initiated in a known state and terminated [Selection (one or more): upon end of session of use; periodically at [Assignment: organization-defined frequency]].',69,'none'),(1044,'SI-14(1)','The organization ensures that software and data employed during information system component and service refreshes are obtained from [Assignment: organization-defined trusted sources].',69,'none'),(1045,'SI-15','The information system validates information output from [Assignment: organization-defined software programs and/or applications] to ensure that the information is consistent with the expected content.',69,'none'),(1046,'SI-16','The information system implements [Assignment: organization-defined security safeguards] to protect its memory from unauthorized code execution.',69,'Standard'),(1047,'SI-17','The information system implements [Assignment: organization-defined fail-safe procedures] when [Assignment: organization-defined failure conditions occur].',69,'none'),(1049,'Utilize an Active Discovery Tool','Utilize an active discovery tool to identify devices connected to the organization\'s network and update the hardware asset inventory.',1,'Standard'),(1050,'Use a Passive Asset Discovery Tool','Utilize a passive discovery tool to identify devices connected to the organization\'s network and automatically update the organization\'s hardware asset inventory.',1,'Avanzato'),(1051,'Use DHCP Logging to Update Asset Inventory','Use Dynamic Host Configuration Protocol (DHCP) logging on all DHCP servers or IP address management tools to update the organization\'s hardware asset inventory.',1,'Standard'),(1052,'Maintain Detailed Asset Inventory','Maintain an accurate and up-to-date inventory of all technology assets with the potential to store or process information. This inventory shall include all hardware assets, whether connected to the organization\'s network or not.',1,'Minimo'),(1053,'Maintain Asset Inventory Information','Ensure that the hardware asset inventory records the network address, hardware address, machine name, data asset owner, and department for each asset and whether the hardware asset has been approved to connect to the network.',1,'Standard'),(1054,'Address Unauthorized Assets','Ensure that unauthorized assets are either removed from the network, quarantined, or the inventory is updated in a timely manner.',1,'Minimo'),(1055,'Deploy Port Level Access Control','Utilize port level access control, following 802.1x standards, to control which devices can authenticate to the network. The authentication system shall be tied into the hardware asset inventory data to ensure only authorized devices can connect to the network.',1,'Standard'),(1056,'Utilize Client Certificates to Authenticate Hardware Assets','Use client certificates to authenticate hardware assets connecting to the organization\'s trusted network.',1,'Avanzato'),(1057,'Maintain Inventory of Authorized Software','Maintain an up-to-date list of all authorized software that is required in the enterprise for any business purpose on any business system.',2,'Minimo'),(1058,'Ensure Software is Supported by Vendor','Ensure that only software applications or operating systems currently supported and receiving vendor updates are added to the organization\'s authorized software inventory. Unsupported software should be tagged as unsupported in the inventory system.',2,'Minimo'),(1059,'Utilize Software Inventory Tools','Utilize software inventory tools throughout the organization to automate the documentation of all software on business systems.',2,'Standard'),(1060,'Track Software Inventory Information','The software inventory system should track the name, version, publisher, and install date for all software, including operating systems authorized by the organization.',2,'Standard'),(1061,'Integrate Software and Hardware Asset Inventories','The software inventory system should be tied into the hardware asset inventory so all devices and associated software are tracked from a single location.',2,'Avanzato'),(1062,'Address unapproved software','Ensure that unauthorized software is either removed or the inventory is updated in a timely manner',2,'Minimo'),(1063,'Utilize Application Whitelisting','Utilize application whitelisting technology on all assets to ensure that only authorized software executes and all unauthorized software is blocked from executing on assets.',2,'Avanzato'),(1064,'Implement Application Whitelisting of Libraries','The organization\'s application whitelisting software must ensure that only authorized software libraries (such as *.dll, *.ocx, *.so, etc.) are allowed to load into a system process.',2,'Avanzato'),(1065,'Implement Application Whitelisting of Scripts','The organization\'s application whitelisting software must ensure that only authorized, digitally signed scripts (such as *.ps1,  *.py, macros, etc.) are allowed to run on a system.',2,'Avanzato'),(1066,'Physically or Logically Segregate High Risk Applications','Physically or logically segregated systems should be used to isolate and run software that is required for business operations but incurs higher risk for the organization.',2,'Avanzato'),(1067,'Run Automated Vulnerability Scanning Tools','Utilize an up-to-date Security Content Automation Protocol (SCAP) compliant vulnerability scanning tool to automatically scan all systems on the network on a weekly or more frequent basis to identify all potential vulnerabilities on the organization\'s systems.',71,'Standard'),(1068,'Perform Authenticated Vulnerability Scanning','Perform authenticated vulnerability scanning with agents running locally on each system or with remote scanners that are configured with elevated rights on the system being tested.',71,'Standard'),(1069,'Protect Dedicated Assessment Accounts','Use a dedicated account for authenticated vulnerability scans, which should not be used for any other administrative activities and should be tied to specific machines at specific IP addresses.',71,'Standard'),(1070,'Deploy Automated Operating System Patch Management Tools','Deploy automated software update tools in order to ensure that the operating systems are running the most recent security updates provided by the software vendor.',71,'Minimo'),(1071,'Deploy Automated Software Patch Management Tools','Deploy automated software update tools in order to ensure that third-party software on all systems is running the most recent security updates provided by the software vendor.',71,'Minimo'),(1072,'Compare Back-to-Back Vulnerability Scans','Regularly compare the results from consecutive vulnerability scans to verify that vulnerabilities have been remediated in a timely manner.',71,'Standard'),(1073,'Utilize a Risk-Rating Process','Utilize a risk-rating process to prioritize the remediation of discovered vulnerabilities.',71,'Standard'),(1074,'Maintain Inventory of Administrative Accounts','Use automated tools to inventory all administrative accounts, including domain and local accounts, to ensure that only authorized individuals have elevated privileges.',72,'Standard'),(1075,'Change Default Passwords','Before deploying any new asset, change all default passwords to have values consistent with administrative level accounts.',72,'Minimo'),(1076,'Ensure the Use of Dedicated Administrative Accounts','Ensure that all users with administrative account access use a dedicated or secondary account for elevated activities. This account should only be used for administrative activities and not internet browsing, email, or similar activities.',72,'Minimo'),(1077,'Use Unique Passwords','Where multi-factor authentication is not supported (such as local administrator, root, or service accounts), accounts will use passwords that are unique to that system.',72,'Standard'),(1078,'Use Multi-Factor Authentication for All Administrative Access','Use multi-factor authentication and encrypted channels for all administrative account access.',72,'Standard'),(1079,'Use Dedicated Workstations For All Administrative Tasks','Ensure administrators use a dedicated machine for all administrative tasks or tasks requiring administrative access. This machine will be segmented from the organization\'s primary network and not be allowed Internet access. This machine will not be used for reading e-mail, composing documents, or browsing the Internet.',72,'Avanzato'),(1080,'Limit Access to Script Tools','Limit access to scripting tools (such as Microsoft PowerShell and Python) to only administrative or development users with the need to access those capabilities.',72,'Standard'),(1081,'Log and Alert on Changes to Administrative Group Membership','Configure systems to issue a log entry and alert when an account is added to or removed from any group assigned administrative privileges.',72,'Standard'),(1082,'Log and Alert on Unsuccessful Administrative Account Login','Configure systems to issue a log entry and alert on unsuccessful logins to an administrative account.',72,'Standard'),(1083,'Establish Secure Configurations','Maintain documented security configuration standards for all authorized operating systems and software.',73,'Minimo'),(1084,'Maintain Secure Images','Maintain secure images or templates for all systems in the enterprise based on the organization\'s approved configuration standards. Any new system deployment or existing system that becomes compromised should be imaged using one of those images or templates.',73,'Standard'),(1085,'Securely Store Master Images','Store the master images and templates on securely configured servers, validated with integrity monitoring tools, to ensure that only authorized changes to the images are possible.',73,'Standard'),(1086,'Deploy System Configuration Management Tools','Deploy system configuration management tools that will automatically enforce and redeploy configuration settings to systems at regularly scheduled intervals.',73,'Standard'),(1087,'Implement Automated Configuration Monitoring Systems','Utilize a Security Content Automation Protocol (SCAP) compliant configuration monitoring system to verify all security configuration elements, catalog approved exceptions, and alert when unauthorized changes occur.',73,'Standard'),(1088,'Utilize Three Synchronized Time Sources','Use at least three synchronized time sources from which all servers and network devices retrieve time information on a regular basis so that timestamps in logs are consistent.',74,'Standard'),(1089,'Activate Audit Logging','Ensure that local logging has been enabled on all systems and networking devices.',74,'Minimo'),(1090,'Enable Detailed Logging','Enable system logging to include detailed information such as a event source, date, user, timestamp, source addresses, destination addresses, and other useful elements.',74,'Standard'),(1091,'Ensure Adequate Storage for Logs','Ensure that all systems that store logs have adequate storage space for the logs generated.',74,'Standard'),(1092,'Central Log Management','Ensure that appropriate logs are being aggregated to a central log management system for analysis and review.',74,'Standard'),(1093,'Deploy SIEM or Log Analytic Tools','Deploy Security Information and Event Management (SIEM) or log analytic tool for log correlation and analysis.',74,'Standard'),(1094,'Regularly Review Logs','On a regular basis, review logs to identify anomalies or abnormal events.',74,'Standard'),(1095,'Regularly Tune SIEM','On a regular basis, tune your SIEM system to better identify actionable events and decrease event noise.',74,'Avanzato'),(1096,'Ensure Use of Only Fully Supported Browsers and Email Clients','Ensure that only fully supported web browsers and email clients are allowed to execute in the organization, ideally only using the latest version of the browsers and email clients provided by the vendor.',75,'Minimo'),(1097,'Disable Unnecessary or Unauthorized Browser or Email Client Plugins','Uninstall or disable any unauthorized browser or email client plugins or add-on applications.',75,'Standard'),(1098,'Limit Use of Scripting Languages in Web Browsers and Email Clients','Ensure that only authorized scripting languages are able to run in all web browsers and email clients.',75,'Standard'),(1099,'Maintain and Enforce Network-Based URL Filters','Enforce network-based URL filters that limit a system\'s ability to connect to websites not approved by the organization. This filtering shall be enforced for each of the organization\'s systems, whether they are physically at an organization\'s facilities or not.',75,'Standard'),(1100,'Subscribe to URL-Categorization Service','Subscribe to URL-categorization services to ensure that they are up-to-date with the most recent website category definitions available. Uncategorized sites shall be blocked by default.',75,'Standard'),(1101,'Log All URL requester','Log all URL requests from each of the organization\'s systems, whether on-site or a mobile device, in order to identify potentially malicious activity and assist incident handlers with identifying potentially compromised systems.',75,'Standard'),(1102,'Use of DNS Filtering Services','Use Domain Name System (DNS) filtering services to help block access to known malicious domains.',75,'Minimo'),(1103,'Implement DMARC and Enable Receiver-Side Verification','To lower the chance of spoofed or modified emails from valid domains, implement Domain-based Message Authentication, Reporting and Conformance (DMARC) policy and verification, starting by implementing the Sender Policy Framework (SPF) and the DomainKeys Identified Mail(DKIM) standards.',75,'Standard'),(1104,'Block Unnecessary File Types','Block all email attachments entering the organization\'s email gateway if the file types are unnecessary for the organization\'s business.',75,'Standard'),(1105,'Sandbox All Email Attachments','Use sandboxing to analyze and block inbound email attachments with malicious behavior.',75,'Avanzato'),(1106,'Utilize Centrally Managed Anti-malware Software','Utilize centrally managed anti-malware software to continuously monitor and defend each of the organization\'s workstations and servers.',76,'Standard'),(1107,'Ensure Anti-Malware Software and Signatures Are Updated','Ensure that the organization\'s anti-malware software updates its scanning engine and signature database on a regular basis.',76,'Minimo'),(1108,'Enable Operating System Anti-Exploitation Features/Deploy Anti-Exploit Technologies','Enable anti-exploitation features such as Data Execution Prevention (DEP) or Address Space Layout Randomization (ASLR) that are available in an operating system or deploy appropriate toolkits that can be configured to apply protection to a broader set of applications and executables.',76,'Standard'),(1109,'Configure Anti-Malware Scanning of Removable Devices','Configure devices so that they automatically conduct an anti-malware scan of removable media when inserted or connected.',76,'Minimo'),(1110,'Configure Devices to Not Auto-Run Content','Configure devices to not auto-run content from removable media.',76,'Minimo'),(1111,'Centralize Anti-Malware Logging','Send all malware detection events to enterprise anti-malware administration tools and event log servers for analysis and alerting.',76,'Standard'),(1112,'Enable DNS Query Logging','Enable Domain Name System (DNS) query logging to detect hostname lookups for known malicious domains.',76,'Standard'),(1113,'Enable Command-Line Audit Logging','Enable command-line audit logging for command shells, such as Microsoft PowerShell and Bash.',76,'Standard'),(1114,'Associate Active Ports, Services, and Protocols to Asset Inventory','Associate active ports, services, and protocols to the hardware assets in the asset inventory.',77,'Standard'),(1115,'Ensure Only Approved Ports, Protocols, and Services Are Running','Ensure that only network ports, protocols, and services listening on a system with validated business needs are running on each system.',77,'Standard'),(1116,'Perform Regular Automated Port Scans','Perform automated port scans on a regular basis against all systems and alert if unauthorized ports are detected on a system.',77,'Standard'),(1117,'Apply Host-Based Firewalls or Port-Filtering','Apply host-based firewalls or port-filtering tools on end systems, with a default-deny rule that drops all traffic except those services and ports that are explicitly allowed.',77,'Minimo'),(1118,'Implement Application Firewalls','Place application firewalls in front of any critical servers to verify and validate the traffic going to the server. Any unauthorized traffic should be blocked and logged.',77,'Avanzato'),(1119,'Ensure Regular Automated BackUps','Ensure that all system data is automatically backed up on a regular basis.',78,'Minimo'),(1120,'Perform Complete System Backups','Ensure that all of the organization\'s key systems are backed up as a complete system, through processes such as imaging, to enable the quick recovery of an entire system.',78,'Minimo'),(1121,'Test Data on Backup Media','',78,'Standard'),(1122,'Protect Backups','Ensure that backups are properly protected via physical security or encryption when they are stored, as well as when they are moved across the network. This includes remote backups and cloud services.',78,'Minimo'),(1123,'Ensure All Backups Have at Least One Offline Backup Destination','Ensure that all backups have at least one offline (i.e., not accessible via a network connection) backup destination.',78,'Minimo'),(1124,'Maintain Standard Security Configurations for Network Devices','Maintain documented security configuration standards for all authorized network devices.',79,'Standard'),(1125,'Document Traffic Configuration Rules','All configuration rules that allow traffic to flow through network devices should be documented in a configuration management system with a specific business reason for each rule, a specific individuals name responsible for that business need, and an expected duration of the need.',79,'Standard'),(1126,'Use Automated Tools to Verify Standard Device Configurations and Detect Changes','Compare all network device configuration against approved security configurations defined for each network device in use, and alert when any deviations are discovered.',79,'Standard'),(1127,'Install the Latest Stable Version of Any Security-Related Updates on All Network Devices','Install the latest stable version of any security-related updates on all network devices.',79,'Minimo'),(1128,'Manage Network Devices Using Multi-Factor Authentication and Encrypted Sessions','Manage all network devices using multi-factor authentication and encrypted sessions.',79,'Standard'),(1129,'Use Dedicated Machines For All Network Administrative Tasks','Ensure network engineers use a dedicated machine for all administrative tasks or tasks requiring elevated access. This machine shall be segmented from the organization\'s primary network and not be allowed Internet access. This machine shall not be used for reading email, composing documents, or surfing the Internet.',79,'Standard'),(1130,'Manage Network Infrastructure Through a Dedicated Network','Manage the network infrastructure across network connections that are separated from the business use of that network, relying on separate VLANs or, preferably, on entirely different physical connectivity for management sessions for network devices.',79,'Standard'),(1131,'Maintain an Inventory of Network Boundaries','Maintain an up-to-date inventory of all of the organization\'s network boundaries.',80,'Minimo'),(1132,'Scan for Unauthorized Connections Across Trusted Network Boundaries','Perform regular scans from outside each trusted network boundary to detect any unauthorized connections which are accessible across the boundary.',80,'Standard'),(1133,'Deny Communications With Known Malicious IP Addresses','Deny communications with known malicious or unused Internet IP addresses and limit access only to trusted and necessary IP address ranges at each of the organization\'s network boundaries,.',80,'Standard'),(1134,'Deny Communication Over Unauthorized Ports','Deny communication over unauthorized TCP or UDP ports or application traffic to ensure that only authorized protocols are allowed to cross the network boundary in or out of the network at each of the organization\'s network boundaries.',80,'Minimo'),(1135,'Configure Monitoring Systems to Record Network Packets','Configure monitoring systems to record network packets passing through the boundary at each of the organization\'s network boundaries.',80,'Standard'),(1136,'Deploy Network-Based IDS Sensors','Deploy network-based Intrusion Detection Systems (IDS) sensors to look for unusual attack mechanisms and detect compromise of these systems at each of the organization\'s network boundaries.',80,'Standard'),(1137,'Deploy Network-Based Intrusion Prevention Systems','Deploy network-based Intrusion Prevention Systems (IPS) to block malicious network traffic at each of the organization\'s network boundaries.',80,'Avanzato'),(1138,'Deploy NetFlow Collection on Networking Boundary Devices','Enable the collection of NetFlow and logging data on all network boundary devices.',80,'Standard'),(1139,'Deploy Application Layer Filtering Proxy Server','Ensure that all network traffic to or from the Internet passes through an authenticated application layer proxy that is configured to filter unauthorized connections.',80,'Avanzato'),(1140,'Decrypt Network Traffic at Proxy','Decrypt all encrypted network traffic at the boundary proxy prior to analyzing the content. However, the organization may use whitelists of allowed sites that can be accessed through the proxy without decrypting the traffic.',80,'Avanzato'),(1141,'Require All Remote Login to Use Multi-Factor Authentication','Require all remote login access to the organization\'s network to encrypt data in transit and use multi-factor authentication.',80,'Standard'),(1142,'Manage All Devices Remotely Logging into Internal Network','Scan all enterprise devices remotely logging into the organization\'s network prior to accessing the network to ensure that each of the organization\'s security policies has been enforced in the same manner as local network devices.',80,'Avanzato'),(1143,'Maintain an Inventory of Sensitive Information','Maintain an inventory of all sensitive information stored, processed, or transmitted by the organization\'s technology systems, including those located on-site or at a remote service provider.',81,'Minimo'),(1144,'Remove Sensitive Data or Systems Not Regularly Accessed by Organization','Remove sensitive data or systems not regularly accessed by the organization from the network. These systems shall only be used as stand-alone systems (disconnected from the network) by the business unit needing to occasionally use the system or completely virtualized and powered off until needed.',81,'Minimo'),(1145,'Monitor and Block Unauthorized Network Traffic','Deploy an automated tool on network perimeters that monitors for unauthorized transfer of sensitive information and blocks such transfers while alerting information security professionals.',81,'Avanzato'),(1146,'Only Allow Access to Authorized Cloud Storage or Email Providers','Only allow access to authorized cloud storage or email providers.',81,'Standard'),(1147,'Monitor and Detect Any Unauthorized Use of Encryption','Monitor all traffic leaving the organization and detect any unauthorized use of encryption.',81,'Avanzato'),(1148,'Encrypt Mobile Device Data','Utilize approved cryptographic mechanisms to protect enterprise data stored on all mobile devices.',81,'Minimo'),(1149,'Manage USB Devices','If USB storage devices are required, enterprise software should be used that can configure systems to allow the use of specific devices. An inventory of such devices should be maintained.',81,'Standard'),(1150,'Manage System\'s External Removable Media\'s Read/Write Configurations','Configure systems not to write data to external removable media, if there is no business need for supporting such devices.',81,'Avanzato'),(1151,'Encrypt Data on USB Storage Devices','If USB storage devices are required, all data stored on such devices must be encrypted while at rest.',81,'Avanzato'),(1152,'Segment the Network Based on Sensitivity','Segment the network based on the label or classification level of the information stored on the servers, locate all sensitive information on separated Virtual Local Area Networks (VLANs).',82,'Standard'),(1153,'Enable Firewall Filtering Between VLANs','Enable firewall filtering between VLANs to ensure that only authorized systems are able to communicate with other systems necessary to fulfill their specific responsibilities.',82,'Standard'),(1154,'Disable Workstation to Workstation Communication','Disable all workstation-to-workstation communication to limit an attacker\'s ability to move laterally and compromise neighboring systems, through technologies such as Private VLANs or micro segmentation.',82,'Standard'),(1155,'Encrypt All Sensitive Information in Transit','Encrypt all sensitive information in transit.',82,'Standard'),(1156,'Utilize an Active Discovery Tool to Identify Sensitive Data','Utilize an active discovery tool to identify all sensitive information stored, processed, or transmitted by the organization\'s technology systems, including those located on-site or at a remote service provider, and update the organization\'s sensitive information inventory.',82,'Avanzato'),(1157,'Protect Information Through Access Control Lists','Protect all information stored on systems with file system, network share, claims, application, or database specific access control lists. These controls will enforce the principle that only authorized individuals should have access to the information based on their need to access the information as a part of their responsibilities.',82,'Minimo'),(1158,'Enforce Access Control to Data Through Automated Tools','Use an automated tool, such as host-based Data Loss Prevention, to enforce access controls to data even when data is copied off a system.',82,'Avanzato'),(1159,'Encrypt Sensitive Information at Rest','Encrypt all sensitive information at rest using a tool that requires a secondary authentication mechanism not integrated into the operating system, in order to access the information.',82,'Avanzato'),(1160,'Enforce Detail Logging for Access or Changes to Sensitive Data','Enforce detailed audit logging for access to sensitive data or changes to sensitive data (utilizing tools such as File Integrity Monitoring or Security Information and Event Monitoring).',82,'Avanzato'),(1161,'Maintain an Inventory of Authorized Wireless Access Points','Maintain an inventory of authorized wireless access points connected to the wired network.',83,'Standard'),(1162,'Detect Wireless Access Points Connected to the Wired Network','Configure network vulnerability scanning tools to detect and alert on unauthorized wireless access points connected to the wired network.',83,'Standard'),(1163,'Use a Wireless Intrusion Detection System','Use a wireless intrusion detection system (WIDS) to detect and alert on unauthorized wireless access points connected to the network.',83,'Standard'),(1164,'Disable Wireless Access on Devices if Not Required','Disable wireless access on devices that do not have a business purpose for wireless access.',83,'Avanzato'),(1165,'Limit Wireless Access on Client Devices','Configure wireless access on client machines that do have an essential wireless business purpose, to allow access only to authorized wireless networks and to restrict access to other wireless networks.',83,'Avanzato'),(1166,'Disable Peer-to-Peer Wireless Network Capabilities on Wireless Clients','Disable peer-to-peer (ad hoc) wireless network capabilities on wireless clients.',83,'Standard'),(1167,'Leverage the Advanced Encryption Standard (AES) to Encrypt Wireless Data','Leverage the Advanced Encryption Standard (AES) to encrypt wireless data in transit.',83,'Minimo'),(1168,'Use Wireless Authentication Protocols That Require Mutual, Multi-Factor Authentication','Ensure that wireless networks use authentication protocols such as Extensible Authentication Protocol-Transport Layer Security (EAP/TLS), which requires mutual, multi-factor authentication.',83,'Avanzato'),(1169,'Disable Wireless Peripheral Access of Devices','Disable wireless peripheral access of devices [such as Bluetooth and Near Field Communication (NFC)], unless such access is required for a business purpose.',83,'Standard'),(1170,'Create Separate Wireless Network for Personal and Untrusted Devices','Create a separate wireless network for personal or untrusted devices. Enterprise access from this network should be treated as untrusted and filtered and audited accordingly.',83,'Minimo'),(1171,'Maintain an Inventory of Authentication Systems','Maintain an inventory of each of the organization\'s authentication systems, including those located on-site or at a remote service provider.',84,'Standard'),(1172,'Configure Centralized Point of Authentication','Configure access for all accounts through as few centralized points of authentication as possible, including network, security, and cloud systems.',84,'Standard'),(1173,'Require Multi-Factor Authentication','Require multi-factor authentication for all user accounts, on all systems, whether managed on-site or by a third-party provider.',84,'Standard'),(1174,'Encrypt or Hash all Authentication Credentials','Encrypt or hash with a salt all authentication credentials when stored.',84,'Standard'),(1175,'Encrypt Transmittal of Username and Authentication Credentials','Ensure that all account usernames and authentication credentials are transmitted across networks using encrypted channels.',84,'Standard'),(1176,'Maintain an Inventory of Accounts','Maintain an inventory of all accounts organized by authentication system.',84,'Standard'),(1177,'Establish Process for Revoking Access','Establish and follow an automated process for revoking system access by disabling accounts immediately upon termination or change of responsibilities of an employee or contractor . Disabling these accounts, instead of deleting accounts, allows preservation of audit trails.',84,'Standard'),(1178,'Disable Any Unassociated Accounts','Disable any account that cannot be associated with a business process or business owner.',84,'Minimo'),(1179,'Disable Dormant Accounts','Automatically disable dormant accounts after a set period of inactivity.',84,'Minimo'),(1180,'Ensure All Accounts Have An Expiration Date','Ensure that all accounts have an expiration date that is monitored and enforced.',84,'Standard'),(1181,'Lock Workstation Sessions After Inactivity','Automatically lock workstation sessions after a standard period of inactivity.',84,'Minimo'),(1182,'Monitor Attempts to Access Deactivated Accounts','Monitor attempts to access deactivated accounts through audit logging.',84,'Standard'),(1183,'Alert on Account Login Behavior Deviation','Alert when users deviate from normal login behavior, such as time-of-day, workstation location, and duration.',84,'Avanzato'),(1184,'Perform a Skills Gap Analysis','Perform a skills gap analysis to understand the skills and behaviors workforce members are not adhering to, using this information to build a baseline education roadmap.',85,'Standard'),(1185,'Deliver Training to Fill the Skills Gap','Deliver training to address the skills gap identified to positively impact workforce members\' security behavior.',85,'Standard'),(1186,'Implement a Security Awareness Program','Create a security awareness program for all workforce members to complete on a regular basis to ensure they understand and exhibit the necessary behaviors and skills to help ensure the security of the organization. The organization\'s security awareness program should be communicated in a continuous and engaging manner.',85,'Minimo'),(1187,'Update Awareness Content Frequently','Ensure that the organization\'s security awareness program is updated frequently (at least annually) to address new technologies, threats, standards, and business requirements.',85,'Standard'),(1188,'Train Workforce on Secure Authentication','Train workforce members on the importance of enabling and utilizing secure authentication.',85,'Minimo'),(1189,'Train Workforce on Identifying Social Engineering Attacks','Train the workforce on how to identify different forms of social engineering attacks, such as phishing, phone scams, and impersonation calls.',85,'Minimo'),(1190,'Train Workforce on Sensitive Data Handling','Train workforce members on how to identify and properly store, transfer, archive, and destroy sensitive information.',85,'Minimo'),(1191,'Train Workforce on Causes of Unintentional Data Exposure','Train workforce members to be aware of causes for unintentional data exposures, such as losing their mobile devices or emailing the wrong person due to autocomplete in email.',85,'Minimo'),(1192,'Train Workforce Members on Identifying and Reporting Incidents','Train workforce members to be able to identify the most common indicators of an incident and be able to report such an incident.',85,'Minimo'),(1193,'Establish Secure Coding Practices','Establish secure coding practices appropriate to the programming language and development environment being used.',86,'Standard'),(1194,'Ensure That Explicit Error Checking is Performed for All In-House Developed Software','For in-house developed software, ensure that explicit error checking is performed and documented for all input, including for size, data type, and acceptable ranges or formats.',86,'Standard'),(1195,'Verify That Acquired Software is Still Supported','Verify that the version of all software acquired from outside your organization is still supported by the developer or appropriately hardened based on developer security recommendations.',86,'Standard'),(1196,'Only Use Up-to-Date and Trusted Third-Party Components','Only use up-to-date and trusted third-party components for the software developed by the organization.',86,'Avanzato'),(1197,'Use Only Standardized and Extensively Reviewed Encryption Algorithms','Use only standardized, currently accepted, and extensively reviewed encryption algorithms.',86,'Standard'),(1198,'Ensure Software Development Personnel are Trained in Secure Coding','Ensure that all software development personnel receive training in writing secure code for their specific development environment and responsibilities.',86,'Standard'),(1199,'Apply Static and Dynamic Code Analysis Tools','Apply static and dynamic analysis tools to verify that secure coding practices are being adhered to for internally developed software.',86,'Standard'),(1200,'Establish a Process to Accept and Address Reports of Software Vulnerabilities','Establish a process to accept and address reports of software vulnerabilities, including providing a means for external entities to contact your security group.',86,'Standard'),(1201,'Separate Production and Non-Production Systems','Maintain separate environments for production and non-production systems. Developers should not have unmonitored access to production environments.',86,'Standard'),(1202,'Deploy Web Application Firewalls','Protect web applications by deploying web application firewalls (WAFs) that inspect all traffic flowing to the web application for common web application attacks. For applications that are not web-based, specific application firewalls should be deployed if such tools are available for the given application type. If the traffic is encrypted, the device should either sit behind the encryption or be capable of decrypting the traffic prior to analysis. If neither option is appropriate, a host-based ',86,'Standard'),(1203,'Use Standard Hardening Configuration Templates for Databases','For applications that rely on a database, use standard hardening configuration templates. All systems that are part of critical business processes should also be tested.',86,'Standard'),(1204,'Document Incident Response Procedures','Ensure that there are written incident response plans that define roles of personnel as well as phases of incident handling/management.',87,'Minimo'),(1205,'Assign Job Titles and Duties for Incident Response','Assign job titles and duties for handling computer and network incidents to specific individuals, and ensure tracking and documentation throughout the incident through resolution.',87,'Standard'),(1206,'Designate Management Personnel to Support Incident Handling','Designate management personnel, as well as backups, who will support the incident handling process by acting in key decision-making roles.',87,'Minimo'),(1207,'Devise Organization-wide Standards for Reporting Incidents','Devise organization-wide standards for the time required for system administrators and other workforce members to report anomalous events to the incident handling team, the mechanisms for such reporting, and the kind of information that should be included in the incident notification.',87,'Standard'),(1208,'Maintain Contact Information For Reporting Security Incidents','Assemble and maintain information on third-party contact information to be used to report a security incident, such as Law Enforcement, relevant government departments, vendors, and Information Sharing and Analysis Center (ISAC) partners.',87,'Minimo'),(1209,'Publish Information Regarding Reporting Computer Anomalies and Incidents','Publish information for all workforce members, regarding reporting computer anomalies and incidents, to the incident handling team. Such information should be included in routine employee awareness activities.',87,'Minimo'),(1210,'Conduct Periodic Incident Scenario Sessions for Personnel','Plan and conduct routine incident, response exercises and scenarios for the workforce involved in the incident response to maintain awareness and comfort in responding to real-world threats. Exercises should test communication channels, decision making, and incident responders technical capabilities using tools and data available to them.',87,'Standard'),(1211,'Create Incident Scoring and Prioritization Schema','Create incident scoring and prioritization schema based on known or potential impact to your organization. Utilize score to define frequency of status updates and escalation procedures.',87,'Avanzato'),(1212,'Establish a Penetration Testing Program','Establish a program for penetration tests that includes a full scope of blended attacks, such as wireless, client-based, and web application attacks.',88,'Standard'),(1213,'Conduct Regular External and Internal Penetration Tests','Conduct regular external and internal penetration tests to identify vulnerabilities and attack vectors that can be used to exploit enterprise systems successfully.',88,'Standard'),(1214,'Perform Periodic Red Team Exercises','Perform periodic Red Team exercises to test organizational readiness to identify and stop attacks or to respond quickly and effectively.',88,'Avanzato'),(1215,'Include Tests for Presence of Unprotected System Information and Artifacts','Include tests for the presence of unprotected system information and artifacts that would be useful to attackers, including network diagrams, configuration files, older penetration test reports, e-mails or documents containing passwords or other information critical to system operation.',88,'Standard'),(1216,'Create Test Bed for Elements Not Typically Tested in Production','Create a test bed that mimics a production environment for specific penetration tests and Red Team attacks against elements that are not typically tested in production, such as attacks against supervisory control and data acquisition and other control systems.',88,'Standard'),(1217,'Use Vulnerability Scanning and Penetration Testing Tools in Concert','Use vulnerability scanning and penetration testing tools in concert. The results of vulnerability scanning assessments should be used as a starting point to guide and focus penetration testing efforts.',88,'Standard'),(1218,'Ensure Results from Penetration Test are Documented Using Open, Machine-readable Standards','Wherever possible, ensure that Red Team results are documented using open, machine-readable standards (e.g., SCAP). Devise a scoring method for determining the results of Red Team exercises so that results can be compared over time.',88,'Avanzato'),(1219,'Control and Monitor Accounts Associated with Penetration Testing','Any user or system accounts used to perform penetration testing should be controlled and monitored to make sure they are only being used for legitimate purposes, and are removed or restored to normal function after testing is over.',88,'Standard'),(1223,'Art.24(1)','Il titolare del trattamento mette in atto misure tecniche e organizzative adeguate a garantire, ed essere in grado di dimostrare, che il trattamento e effettuato conformemente al Regolamento.',91,'Minimo'),(1224,'Art.24(1)','Il titolare del trattamento riesamina e aggiorna le misure tecniche di cui al controllo Art.24(1) qualora necessario',91,'Minimo'),(1225,'Art.24(2)','Il titolare del trattamento definisce ed attua politiche adeguate in materia di protezione dei dati personali',91,'Minimo'),(1226,'Art.27(1),(3)','Qualora il trattamento riguardi lofferta di beni o servizi a interessati che si trovano nellUnione o il monitoraggio del comportamento degli stessi, il titolare del trattamento o il responsabile del trattamento, se non stabilito nellUnione, designa per iscritto un rappresentante nell\'Unione, in uno degli Stati membri in cui si trovano gli interessati.',91,'Minimo'),(1227,'Art.28','Il titolare del trattamento definisce, nell\'ambito di un contratto o altro atto giuridico, i ruoli e le responsabilit dei responsabili del trattamento.',91,'Minimo'),(1228,'Art.29','Il titolare del trattamento deve istruire tutti i soggetti che hanno accesso ai dati personali circa l\'esecuzione dei compiti loro assegnati',91,'Minimo'),(1229,'Art.26','Nel caso di contitolarit del trattamento, i contitolari del trattamento definiscono, mediante un accordo interno, le rispettive responsabilit in merito allosservanza del Regolamento.',91,'Minimo'),(1230,'Art.37','Il titolare del trattamento e il responsabile del trattamento designano, in funzione delle sue qualit professionali (conoscenza specialistica della normativa e delle prassi in materia di protezione dei dati e capacita di assolvere i propri compiti), un responsabile della protezione dei dati (data protection officer - DPO).',91,'Minimo'),(1231,'Art.37(7)','Il titolare del trattamento o il responsabile del trattamento pubblica i dati di contatto del responsabile della protezione dei dati e li comunica all\'autorita di controllo.',91,'Minimo'),(1232,'Art.38(3),39','Il titolare o il responsabile del trattamento definiscono, nell\'ambito dell\'atto di designazione, compiti e funzioni che il DPO  tenuto a svolgere in piena autonomia ed indipendenza ed in assenza di conflitti di interesse, e lo coinvolgono in tutte le questioni riguardanti la protezione dei dati personali.',91,'Minimo'),(1233,'Art.25(1)','Il titolare del trattamento mette in atto misure tecniche e organizzative adeguate volte ad attuare in modo efficace i principi di protezione dei dati (ad esempio pseudonimizzazione, minimizzazione) fin dalla progettazione (data protection by-design).',91,'Minimo'),(1234,'Art.25(2)','Il titolare del trattamento mette in atto misure tecniche e organizzative adeguate a garantire che siano trattati, per impostazione predefinita (data protection by-default), solo i dati personali necessari per ogni specifica finalita del trattamento.',91,'Minimo'),(1235,'Art.30(1-3)','Il titolare del trattamento e il responsabile del trattamento tengono, in forma scritta (anche in formato elettronico), un registro delle attivit di trattamento svolte. ',91,'Minimo'),(1236,'Art.5(1)','Sono definiti e gestiti processi atti a garantire che i trattamenti di dati personali rispettino i principi di liceit, correttezza, trasparenza, limitazione della finalit, minimizzazione dei dati, esattezza, limitazione della conservazione, integrit e riservatezza (art. 5).',91,'Minimo'),(1237,'Art.5(2)','Il titolare del trattamento  in grado di dimostrare il rispetto dei principi di cui al controllo art.5(1) e la conformit delle attivit di trattamento con il Regolamento (accountability).',91,'Minimo'),(1238,'Art.35(1-5)','Qualora un tipo di trattamento di dati personali presenti un rischio elevato per i diritti e le libert delle persone fisiche, il titolare del trattamento, consultato il responsabile della protezione dei dati, effettua una valutazione dell\'impatto sulla protezione dei dati personali.',91,'Minimo'),(1239,'Art.35 (7)','Il titolare del trattamento si assicura che la valutazione d\'impatto contenga quanto previsto dal Regolamento.',91,'Minimo'),(1240,'Art.35(8),(9)','Il titolare del trattamento, nell\'effettuare la valutazione d\'impatto sulla protezione dei dati personali, tiene conto del rispetto dei codici di condotta e, se del caso, delle opinioni degli interessati o dei loro rappresentanti sul trattamento. ',91,'Minimo'),(1241,'Art.35(11)','Il titolare del trattamento procede ad un riesame della valutazione di impatto con cadenza periodica e qualora insorgano variazioni del rischio rappresentato dalle attivit relative al trattamento. ',91,'Minimo'),(1242,'Art.36(1),(3)','Qualora la valutazione di impatto sulla protezione dei dati personali indichi che il trattamento presenterebbe un rischio elevato in assenza di misure adottate per attenuare il rischio, il titolare del trattamento consulta l\'autorit di controllo.',91,'Minimo'),(1243,'Art.12,13,14','Il titolare del trattamento adotta processi per fornire all\'interessato tutte le informazioni inerenti il trattamento dei dati personali comunque raccolti (sia presso lo stesso interessato che presso terzi) nonch lesistenza e le modalit di esercizio dei diritti previsti dal Regolamento.',91,'Minimo'),(1244,'Art.7(1),(2),(4), 8','Il titolare del trattamento mette in atto processi che gli permettano di dimostrare che, per i trattamenti basati sul consenso, l\'interessato, o nel caso di minori il titolare della responsabilit genitoriale, ha liberamente prestato uno specifico consenso per ciascun trattamento dei propri dati personali.',91,'Minimo'),(1245,'Art.7(3), 8','Il titolare del trattamento mette in atto processi che gli permettano di gestire e documentare la revoca del consenso al trattamento dei dati personali da parte dell\'interessato, o nel caso di minori del titolare della responsabilit genitoriale.',91,'Minimo'),(1246,'Art.15',' definito un processo che garantisce al titolare del trattamento la capacit di fornire all\'interessato la conferma che sia o meno in corso un trattamento di dati personali che lo riguardano.',91,'Minimo'),(1247,'Art.15','Il titolare del trattamento mette in atto processi che garantiscono l\'esercizio da parte dell\'interessato del diritto di accesso ai dati personali ed alle informazioni relative al trattamento, qualora la richiesta avvenga tramite mezzi elettronici, utilizzando un formato elettronico di uso comune.',91,'Minimo'),(1248,'Art.16','Il titolare del trattamento mette in atto processi che garantiscono all\'in-teressato lesercizio del diritto di rettifica dei dati personali che lo riguardano qualora ne faccia richiesta, senza ingiustificato ritardo',91,'Minimo'),(1249,'Art.17(1)','Il titolare del trattamento mette in atto processi che garantiscono all\'interessato lesercizio del diritto di cancellazione dei dati personali che lo riguardano qualora ne faccia richiesta, senza ingiustificato ritardo, senza ingiustificato ritardo i dati personali qualora sussista uno dei motivi di cui all\'art. 17 par. 1.',91,'Minimo'),(1250,'Art.17(2)','In riferimento al controllo art.17(1), il titolare del trattamento, qualora abbia reso pubblici i dati personali, adotta le misure ragionevoli, anche tecniche, per informare della richiesta dell\'interessato di cancellare qualsiasi link, copia o riproduzione dei suoi dati personali, tutti gli ulteriori titolari del trattamento che stanno trattando i dati personali.',91,'Minimo'),(1251,'Art. 18(1-3)','Il titolare del trattamento mette in atto processi che garantiscono all\'in-teressato lesercizio del diritto di limitazione del trattamento dei dati personali che lo riguardano e che successivamente alla limitazione i dati vengano trattati esclusivamente nelle circostanze previste dal Regolamento (es. consenso dellinteressato, accertamento diritti in sede giudiziaria, ecc.).',91,'Minimo'),(1252,'Art.19','Il titolare del trattamento mette in atto processi per la comunicazione a ciascuno dei destinatari cui sono stati trasmessi i dati personali delle eventuali rettifiche, cancellazioni o limitazioni del trattamento richieste dallinteressato.',91,'Minimo'),(1253,'Art.20','Il titolare del trattamento mette in atto processi che garantiscono all\'interessato lesercizio del diritto di portabilit dei dati.',91,'Minimo'),(1254,'Art.21','Il titolare del trattamento mette in atto processi che garantiscono all\'interessato lesercizio del diritto di opposizione al trattamento dei dati personali, ove ne ricorrano i presupposti',91,'Minimo'),(1255,'Art.22(1)','Il titolare del trattamento mette in atto processi che garantiscono all\'interessato il diritto di non essere sottoposto a una decisione basata unicamente sul trattamento automatizzato, compresa la profilazione, che produca effetti giuridici che lo riguardano o che incida in modo analogo significativamente sulla sua persona.',91,'Minimo'),(1256,'art.22(2-3)','In riferimento al controllo art22(1), nel caso in cui la decisione si basi sul consenso esplicito dellinteressato oppure sia necessaria per la conclusione o lesecuzione di un contratto, il titolare del trattamento attua misure appropriate per tutelare i diritti, le libert e i legittimi interessi dell\'interessato (almeno il diritto di ottenere l\'intervento umano da parte del titolare del trattamento, di esprimere la propria opinione e di contestare la decisione).',91,'Minimo'),(1257,'Art.44',' definito un processo per regolare il trasferimento di dati personali verso paesi terzi o organizzazioni internazionali in conformit a quanto sancito nell\'art 44. ',91,'Minimo'),(1258,'Art.45',' definito un processo atto a verificare che sussistano le condizioni affinch un trasferimento di dati personali verso paesi terzi o organizzazioni internazionali sia ammesso, ai sensi dell\'art. 45.',91,'Minimo'),(1259,'Art.46,47,49','In mancanza di una decisione ai sensi dell\'art. 45, par. 3, il titolare del trattamento o il responsabile del trattamento effettuano il trasferimento verso un paese terzo o organizzazione internazionale solo se sono in grado di\r\nfornire garanzie adeguate in conformit all\'art. 46 parr. 2 e 3 oppure, in ultima\r\nanalisi, qualora sussistano le specifiche condizioni, di cui all\'art. 49.\r\n',91,'Minimo'),(1260,'Art.33','In caso di violazione dei dati personali che presenti un rischio per gli interessati, il titolare del trattamento notifica la violazione all\'autorit di controllo competente senza ingiustificato ritardo, e comunque entro 72 ore dal momento in cui ne  venuto a conoscenza',91,'Minimo'),(1261,'Art.34','In caso di violazione dei dati personali che presenti un rischio elevato per gli interessati, il titolare del trattamento comunica la violazione all\'interessato senza ingiustificato ritardo.',91,'Minimo'),(1262,'art.33(2)','Il responsabile del trattamento informa il titolare del trattamento senza ingiustificato ritardo dopo essere venuto a conoscenza di una violazione dei dati personali.',91,'Minimo'),(1263,'Art.33(5)','Il titolare del trattamento documenta tutte le violazioni dei dati persona-li, comprese le circostanze a esse relative, le loro conseguenze e i provvedimenti adottati per porvi rimedio.',91,'Minimo');
/*!40000 ALTER TABLE `parsingbpmn_control` ENABLE KEYS */;
UNLOCK TABLES;

--
-- Table structure for table `parsingbpmn_control_framework`
--

DROP TABLE IF EXISTS `parsingbpmn_control_framework`;
/*!40101 SET @saved_cs_client     = @@character_set_client */;
/*!40101 SET character_set_client = utf8 */;
CREATE TABLE `parsingbpmn_control_framework` (
  `id` int(11) NOT NULL AUTO_INCREMENT,
  `name` varchar(100) NOT NULL,
  `version` varchar(500) NOT NULL,
  PRIMARY KEY (`id`)
) ENGINE=InnoDB AUTO_INCREMENT=5 DEFAULT CHARSET=utf8mb4;
/*!40101 SET character_set_client = @saved_cs_client */;

--
-- Dumping data for table `parsingbpmn_control_framework`
--

LOCK TABLES `parsingbpmn_control_framework` WRITE;
/*!40000 ALTER TABLE `parsingbpmn_control_framework` DISABLE KEYS */;
INSERT INTO `parsingbpmn_control_framework` VALUES (1,'CIS','7.1'),(2,'AgID','-'),(3,'NIST','rev. 4'),(4,'GDPR','-');
/*!40000 ALTER TABLE `parsingbpmn_control_framework` ENABLE KEYS */;
UNLOCK TABLES;

--
-- Table structure for table `parsingbpmn_control_has_relatedcontrol`
--

DROP TABLE IF EXISTS `parsingbpmn_control_has_relatedcontrol`;
/*!40101 SET @saved_cs_client     = @@character_set_client */;
/*!40101 SET character_set_client = utf8 */;
CREATE TABLE `parsingbpmn_control_has_relatedcontrol` (
  `id` int(11) NOT NULL AUTO_INCREMENT,
  `control_id` int(11) NOT NULL,
  `family_id` int(11) NOT NULL,
  `relatedcontrol_id` int(11) NOT NULL,
  `relatedfamily_id` int(11) NOT NULL,
  PRIMARY KEY (`id`),
  KEY `parsingbpmn_control__control_id_33c10223_fk_parsingbp` (`control_id`),
  KEY `parsingbpmn_control__family_id_3d27ce77_fk_parsingbp` (`family_id`),
  KEY `parsingbpmn_control__relatedcontrol_id_449f01e6_fk_parsingbp` (`relatedcontrol_id`),
  KEY `parsingbpmn_control__relatedfamily_id_b1b59ba9_fk_parsingbp` (`relatedfamily_id`),
  CONSTRAINT `parsingbpmn_control__control_id_33c10223_fk_parsingbp` FOREIGN KEY (`control_id`) REFERENCES `parsingbpmn_control` (`id`),
  CONSTRAINT `parsingbpmn_control__family_id_3d27ce77_fk_parsingbp` FOREIGN KEY (`family_id`) REFERENCES `parsingbpmn_family` (`id`),
  CONSTRAINT `parsingbpmn_control__relatedcontrol_id_449f01e6_fk_parsingbp` FOREIGN KEY (`relatedcontrol_id`) REFERENCES `parsingbpmn_control` (`id`),
  CONSTRAINT `parsingbpmn_control__relatedfamily_id_b1b59ba9_fk_parsingbp` FOREIGN KEY (`relatedfamily_id`) REFERENCES `parsingbpmn_family` (`id`)
) ENGINE=InnoDB DEFAULT CHARSET=utf8mb4;
/*!40101 SET character_set_client = @saved_cs_client */;

--
-- Dumping data for table `parsingbpmn_control_has_relatedcontrol`
--

LOCK TABLES `parsingbpmn_control_has_relatedcontrol` WRITE;
/*!40000 ALTER TABLE `parsingbpmn_control_has_relatedcontrol` DISABLE KEYS */;
/*!40000 ALTER TABLE `parsingbpmn_control_has_relatedcontrol` ENABLE KEYS */;
UNLOCK TABLES;

--
-- Table structure for table `parsingbpmn_control_has_subcontrol`
--

DROP TABLE IF EXISTS `parsingbpmn_control_has_subcontrol`;
/*!40101 SET @saved_cs_client     = @@character_set_client */;
/*!40101 SET character_set_client = utf8 */;
CREATE TABLE `parsingbpmn_control_has_subcontrol` (
  `id` int(11) NOT NULL AUTO_INCREMENT,
  `control_id` int(11) NOT NULL,
  `subcontrol_id` int(11) NOT NULL,
  PRIMARY KEY (`id`),
  KEY `parsingbpmn_control__control_id_1e2357b9_fk_parsingbp` (`control_id`),
  KEY `parsingbpmn_control__subcontrol_id_62599428_fk_parsingbp` (`subcontrol_id`),
  CONSTRAINT `parsingbpmn_control__control_id_1e2357b9_fk_parsingbp` FOREIGN KEY (`control_id`) REFERENCES `parsingbpmn_control` (`id`),
  CONSTRAINT `parsingbpmn_control__subcontrol_id_62599428_fk_parsingbp` FOREIGN KEY (`subcontrol_id`) REFERENCES `parsingbpmn_control` (`id`)
) ENGINE=InnoDB DEFAULT CHARSET=utf8mb4;
/*!40101 SET character_set_client = @saved_cs_client */;

--
-- Dumping data for table `parsingbpmn_control_has_subcontrol`
--

LOCK TABLES `parsingbpmn_control_has_subcontrol` WRITE;
/*!40000 ALTER TABLE `parsingbpmn_control_has_subcontrol` DISABLE KEYS */;
/*!40000 ALTER TABLE `parsingbpmn_control_has_subcontrol` ENABLE KEYS */;
UNLOCK TABLES;

--
-- Table structure for table `parsingbpmn_family`
--

DROP TABLE IF EXISTS `parsingbpmn_family`;
/*!40101 SET @saved_cs_client     = @@character_set_client */;
/*!40101 SET character_set_client = utf8 */;
CREATE TABLE `parsingbpmn_family` (
  `id` int(11) NOT NULL AUTO_INCREMENT,
  `name` varchar(100) NOT NULL,
  `description` varchar(500) NOT NULL,
  `framework_id_id` int(11) NOT NULL,
  PRIMARY KEY (`id`),
  KEY `parsingbpmn_family_framework_id_id_ae36d45d_fk_parsingbp` (`framework_id_id`),
  CONSTRAINT `parsingbpmn_family_framework_id_id_ae36d45d_fk_parsingbp` FOREIGN KEY (`framework_id_id`) REFERENCES `parsingbpmn_control_framework` (`id`)
) ENGINE=InnoDB AUTO_INCREMENT=92 DEFAULT CHARSET=utf8mb4;
/*!40101 SET character_set_client = @saved_cs_client */;

--
-- Dumping data for table `parsingbpmn_family`
--

LOCK TABLES `parsingbpmn_family` WRITE;
/*!40000 ALTER TABLE `parsingbpmn_family` DISABLE KEYS */;
INSERT INTO `parsingbpmn_family` VALUES (1,'Inventory and Control of Hardware Assets','Actively manage (inventory, track, and correct) all hardware devices on the network so that only authorized devices are given access, and unauthorized and unmanaged devices are found and prevented from gaining access.',1),(2,'Inventory and Control of Software Assets','Actively manage (inventory, track, and correct) all software on the network so that only authorized software is installed and can execute, and that unauthorized and unmanaged software is found and prevented from installation or execution. ',1),(3,'ABSC 1','INVENTARIO DEI DISPOSITIVI AUTORIZZATI E NON AUTORIZZATI',2),(4,'ABSC 2','INVENTARIO DEI SOFTWARE AUTORIZZATI E NON AUTORIZZATI',2),(5,'ABSC 3','PROTEGGERE LE CONFIGURAZIONI DI HARDWARE E SOFTWARE SUI DISPOSITIVI MOBILI, LAPTOP, WORKSTATION E SERVER',2),(6,'ABSC 4','VALUTAZIONE E CORREZIONE CONTINUA DELLA VULNERABILIT',2),(7,'ABSC 5','USO APPROPRIATO DEI PRIVILEGI DI AMMINISTRATORE',2),(8,'ABSC 8','DIFESE CONTRO I MALWARE',2),(9,'ABSC 10','COPIE DI SICUREZZA',2),(10,'ABSC 13','PROTEZIONE DEI DATI',2),(51,'AC','Access Control',3),(52,'AT','Awareness and Training',3),(53,'AU','Audit and Accountability',3),(54,'CA','Assessment, Authorization, and Monitoring',3),(55,'CM','Configuration Management',3),(56,'CP','Contingency Planning',3),(57,'IA','Identification and Authentication',3),(58,'IR','Incident Response',3),(59,'MA','Maintenance',3),(60,'MP','Media protection',3),(61,'PE','Physical and Environmental Protection',3),(62,'PL','Planning',3),(63,'PM','Program Management',3),(64,'PS','Personnel Security',3),(65,'PT','PII Processing and Transparency',3),(66,'RA','Risk Assessment',3),(67,'SA','System and Services Acquisition',3),(68,'SC','System and Communications Protection',3),(69,'SI','System and Information Integrity',3),(70,'SR','Supply Chain Risk Management',3),(71,'Continuous Vulnerability Management','Continuously acquire, assess, and take action on new information in order to identify vulnerabilities, remediate, and minimize the window of opportunity for attackers.',1),(72,'Controlled Use of Administrative Privileges','The processes and tools used to track/control/prevent/correct the use, assignment, and configuration of administrative privileges on computers, networks, and applications.',1),(73,'Secure Configuration for Hardware and Software on Mobile Devices, Laptops, Workstations and Servers','Establish, implement, and actively manage (track, report on, correct) the security configuration of mobile devices, laptops, servers, and workstations using a rigorous configuration management and change control process in order to prevent attackers from exploiting vulnerable services and settings.',1),(74,'Maintenance, Monitoring and Analysis of Audit Logs','Collect, manage, and analyze audit logs of events that could help detect, understand, or recover from an attack. ',1),(75,'Email and Web Browser Protections','Minimize the attack surface and the opportunities for attackers to manipulate human behavior though their interaction with web browsers and email systems. ',1),(76,'Malware Defenses','Control the installation, spread, and execution of malicious code at multiple points in the enterprise, while optimizing the use of automation to enable rapid updating of defense, data gathering, and corrective action.',1),(77,'Limitation and Control of Network Ports, Protocols, and Services','Manage (track/control/correct) the ongoing operational use of ports, protocols, and services on networked devices in order to minimize windows of vulnerability available to attackers.',1),(78,'Data Recovery Capabilities','The processes and tools used to properly back up critical information with a proven methodology for timely recovery of it.',1),(79,'Secure Configuration for Network Devices, such as Firewalls, Routers and Switches','Establish, implement, and actively manage (track, report on, correct) the security configuration of network infrastructure devices using a rigorous configuration management and change control process in order to prevent attackers from exploiting vulnerable services and settings.',1),(80,'Boundary Defense','Detect/prevent/correct the flow of information transferring networks of different trust levels with a focus on security-damaging data.',1),(81,'Data Protection','The processes and tools used to prevent data exfiltration, mitigate the effects of exfiltrated data, and ensure the privacy and integrity of sensitive information.',1),(82,'Controlled Access Based on the Need to Know','The processes and tools used to track/control/prevent/correct secure access to critical assets (e.g., information, resources, systems) according to the formal determination of which persons, computers, and applications have a need and right to access these critical assets based on an approved classification.',1),(83,'Wireless Access Control','The processes and tools used to track/control/prevent/correct the security use of wireless local area networks (WLANs), access points, and wireless client systems.',1),(84,'Account Monitoring and Control','Actively manage the life cycle of system and application accounts - their creation, use, dormancy, deletion - in order to minimize opportunities for attackers to leverage them.',1),(85,'Implement a Security Awareness and Training Program','For all functional roles in the organization (prioritizing those mission-critical to the business and its security), identify the specific knowledge, skills, and abilities needed to support defense of the enterprise; develop and execute an integrated plan to assess, identify gaps, and remediate through policy, organizational planning, training, and awareness programs.',1),(86,'Application Software Security','Manage the security life cycle of all in-house developed and acquired software in order to prevent, detect, and correct security weaknesses.',1),(87,'Incident Response and Management','Protect the organization\'s information, as well as its reputation, by developing and implementing an incident response infrastructure (e.g., plans, defined roles, training, communications, management oversight) for quickly discovering an attack and then effectively containing the damage, eradicating the attacker\'s presence, and restoring the integrity of the network and systems.',1),(88,'Penetration Tests and Red Team Exercises','Test the overall strength of an organization\'s defense (the technology, the processes, and the people) by simulating the objectives and actions of an attacker.',1),(91,'GDPR','Non ci sono famiglie',4);
/*!40000 ALTER TABLE `parsingbpmn_family` ENABLE KEYS */;
UNLOCK TABLES;

--
-- Table structure for table `parsingbpmn_fusioncontext_has_context`
--

DROP TABLE IF EXISTS `parsingbpmn_fusioncontext_has_context`;
/*!40101 SET @saved_cs_client     = @@character_set_client */;
/*!40101 SET character_set_client = utf8 */;
CREATE TABLE `parsingbpmn_fusioncontext_has_context` (
  `id` int(11) NOT NULL AUTO_INCREMENT,
  `context_id` int(11) NOT NULL,
  `fusion_context_id` int(11) NOT NULL,
  PRIMARY KEY (`id`),
  KEY `parsingbpmn_fusionco_context_id_240f7b40_fk_parsingbp` (`context_id`),
  KEY `parsingbpmn_fusionco_fusion_context_id_db377881_fk_parsingbp` (`fusion_context_id`),
  CONSTRAINT `parsingbpmn_fusionco_context_id_240f7b40_fk_parsingbp` FOREIGN KEY (`context_id`) REFERENCES `parsingbpmn_context` (`id`),
  CONSTRAINT `parsingbpmn_fusionco_fusion_context_id_db377881_fk_parsingbp` FOREIGN KEY (`fusion_context_id`) REFERENCES `parsingbpmn_context` (`id`)
) ENGINE=InnoDB AUTO_INCREMENT=3 DEFAULT CHARSET=utf8mb4;
/*!40101 SET character_set_client = @saved_cs_client */;

--
-- Dumping data for table `parsingbpmn_fusioncontext_has_context`
--

LOCK TABLES `parsingbpmn_fusioncontext_has_context` WRITE;
/*!40000 ALTER TABLE `parsingbpmn_fusioncontext_has_context` DISABLE KEYS */;
/*!40000 ALTER TABLE `parsingbpmn_fusioncontext_has_context` ENABLE KEYS */;
UNLOCK TABLES;

--
-- Table structure for table `parsingbpmn_is_a_requirement_for_mitigation`
--

DROP TABLE IF EXISTS `parsingbpmn_is_a_requirement_for_mitigation`;
/*!40101 SET @saved_cs_client     = @@character_set_client */;
/*!40101 SET character_set_client = utf8 */;
CREATE TABLE `parsingbpmn_is_a_requirement_for_mitigation` (
  `id` int(11) NOT NULL AUTO_INCREMENT,
  `subcategory_id` int(11) NOT NULL,
  `threat_id` int(11) NOT NULL,
  PRIMARY KEY (`id`),
  KEY `parsingbpmn_threat_h_subcategory_id_6ff9fa8f_fk_parsingbp` (`subcategory_id`),
  KEY `parsingbpmn_threat_h_threat_id_19aed9e7_fk_parsingbp` (`threat_id`),
  CONSTRAINT `parsingbpmn_threat_h_subcategory_id_6ff9fa8f_fk_parsingbp` FOREIGN KEY (`subcategory_id`) REFERENCES `parsingbpmn_subcategory` (`id`),
  CONSTRAINT `parsingbpmn_threat_h_threat_id_19aed9e7_fk_parsingbp` FOREIGN KEY (`threat_id`) REFERENCES `parsingbpmn_threat` (`id`)
) ENGINE=InnoDB AUTO_INCREMENT=8895 DEFAULT CHARSET=utf8mb4;
/*!40101 SET character_set_client = @saved_cs_client */;

--
-- Dumping data for table `parsingbpmn_is_a_requirement_for_mitigation`
--

LOCK TABLES `parsingbpmn_is_a_requirement_for_mitigation` WRITE;
/*!40000 ALTER TABLE `parsingbpmn_is_a_requirement_for_mitigation` DISABLE KEYS */;
INSERT INTO `parsingbpmn_is_a_requirement_for_mitigation` VALUES (1,5,1),(2,38,1),(3,39,1),(4,40,1),(5,41,1),(6,43,1),(7,44,1),(8,45,1),(9,46,1),(10,47,1),(11,48,1),(12,49,1),(13,54,1),(14,64,1),(15,65,1),(16,66,1),(17,67,1),(18,68,1),(19,76,1),(20,78,1),(21,79,1),(22,80,1),(23,83,1),(24,88,1),(25,92,1),(26,93,1),(27,94,1),(28,95,1),(29,96,1),(30,97,1),(31,98,1),(32,99,1),(33,100,1),(34,102,1),(35,103,1),(36,104,1),(37,105,1),(38,107,1),(39,110,1),(40,111,1),(41,112,1),(42,113,1),(43,114,1),(44,115,1),(45,116,1),(46,117,1),(47,1,2),(48,2,2),(49,5,2),(50,38,2),(51,39,2),(52,40,2),(53,41,2),(54,45,2),(55,46,2),(56,47,2),(57,48,2),(58,49,2),(59,53,2),(60,57,2),(61,61,2),(62,64,2),(63,65,2),(64,66,2),(65,67,2),(66,70,2),(67,74,2),(68,76,2),(69,78,2),(70,79,2),(71,80,2),(72,88,2),(73,92,2),(74,93,2),(75,94,2),(76,95,2),(77,96,2),(78,97,2),(79,98,2),(80,99,2),(81,100,2),(82,102,2),(83,103,2),(84,104,2),(85,105,2),(86,107,2),(87,110,2),(88,111,2),(89,112,2),(90,113,2),(91,114,2),(92,115,2),(93,116,2),(94,117,2),(95,1,3),(96,5,3),(97,39,3),(98,45,3),(99,49,3),(100,53,3),(101,57,3),(102,61,3),(103,64,3),(104,65,3),(105,66,3),(106,67,3),(107,70,3),(108,71,3),(109,73,3),(110,74,3),(111,76,3),(112,78,3),(113,79,3),(114,80,3),(115,88,3),(116,92,3),(117,93,3),(118,94,3),(119,95,3),(120,96,3),(121,97,3),(122,98,3),(123,99,3),(124,100,3),(125,102,3),(126,103,3),(127,104,3),(128,105,3),(129,107,3),(130,110,3),(131,111,3),(132,115,3),(133,116,3),(134,117,3),(135,1,4),(136,5,4),(137,33,4),(138,38,4),(139,39,4),(140,40,4),(141,43,4),(142,45,4),(143,46,4),(144,47,4),(145,48,4),(146,49,4),(147,50,4),(148,54,4),(149,57,4),(150,61,4),(151,64,4),(152,65,4),(153,66,4),(154,67,4),(155,70,4),(156,71,4),(157,73,4),(158,74,4),(159,76,4),(160,78,4),(161,79,4),(162,80,4),(163,88,4),(164,92,4),(165,93,4),(166,94,4),(167,95,4),(168,96,4),(169,97,4),(170,98,4),(171,99,4),(172,100,4),(173,101,4),(174,102,4),(175,103,4),(176,104,4),(177,105,4),(178,107,4),(179,110,4),(180,111,4),(181,112,4),(182,113,4),(183,114,4),(184,115,4),(185,116,4),(186,117,4),(187,3,5),(188,5,5),(189,6,5),(190,7,5),(191,8,5),(192,14,5),(193,15,5),(194,16,5),(195,33,5),(196,38,5),(197,39,5),(198,40,5),(199,41,5),(200,43,5),(201,44,5),(202,45,5),(203,46,5),(204,47,5),(205,48,5),(206,49,5),(207,50,5),(208,52,5),(209,54,5),(210,62,5),(211,64,5),(212,65,5),(213,68,5),(214,73,5),(215,75,5),(216,78,5),(217,79,5),(218,80,5),(219,83,5),(220,88,5),(221,92,5),(222,93,5),(223,94,5),(224,95,5),(225,96,5),(226,97,5),(227,98,5),(228,99,5),(229,100,5),(230,101,5),(231,102,5),(232,103,5),(233,104,5),(234,105,5),(235,107,5),(236,110,5),(237,111,5),(238,115,5),(239,116,5),(240,117,5),(241,5,6),(242,38,6),(243,39,6),(244,45,6),(245,46,6),(246,47,6),(247,48,6),(248,49,6),(249,53,6),(250,54,6),(251,57,6),(252,61,6),(253,62,6),(254,64,6),(255,65,6),(256,68,6),(257,71,6),(258,73,6),(259,78,6),(260,79,6),(261,80,6),(262,83,6),(263,88,6),(264,92,6),(265,93,6),(266,94,6),(267,95,6),(268,96,6),(269,97,6),(270,98,6),(271,99,6),(272,100,6),(273,102,6),(274,103,6),(275,104,6),(276,105,6),(277,107,6),(278,110,6),(279,111,6),(280,115,6),(281,116,6),(282,117,6),(283,3,7),(284,5,7),(285,6,7),(286,7,7),(287,8,7),(288,14,7),(289,15,7),(290,16,7),(291,33,7),(292,38,7),(293,39,7),(294,40,7),(295,41,7),(296,43,7),(297,44,7),(298,45,7),(299,46,7),(300,47,7),(301,48,7),(302,49,7),(303,50,7),(304,52,7),(305,54,7),(306,62,7),(307,64,7),(308,65,7),(309,68,7),(310,71,7),(311,73,7),(312,75,7),(313,78,7),(314,79,7),(315,80,7),(316,88,7),(317,92,7),(318,93,7),(319,94,7),(320,95,7),(321,96,7),(322,97,7),(323,98,7),(324,99,7),(325,100,7),(326,101,7),(327,102,7),(328,103,7),(329,104,7),(330,105,7),(331,107,7),(332,110,7),(333,111,7),(334,115,7),(335,116,7),(336,117,7),(337,1,8),(338,5,8),(339,39,8),(340,45,8),(341,46,8),(342,47,8),(343,48,8),(344,53,8),(345,57,8),(346,61,8),(347,64,8),(348,65,8),(349,66,8),(350,67,8),(351,70,8),(352,74,8),(353,76,8),(354,78,8),(355,79,8),(356,80,8),(357,92,8),(358,93,8),(359,94,8),(360,95,8),(361,96,8),(362,97,8),(363,98,8),(364,99,8),(365,100,8),(366,102,8),(367,103,8),(368,104,8),(369,105,8),(370,107,8),(371,110,8),(372,111,8),(373,115,8),(374,116,8),(375,117,8),(376,1,9),(377,5,9),(378,39,9),(379,45,9),(380,49,9),(381,53,9),(382,57,9),(383,61,9),(384,64,9),(385,65,9),(386,66,9),(387,67,9),(388,70,9),(389,74,9),(390,76,9),(391,78,9),(392,79,9),(393,80,9),(394,88,9),(395,92,9),(396,93,9),(397,94,9),(398,95,9),(399,96,9),(400,97,9),(401,98,9),(402,99,9),(403,100,9),(404,102,9),(405,103,9),(406,104,9),(407,105,9),(408,107,9),(409,110,9),(410,111,9),(411,115,9),(412,116,9),(413,117,9),(414,3,10),(415,5,10),(416,6,10),(417,7,10),(418,8,10),(419,14,10),(420,15,10),(421,16,10),(422,33,10),(423,38,10),(424,41,10),(425,45,10),(426,46,10),(427,47,10),(428,48,10),(429,49,10),(430,50,10),(431,51,10),(432,52,10),(433,54,10),(434,63,10),(435,64,10),(436,65,10),(437,66,10),(438,67,10),(439,68,10),(440,73,10),(441,75,10),(442,77,10),(443,80,10),(444,84,10),(445,88,10),(446,90,10),(447,92,10),(448,93,10),(449,94,10),(450,95,10),(451,96,10),(452,97,10),(453,98,10),(454,99,10),(455,100,10),(456,101,10),(457,102,10),(458,103,10),(459,104,10),(460,105,10),(461,107,10),(462,110,10),(463,111,10),(464,112,10),(465,113,10),(466,114,10),(467,115,10),(468,116,10),(469,117,10),(470,5,11),(471,6,11),(472,14,11),(473,16,11),(474,38,11),(475,39,11),(476,40,11),(477,41,11),(478,43,11),(479,44,11),(480,45,11),(481,46,11),(482,47,11),(483,48,11),(484,49,11),(485,52,11),(486,54,11),(487,60,11),(488,62,11),(489,64,11),(490,65,11),(491,66,11),(492,67,11),(493,68,11),(494,70,11),(495,71,11),(496,72,11),(497,73,11),(498,76,11),(499,77,11),(500,80,11),(501,84,11),(502,90,11),(503,92,11),(504,93,11),(505,94,11),(506,95,11),(507,96,11),(508,97,11),(509,98,11),(510,99,11),(511,100,11),(512,102,11),(513,103,11),(514,104,11),(515,105,11),(516,107,11),(517,110,11),(518,111,11),(519,115,11),(520,116,11),(521,117,11),(522,3,12),(523,4,12),(524,5,12),(525,6,12),(526,14,12),(527,15,12),(528,38,12),(529,41,12),(530,45,12),(531,46,12),(532,47,12),(533,48,12),(534,49,12),(535,55,12),(536,64,12),(537,65,12),(538,66,12),(539,67,12),(540,68,12),(541,72,12),(542,77,12),(543,80,12),(544,84,12),(545,88,12),(546,90,12),(547,92,12),(548,93,12),(549,94,12),(550,95,12),(551,96,12),(552,97,12),(553,98,12),(554,99,12),(555,100,12),(556,102,12),(557,103,12),(558,104,12),(559,105,12),(560,107,12),(561,110,12),(562,111,12),(563,115,12),(564,116,12),(565,117,12),(566,3,13),(567,5,13),(568,6,13),(569,7,13),(570,8,13),(571,14,13),(572,16,13),(573,33,13),(574,38,13),(575,41,13),(576,45,13),(577,46,13),(578,47,13),(579,48,13),(580,49,13),(581,50,13),(582,52,13),(583,55,13),(584,60,13),(585,61,13),(586,63,13),(587,64,13),(588,65,13),(589,66,13),(590,67,13),(591,68,13),(592,70,13),(593,71,13),(594,72,13),(595,76,13),(596,79,13),(597,80,13),(598,84,13),(599,88,13),(600,90,13),(601,92,13),(602,93,13),(603,94,13),(604,95,13),(605,96,13),(606,97,13),(607,98,13),(608,99,13),(609,100,13),(610,101,13),(611,102,13),(612,103,13),(613,104,13),(614,105,13),(615,107,13),(616,110,13),(617,111,13),(618,112,13),(619,113,13),(620,114,13),(621,115,13),(622,116,13),(623,117,13),(624,1,14),(625,2,14),(626,5,14),(627,6,14),(628,14,14),(629,15,14),(630,38,14),(631,41,14),(632,45,14),(633,46,14),(634,47,14),(635,48,14),(636,49,14),(637,60,14),(638,61,14),(639,64,14),(640,65,14),(641,66,14),(642,67,14),(643,68,14),(644,70,14),(645,71,14),(646,72,14),(647,76,14),(648,80,14),(649,84,14),(650,90,14),(651,92,14),(652,93,14),(653,94,14),(654,95,14),(655,96,14),(656,97,14),(657,98,14),(658,99,14),(659,100,14),(660,102,14),(661,103,14),(662,104,14),(663,105,14),(664,107,14),(665,110,14),(666,111,14),(667,112,14),(668,113,14),(669,114,14),(670,115,14),(671,116,14),(672,117,14),(673,1,15),(674,2,15),(675,3,15),(676,4,15),(677,5,15),(678,6,15),(679,7,15),(680,8,15),(681,14,15),(682,15,15),(683,16,15),(684,33,15),(685,38,15),(686,40,15),(687,41,15),(688,45,15),(689,46,15),(690,47,15),(691,48,15),(692,49,15),(693,52,15),(694,53,15),(695,55,15),(696,57,15),(697,60,15),(698,61,15),(699,64,15),(700,65,15),(701,66,15),(702,67,15),(703,68,15),(704,70,15),(705,71,15),(706,72,15),(707,76,15),(708,77,15),(709,79,15),(710,80,15),(711,84,15),(712,87,15),(713,88,15),(714,90,15),(715,92,15),(716,93,15),(717,94,15),(718,95,15),(719,96,15),(720,97,15),(721,98,15),(722,99,15),(723,100,15),(724,101,15),(725,102,15),(726,103,15),(727,104,15),(728,105,15),(729,107,15),(730,110,15),(731,111,15),(732,112,15),(733,113,15),(734,114,15),(735,115,15),(736,116,15),(737,117,15),(738,3,16),(739,5,16),(740,6,16),(741,14,16),(742,38,16),(743,41,16),(744,43,16),(745,44,16),(746,45,16),(747,46,16),(748,47,16),(749,48,16),(750,49,16),(751,52,16),(752,55,16),(753,56,16),(754,60,16),(755,61,16),(756,64,16),(757,65,16),(758,66,16),(759,67,16),(760,68,16),(761,72,16),(762,76,16),(763,79,16),(764,80,16),(765,81,16),(766,84,16),(767,88,16),(768,90,16),(769,92,16),(770,93,16),(771,94,16),(772,95,16),(773,96,16),(774,97,16),(775,98,16),(776,99,16),(777,100,16),(778,102,16),(779,103,16),(780,104,16),(781,105,16),(782,107,16),(783,110,16),(784,111,16),(785,115,16),(786,116,16),(787,117,16),(788,3,17),(789,5,17),(790,6,17),(791,7,17),(792,8,17),(793,14,17),(794,15,17),(795,16,17),(796,33,17),(797,38,17),(798,41,17),(799,45,17),(800,46,17),(801,47,17),(802,48,17),(803,49,17),(804,50,17),(805,51,17),(806,52,17),(807,61,17),(808,64,17),(809,65,17),(810,66,17),(811,67,17),(812,75,17),(813,77,17),(814,79,17),(815,80,17),(816,84,17),(817,90,17),(818,92,17),(819,93,17),(820,94,17),(821,95,17),(822,96,17),(823,97,17),(824,98,17),(825,99,17),(826,100,17),(827,101,17),(828,102,17),(829,103,17),(830,104,17),(831,105,17),(832,107,17),(833,110,17),(834,111,17),(835,115,17),(836,116,17),(837,117,17),(838,3,18),(839,5,18),(840,6,18),(841,7,18),(842,8,18),(843,14,18),(844,16,18),(845,33,18),(846,38,18),(847,41,18),(848,43,18),(849,44,18),(850,45,18),(851,46,18),(852,47,18),(853,48,18),(854,49,18),(855,50,18),(856,51,18),(857,52,18),(858,55,18),(859,61,18),(860,64,18),(861,65,18),(862,66,18),(863,67,18),(864,68,18),(865,72,18),(866,73,18),(867,75,18),(868,77,18),(869,79,18),(870,80,18),(871,84,18),(872,90,18),(873,92,18),(874,93,18),(875,94,18),(876,95,18),(877,96,18),(878,97,18),(879,98,18),(880,99,18),(881,100,18),(882,101,18),(883,102,18),(884,103,18),(885,104,18),(886,105,18),(887,107,18),(888,110,18),(889,111,18),(890,112,18),(891,113,18),(892,114,18),(893,115,18),(894,116,18),(895,117,18),(896,1,19),(897,2,19),(898,5,19),(899,6,19),(900,14,19),(901,16,19),(902,33,19),(903,38,19),(904,39,19),(905,40,19),(906,41,19),(907,45,19),(908,46,19),(909,47,19),(910,48,19),(911,49,19),(912,52,19),(913,53,19),(914,57,19),(915,61,19),(916,62,19),(917,64,19),(918,65,19),(919,66,19),(920,67,19),(921,68,19),(922,70,19),(923,71,19),(924,72,19),(925,73,19),(926,75,19),(927,76,19),(928,77,19),(929,79,19),(930,80,19),(931,84,19),(932,90,19),(933,92,19),(934,93,19),(935,94,19),(936,95,19),(937,96,19),(938,97,19),(939,98,19),(940,99,19),(941,100,19),(942,102,19),(943,103,19),(944,104,19),(945,105,19),(946,107,19),(947,110,19),(948,111,19),(949,112,19),(950,113,19),(951,114,19),(952,115,19),(953,116,19),(954,117,19),(955,3,20),(956,5,20),(957,6,20),(958,7,20),(959,8,20),(960,14,20),(961,16,20),(962,33,20),(963,38,20),(964,39,20),(965,40,20),(966,41,20),(967,43,20),(968,44,20),(969,45,20),(970,46,20),(971,47,20),(972,48,20),(973,49,20),(974,50,20),(975,52,20),(976,53,20),(977,61,20),(978,62,20),(979,63,20),(980,64,20),(981,65,20),(982,66,20),(983,67,20),(984,68,20),(985,70,20),(986,71,20),(987,72,20),(988,73,20),(989,76,20),(990,79,20),(991,80,20),(992,84,20),(993,88,20),(994,90,20),(995,92,20),(996,93,20),(997,94,20),(998,95,20),(999,96,20),(1000,97,20),(1001,98,20),(1002,99,20),(1003,100,20),(1004,101,20),(1005,102,20),(1006,103,20),(1007,104,20),(1008,105,20),(1009,107,20),(1010,110,20),(1011,111,20),(1012,112,20),(1013,113,20),(1014,114,20),(1015,115,20),(1016,116,20),(1017,117,20),(1018,1,21),(1019,5,21),(1020,45,21),(1021,46,21),(1022,47,21),(1023,48,21),(1024,49,21),(1025,50,21),(1026,53,21),(1027,56,21),(1028,57,21),(1029,61,21),(1030,66,21),(1031,67,21),(1032,70,21),(1033,74,21),(1034,76,21),(1035,80,21),(1036,93,21),(1037,95,21),(1038,96,21),(1039,97,21),(1040,98,21),(1041,99,21),(1042,100,21),(1043,103,21),(1044,105,21),(1045,107,21),(1046,110,21),(1047,111,21),(1048,112,21),(1049,113,21),(1050,114,21),(1051,115,21),(1052,117,21),(1053,1,22),(1054,5,22),(1055,45,22),(1056,46,22),(1057,47,22),(1058,48,22),(1059,49,22),(1060,50,22),(1061,53,22),(1062,56,22),(1063,57,22),(1064,61,22),(1065,66,22),(1066,67,22),(1067,70,22),(1068,74,22),(1069,76,22),(1070,80,22),(1071,93,22),(1072,95,22),(1073,96,22),(1074,97,22),(1075,98,22),(1076,99,22),(1077,100,22),(1078,103,22),(1079,105,22),(1080,107,22),(1081,110,22),(1082,111,22),(1083,112,22),(1084,113,22),(1085,114,22),(1086,115,22),(1087,117,22),(1088,1,23),(1089,5,23),(1090,45,23),(1091,46,23),(1092,47,23),(1093,48,23),(1094,49,23),(1095,50,23),(1096,53,23),(1097,56,23),(1098,57,23),(1099,61,23),(1100,66,23),(1101,67,23),(1102,70,23),(1103,74,23),(1104,76,23),(1105,80,23),(1106,93,23),(1107,95,23),(1108,96,23),(1109,97,23),(1110,98,23),(1111,99,23),(1112,100,23),(1113,103,23),(1114,105,23),(1115,107,23),(1116,110,23),(1117,111,23),(1118,112,23),(1119,113,23),(1120,114,23),(1121,115,23),(1122,117,23),(1123,1,24),(1124,5,24),(1125,45,24),(1126,46,24),(1127,47,24),(1128,48,24),(1129,49,24),(1130,50,24),(1131,53,24),(1132,56,24),(1133,57,24),(1134,61,24),(1135,66,24),(1136,67,24),(1137,70,24),(1138,74,24),(1139,76,24),(1140,80,24),(1141,93,24),(1142,95,24),(1143,96,24),(1144,97,24),(1145,98,24),(1146,99,24),(1147,100,24),(1148,103,24),(1149,105,24),(1150,107,24),(1151,110,24),(1152,111,24),(1153,112,24),(1154,113,24),(1155,114,24),(1156,115,24),(1157,117,24),(1158,1,25),(1159,5,25),(1160,45,25),(1161,46,25),(1162,47,25),(1163,48,25),(1164,49,25),(1165,50,25),(1166,53,25),(1167,56,25),(1168,57,25),(1169,61,25),(1170,66,25),(1171,67,25),(1172,70,25),(1173,74,25),(1174,76,25),(1175,80,25),(1176,93,25),(1177,95,25),(1178,96,25),(1179,97,25),(1180,98,25),(1181,99,25),(1182,100,25),(1183,103,25),(1184,105,25),(1185,107,25),(1186,110,25),(1187,111,25),(1188,112,25),(1189,113,25),(1190,114,25),(1191,115,25),(1192,117,25),(1193,1,26),(1194,5,26),(1195,45,26),(1196,46,26),(1197,47,26),(1198,48,26),(1199,49,26),(1200,50,26),(1201,53,26),(1202,56,26),(1203,57,26),(1204,61,26),(1205,66,26),(1206,67,26),(1207,70,26),(1208,74,26),(1209,76,26),(1210,80,26),(1211,93,26),(1212,95,26),(1213,96,26),(1214,97,26),(1215,98,26),(1216,99,26),(1217,100,26),(1218,103,26),(1219,105,26),(1220,107,26),(1221,110,26),(1222,111,26),(1223,112,26),(1224,113,26),(1225,114,26),(1226,115,26),(1227,117,26),(1228,1,27),(1229,5,27),(1230,45,27),(1231,46,27),(1232,47,27),(1233,48,27),(1234,49,27),(1235,50,27),(1236,53,27),(1237,56,27),(1238,57,27),(1239,61,27),(1240,66,27),(1241,67,27),(1242,70,27),(1243,74,27),(1244,76,27),(1245,80,27),(1246,93,27),(1247,95,27),(1248,96,27),(1249,97,27),(1250,98,27),(1251,99,27),(1252,100,27),(1253,103,27),(1254,105,27),(1255,107,27),(1256,110,27),(1257,111,27),(1258,112,27),(1259,113,27),(1260,114,27),(1261,115,27),(1262,117,27),(1263,1,28),(1264,5,28),(1265,45,28),(1266,46,28),(1267,47,28),(1268,48,28),(1269,49,28),(1270,50,28),(1271,53,28),(1272,56,28),(1273,57,28),(1274,61,28),(1275,66,28),(1276,67,28),(1277,70,28),(1278,74,28),(1279,76,28),(1280,80,28),(1281,93,28),(1282,95,28),(1283,96,28),(1284,97,28),(1285,98,28),(1286,99,28),(1287,100,28),(1288,103,28),(1289,105,28),(1290,107,28),(1291,110,28),(1292,111,28),(1293,112,28),(1294,113,28),(1295,114,28),(1296,115,28),(1297,117,28),(1298,1,29),(1299,5,29),(1300,45,29),(1301,46,29),(1302,47,29),(1303,48,29),(1304,49,29),(1305,50,29),(1306,53,29),(1307,56,29),(1308,57,29),(1309,61,29),(1310,66,29),(1311,67,29),(1312,70,29),(1313,74,29),(1314,76,29),(1315,80,29),(1316,93,29),(1317,95,29),(1318,96,29),(1319,97,29),(1320,98,29),(1321,99,29),(1322,100,29),(1323,103,29),(1324,105,29),(1325,107,29),(1326,110,29),(1327,111,29),(1328,112,29),(1329,113,29),(1330,114,29),(1331,115,29),(1332,117,29),(1333,1,30),(1334,5,30),(1335,45,30),(1336,46,30),(1337,47,30),(1338,48,30),(1339,49,30),(1340,50,30),(1341,53,30),(1342,56,30),(1343,57,30),(1344,61,30),(1345,66,30),(1346,67,30),(1347,70,30),(1348,74,30),(1349,76,30),(1350,80,30),(1351,93,30),(1352,95,30),(1353,96,30),(1354,97,30),(1355,98,30),(1356,99,30),(1357,100,30),(1358,103,30),(1359,105,30),(1360,107,30),(1361,110,30),(1362,111,30),(1363,112,30),(1364,113,30),(1365,114,30),(1366,115,30),(1367,117,30),(1368,1,31),(1369,5,31),(1370,45,31),(1371,46,31),(1372,47,31),(1373,48,31),(1374,49,31),(1375,50,31),(1376,53,31),(1377,56,31),(1378,57,31),(1379,61,31),(1380,66,31),(1381,67,31),(1382,70,31),(1383,74,31),(1384,76,31),(1385,80,31),(1386,93,31),(1387,95,31),(1388,96,31),(1389,97,31),(1390,98,31),(1391,99,31),(1392,100,31),(1393,103,31),(1394,105,31),(1395,107,31),(1396,110,31),(1397,111,31),(1398,112,31),(1399,113,31),(1400,114,31),(1401,115,31),(1402,117,31),(1403,1,32),(1404,2,32),(1405,5,32),(1406,45,32),(1407,46,32),(1408,47,32),(1409,48,32),(1410,49,32),(1411,53,32),(1412,57,32),(1413,58,32),(1414,61,32),(1415,66,32),(1416,67,32),(1417,70,32),(1418,71,32),(1419,72,32),(1420,74,32),(1421,76,32),(1422,79,32),(1423,80,32),(1424,81,32),(1425,90,32),(1426,92,32),(1427,93,32),(1428,94,32),(1429,95,32),(1430,96,32),(1431,97,32),(1432,98,32),(1433,99,32),(1434,100,32),(1435,102,32),(1436,103,32),(1437,105,32),(1438,107,32),(1439,110,32),(1440,111,32),(1441,112,32),(1442,113,32),(1443,114,32),(1444,115,32),(1445,116,32),(1446,117,32),(1447,1,33),(1448,3,33),(1449,5,33),(1450,42,33),(1451,45,33),(1452,46,33),(1453,47,33),(1454,48,33),(1455,49,33),(1456,53,33),(1457,57,33),(1458,58,33),(1459,66,33),(1460,67,33),(1461,70,33),(1462,71,33),(1463,72,33),(1464,74,33),(1465,76,33),(1466,77,33),(1467,79,33),(1468,80,33),(1469,81,33),(1470,90,33),(1471,92,33),(1472,93,33),(1473,94,33),(1474,95,33),(1475,96,33),(1476,97,33),(1477,98,33),(1478,99,33),(1479,100,33),(1480,102,33),(1481,103,33),(1482,105,33),(1483,107,33),(1484,110,33),(1485,111,33),(1486,112,33),(1487,113,33),(1488,114,33),(1489,115,33),(1490,116,33),(1491,117,33),(1492,1,34),(1493,5,34),(1494,31,34),(1495,32,34),(1496,45,34),(1497,46,34),(1498,47,34),(1499,48,34),(1500,49,34),(1501,53,34),(1502,58,34),(1503,61,34),(1504,66,34),(1505,67,34),(1506,70,34),(1507,72,34),(1508,74,34),(1509,76,34),(1510,79,34),(1511,80,34),(1512,81,34),(1513,90,34),(1514,92,34),(1515,93,34),(1516,94,34),(1517,95,34),(1518,96,34),(1519,97,34),(1520,98,34),(1521,99,34),(1522,100,34),(1523,102,34),(1524,103,34),(1525,105,34),(1526,107,34),(1527,110,34),(1528,111,34),(1529,112,34),(1530,113,34),(1531,114,34),(1532,115,34),(1533,116,34),(1534,117,34),(1535,1,35),(1536,2,35),(1537,4,35),(1538,5,35),(1539,31,35),(1540,32,35),(1541,45,35),(1542,46,35),(1543,47,35),(1544,48,35),(1545,49,35),(1546,53,35),(1547,58,35),(1548,66,35),(1549,67,35),(1550,70,35),(1551,72,35),(1552,74,35),(1553,76,35),(1554,79,35),(1555,80,35),(1556,81,35),(1557,90,35),(1558,92,35),(1559,93,35),(1560,94,35),(1561,95,35),(1562,96,35),(1563,97,35),(1564,98,35),(1565,99,35),(1566,100,35),(1567,102,35),(1568,103,35),(1569,105,35),(1570,107,35),(1571,110,35),(1572,111,35),(1573,112,35),(1574,113,35),(1575,114,35),(1576,115,35),(1577,116,35),(1578,117,35),(1579,1,36),(1580,2,36),(1581,5,36),(1582,45,36),(1583,46,36),(1584,47,36),(1585,48,36),(1586,49,36),(1587,53,36),(1588,57,36),(1589,58,36),(1590,61,36),(1591,66,36),(1592,67,36),(1593,70,36),(1594,71,36),(1595,72,36),(1596,74,36),(1597,76,36),(1598,79,36),(1599,80,36),(1600,81,36),(1601,90,36),(1602,92,36),(1603,93,36),(1604,94,36),(1605,95,36),(1606,96,36),(1607,97,36),(1608,98,36),(1609,99,36),(1610,100,36),(1611,102,36),(1612,103,36),(1613,105,36),(1614,107,36),(1615,110,36),(1616,111,36),(1617,112,36),(1618,113,36),(1619,114,36),(1620,115,36),(1621,116,36),(1622,117,36),(1623,5,37),(1624,39,37),(1625,40,37),(1626,41,37),(1627,45,37),(1628,46,37),(1629,47,37),(1630,48,37),(1631,49,37),(1632,53,37),(1633,70,37),(1634,71,37),(1635,72,37),(1636,74,37),(1637,76,37),(1638,80,37),(1639,81,37),(1640,93,37),(1641,95,37),(1642,96,37),(1643,97,37),(1644,98,37),(1645,99,37),(1646,100,37),(1647,103,37),(1648,105,37),(1649,107,37),(1650,110,37),(1651,111,37),(1652,117,37),(1653,5,38),(1654,6,38),(1655,15,38),(1656,41,38),(1657,45,38),(1658,46,38),(1659,47,38),(1660,48,38),(1661,49,38),(1662,68,38),(1663,80,38),(1664,93,38),(1665,100,38),(1666,103,38),(1667,105,38),(1668,110,38),(1669,111,38),(1670,116,38),(1671,117,38),(1672,5,39),(1673,6,39),(1674,15,39),(1675,41,39),(1676,45,39),(1677,46,39),(1678,47,39),(1679,48,39),(1680,49,39),(1681,68,39),(1682,80,39),(1683,93,39),(1684,100,39),(1685,103,39),(1686,105,39),(1687,110,39),(1688,111,39),(1689,116,39),(1690,117,39),(1691,4,40),(1692,5,40),(1693,31,40),(1694,32,40),(1695,45,40),(1696,46,40),(1697,47,40),(1698,48,40),(1699,49,40),(1700,53,40),(1701,72,40),(1702,74,40),(1703,76,40),(1704,80,40),(1705,93,40),(1706,95,40),(1707,96,40),(1708,97,40),(1709,98,40),(1710,99,40),(1711,100,40),(1712,103,40),(1713,105,40),(1714,107,40),(1715,110,40),(1716,111,40),(1717,116,40),(1718,117,40),(1719,1,41),(1720,5,41),(1721,31,41),(1722,32,41),(1723,45,41),(1724,46,41),(1725,47,41),(1726,48,41),(1727,49,41),(1728,53,41),(1729,70,41),(1730,72,41),(1731,74,41),(1732,76,41),(1733,80,41),(1734,81,41),(1735,93,41),(1736,95,41),(1737,96,41),(1738,97,41),(1739,98,41),(1740,99,41),(1741,100,41),(1742,103,41),(1743,105,41),(1744,107,41),(1745,110,41),(1746,111,41),(1747,116,41),(1748,117,41),(1749,1,42),(1750,5,42),(1751,31,42),(1752,32,42),(1753,45,42),(1754,46,42),(1755,47,42),(1756,48,42),(1757,49,42),(1758,53,42),(1759,70,42),(1760,72,42),(1761,74,42),(1762,76,42),(1763,80,42),(1764,81,42),(1765,93,42),(1766,95,42),(1767,96,42),(1768,97,42),(1769,98,42),(1770,99,42),(1771,100,42),(1772,103,42),(1773,105,42),(1774,107,42),(1775,110,42),(1776,111,42),(1777,116,42),(1778,117,42),(1779,2,43),(1780,3,43),(1781,5,43),(1782,6,43),(1783,7,43),(1784,8,43),(1785,14,43),(1786,15,43),(1787,33,43),(1788,38,43),(1789,40,43),(1790,41,43),(1791,42,43),(1792,43,43),(1793,44,43),(1794,45,43),(1795,46,43),(1796,47,43),(1797,48,43),(1798,49,43),(1799,50,43),(1800,51,43),(1801,53,43),(1802,54,43),(1803,56,43),(1804,64,43),(1805,65,43),(1806,66,43),(1807,67,43),(1808,69,43),(1809,72,43),(1810,74,43),(1811,75,43),(1812,76,43),(1813,77,43),(1814,78,43),(1815,79,43),(1816,80,43),(1817,81,43),(1818,82,43),(1819,85,43),(1820,86,43),(1821,87,43),(1822,88,43),(1823,89,43),(1824,90,43),(1825,92,43),(1826,93,43),(1827,94,43),(1828,95,43),(1829,96,43),(1830,97,43),(1831,98,43),(1832,99,43),(1833,100,43),(1834,101,43),(1835,102,43),(1836,103,43),(1837,104,43),(1838,105,43),(1839,106,43),(1840,107,43),(1841,108,43),(1842,109,43),(1843,110,43),(1844,111,43),(1845,112,43),(1846,113,43),(1847,114,43),(1848,115,43),(1849,116,43),(1850,117,43),(1851,3,44),(1852,5,44),(1853,6,44),(1854,7,44),(1855,14,44),(1856,15,44),(1857,40,44),(1858,42,44),(1859,45,44),(1860,46,44),(1861,47,44),(1862,48,44),(1863,49,44),(1864,50,44),(1865,51,44),(1866,54,44),(1867,56,44),(1868,64,44),(1869,65,44),(1870,66,44),(1871,67,44),(1872,69,44),(1873,72,44),(1874,75,44),(1875,76,44),(1876,77,44),(1877,78,44),(1878,79,44),(1879,80,44),(1880,81,44),(1881,82,44),(1882,88,44),(1883,89,44),(1884,90,44),(1885,92,44),(1886,93,44),(1887,94,44),(1888,95,44),(1889,96,44),(1890,97,44),(1891,98,44),(1892,99,44),(1893,100,44),(1894,101,44),(1895,102,44),(1896,103,44),(1897,104,44),(1898,105,44),(1899,106,44),(1900,107,44),(1901,108,44),(1902,109,44),(1903,110,44),(1904,111,44),(1905,112,44),(1906,113,44),(1907,114,44),(1908,115,44),(1909,116,44),(1910,117,44),(1911,3,45),(1912,5,45),(1913,6,45),(1914,7,45),(1915,14,45),(1916,15,45),(1917,40,45),(1918,42,45),(1919,45,45),(1920,46,45),(1921,47,45),(1922,48,45),(1923,49,45),(1924,50,45),(1925,51,45),(1926,54,45),(1927,56,45),(1928,64,45),(1929,65,45),(1930,66,45),(1931,67,45),(1932,69,45),(1933,72,45),(1934,75,45),(1935,76,45),(1936,77,45),(1937,78,45),(1938,79,45),(1939,80,45),(1940,81,45),(1941,82,45),(1942,88,45),(1943,89,45),(1944,90,45),(1945,92,45),(1946,93,45),(1947,94,45),(1948,95,45),(1949,96,45),(1950,97,45),(1951,98,45),(1952,99,45),(1953,100,45),(1954,101,45),(1955,102,45),(1956,103,45),(1957,104,45),(1958,105,45),(1959,106,45),(1960,107,45),(1961,108,45),(1962,109,45),(1963,110,45),(1964,111,45),(1965,112,45),(1966,113,45),(1967,114,45),(1968,115,45),(1969,116,45),(1970,117,45),(1971,1,46),(1972,5,46),(1973,45,46),(1974,46,46),(1975,47,46),(1976,48,46),(1977,49,46),(1978,51,46),(1979,53,46),(1980,56,46),(1981,57,46),(1982,61,46),(1983,64,46),(1984,65,46),(1985,66,46),(1986,67,46),(1987,70,46),(1988,72,46),(1989,74,46),(1990,76,46),(1991,77,46),(1992,79,46),(1993,80,46),(1994,81,46),(1995,90,46),(1996,92,46),(1997,93,46),(1998,94,46),(1999,95,46),(2000,96,46),(2001,97,46),(2002,98,46),(2003,99,46),(2004,100,46),(2005,102,46),(2006,103,46),(2007,105,46),(2008,107,46),(2009,110,46),(2010,111,46),(2011,112,46),(2012,113,46),(2013,114,46),(2014,115,46),(2015,116,46),(2016,117,46),(2017,3,47),(2018,6,47),(2019,7,47),(2020,14,47),(2021,15,47),(2022,38,47),(2023,40,47),(2024,41,47),(2025,42,47),(2026,43,47),(2027,44,47),(2028,45,47),(2029,46,47),(2030,47,47),(2031,48,47),(2032,49,47),(2033,55,47),(2034,64,47),(2035,65,47),(2036,66,47),(2037,67,47),(2038,69,47),(2039,71,47),(2040,72,47),(2041,75,47),(2042,76,47),(2043,77,47),(2044,78,47),(2045,79,47),(2046,80,47),(2047,81,47),(2048,82,47),(2049,84,47),(2050,87,47),(2051,88,47),(2052,89,47),(2053,90,47),(2054,92,47),(2055,93,47),(2056,94,47),(2057,95,47),(2058,96,47),(2059,97,47),(2060,98,47),(2061,99,47),(2062,100,47),(2063,102,47),(2064,103,47),(2065,104,47),(2066,105,47),(2067,106,47),(2068,107,47),(2069,108,47),(2070,109,47),(2071,110,47),(2072,111,47),(2073,112,47),(2074,113,47),(2075,114,47),(2076,115,47),(2077,116,47),(2078,117,47),(2079,1,48),(2080,2,48),(2081,3,48),(2082,4,48),(2083,5,48),(2084,6,48),(2085,7,48),(2086,14,48),(2087,15,48),(2088,38,48),(2089,39,48),(2090,40,48),(2091,41,48),(2092,42,48),(2093,43,48),(2094,45,48),(2095,46,48),(2096,47,48),(2097,48,48),(2098,49,48),(2099,54,48),(2100,55,48),(2101,56,48),(2102,64,48),(2103,65,48),(2104,66,48),(2105,67,48),(2106,69,48),(2107,72,48),(2108,75,48),(2109,77,48),(2110,78,48),(2111,79,48),(2112,80,48),(2113,81,48),(2114,82,48),(2115,87,48),(2116,88,48),(2117,89,48),(2118,90,48),(2119,92,48),(2120,93,48),(2121,94,48),(2122,95,48),(2123,96,48),(2124,97,48),(2125,98,48),(2126,99,48),(2127,100,48),(2128,102,48),(2129,103,48),(2130,104,48),(2131,105,48),(2132,106,48),(2133,107,48),(2134,108,48),(2135,109,48),(2136,110,48),(2137,111,48),(2138,112,48),(2139,113,48),(2140,114,48),(2141,115,48),(2142,116,48),(2143,117,48),(2144,3,49),(2145,5,49),(2146,6,49),(2147,7,49),(2148,14,49),(2149,15,49),(2150,38,49),(2151,39,49),(2152,40,49),(2153,41,49),(2154,42,49),(2155,43,49),(2156,44,49),(2157,45,49),(2158,46,49),(2159,47,49),(2160,48,49),(2161,49,49),(2162,54,49),(2163,55,49),(2164,56,49),(2165,64,49),(2166,65,49),(2167,66,49),(2168,67,49),(2169,69,49),(2170,72,49),(2171,75,49),(2172,77,49),(2173,78,49),(2174,79,49),(2175,80,49),(2176,81,49),(2177,82,49),(2178,83,49),(2179,84,49),(2180,87,49),(2181,88,49),(2182,89,49),(2183,90,49),(2184,92,49),(2185,93,49),(2186,94,49),(2187,95,49),(2188,96,49),(2189,97,49),(2190,98,49),(2191,99,49),(2192,100,49),(2193,102,49),(2194,103,49),(2195,104,49),(2196,105,49),(2197,106,49),(2198,107,49),(2199,108,49),(2200,109,49),(2201,110,49),(2202,111,49),(2203,112,49),(2204,113,49),(2205,114,49),(2206,115,49),(2207,116,49),(2208,117,49),(2209,5,50),(2210,6,50),(2211,7,50),(2212,14,50),(2213,15,50),(2214,38,50),(2215,40,50),(2216,41,50),(2217,43,50),(2218,44,50),(2219,45,50),(2220,46,50),(2221,47,50),(2222,48,50),(2223,49,50),(2224,64,50),(2225,65,50),(2226,66,50),(2227,67,50),(2228,68,50),(2229,69,50),(2230,72,50),(2231,75,50),(2232,78,50),(2233,79,50),(2234,80,50),(2235,82,50),(2236,83,50),(2237,84,50),(2238,87,50),(2239,88,50),(2240,89,50),(2241,90,50),(2242,92,50),(2243,93,50),(2244,94,50),(2245,95,50),(2246,96,50),(2247,97,50),(2248,98,50),(2249,99,50),(2250,100,50),(2251,101,50),(2252,102,50),(2253,103,50),(2254,104,50),(2255,105,50),(2256,106,50),(2257,107,50),(2258,108,50),(2259,109,50),(2260,110,50),(2261,111,50),(2262,112,50),(2263,113,50),(2264,114,50),(2265,115,50),(2266,116,50),(2267,117,50),(2268,3,51),(2269,6,51),(2270,14,51),(2271,15,51),(2272,42,51),(2273,45,51),(2274,46,51),(2275,47,51),(2276,48,51),(2277,49,51),(2278,64,51),(2279,65,51),(2280,72,51),(2281,75,51),(2282,78,51),(2283,80,51),(2284,82,51),(2285,88,51),(2286,92,51),(2287,93,51),(2288,94,51),(2289,100,51),(2290,106,51),(2291,107,51),(2292,108,51),(2293,109,51),(2294,110,51),(2295,111,51),(2296,115,51),(2297,116,51),(2298,117,51),(2299,2,52),(2300,3,52),(2301,5,52),(2302,6,52),(2303,14,52),(2304,15,52),(2305,39,52),(2306,40,52),(2307,42,52),(2308,45,52),(2309,46,52),(2310,47,52),(2311,48,52),(2312,49,52),(2313,53,52),(2314,56,52),(2315,64,52),(2316,65,52),(2317,66,52),(2318,67,52),(2319,69,52),(2320,72,52),(2321,74,52),(2322,75,52),(2323,76,52),(2324,77,52),(2325,78,52),(2326,79,52),(2327,80,52),(2328,81,52),(2329,82,52),(2330,83,52),(2331,84,52),(2332,87,52),(2333,88,52),(2334,89,52),(2335,90,52),(2336,92,52),(2337,93,52),(2338,94,52),(2339,95,52),(2340,96,52),(2341,97,52),(2342,98,52),(2343,99,52),(2344,100,52),(2345,102,52),(2346,103,52),(2347,104,52),(2348,105,52),(2349,106,52),(2350,107,52),(2351,108,52),(2352,109,52),(2353,110,52),(2354,111,52),(2355,112,52),(2356,113,52),(2357,114,52),(2358,115,52),(2359,116,52),(2360,117,52),(2361,2,53),(2362,3,53),(2363,5,53),(2364,6,53),(2365,7,53),(2366,14,53),(2367,15,53),(2368,38,53),(2369,39,53),(2370,40,53),(2371,42,53),(2372,43,53),(2373,44,53),(2374,45,53),(2375,46,53),(2376,47,53),(2377,48,53),(2378,49,53),(2379,53,53),(2380,54,53),(2381,55,53),(2382,56,53),(2383,60,53),(2384,61,53),(2385,64,53),(2386,65,53),(2387,66,53),(2388,67,53),(2389,69,53),(2390,72,53),(2391,74,53),(2392,75,53),(2393,76,53),(2394,78,53),(2395,79,53),(2396,80,53),(2397,81,53),(2398,82,53),(2399,83,53),(2400,84,53),(2401,85,53),(2402,86,53),(2403,87,53),(2404,88,53),(2405,89,53),(2406,92,53),(2407,93,53),(2408,94,53),(2409,95,53),(2410,96,53),(2411,97,53),(2412,98,53),(2413,99,53),(2414,100,53),(2415,102,53),(2416,103,53),(2417,104,53),(2418,105,53),(2419,106,53),(2420,107,53),(2421,108,53),(2422,109,53),(2423,110,53),(2424,111,53),(2425,112,53),(2426,113,53),(2427,114,53),(2428,115,53),(2429,116,53),(2430,117,53),(2431,3,54),(2432,5,54),(2433,6,54),(2434,7,54),(2435,14,54),(2436,15,54),(2437,16,54),(2438,38,54),(2439,40,54),(2440,41,54),(2441,43,54),(2442,44,54),(2443,45,54),(2444,46,54),(2445,47,54),(2446,48,54),(2447,49,54),(2448,54,54),(2449,55,54),(2450,64,54),(2451,65,54),(2452,66,54),(2453,67,54),(2454,68,54),(2455,69,54),(2456,71,54),(2457,72,54),(2458,75,54),(2459,78,54),(2460,79,54),(2461,80,54),(2462,82,54),(2463,84,54),(2464,87,54),(2465,88,54),(2466,89,54),(2467,90,54),(2468,92,54),(2469,93,54),(2470,94,54),(2471,95,54),(2472,96,54),(2473,97,54),(2474,98,54),(2475,99,54),(2476,100,54),(2477,101,54),(2478,102,54),(2479,103,54),(2480,104,54),(2481,105,54),(2482,106,54),(2483,107,54),(2484,108,54),(2485,109,54),(2486,110,54),(2487,111,54),(2488,112,54),(2489,113,54),(2490,114,54),(2491,115,54),(2492,116,54),(2493,117,54),(2494,3,55),(2495,5,55),(2496,6,55),(2497,7,55),(2498,14,55),(2499,15,55),(2500,33,55),(2501,39,55),(2502,40,55),(2503,41,55),(2504,43,55),(2505,44,55),(2506,45,55),(2507,46,55),(2508,47,55),(2509,48,55),(2510,49,55),(2511,50,55),(2512,54,55),(2513,61,55),(2514,63,55),(2515,64,55),(2516,65,55),(2517,66,55),(2518,67,55),(2519,69,55),(2520,72,55),(2521,75,55),(2522,78,55),(2523,80,55),(2524,82,55),(2525,83,55),(2526,84,55),(2527,87,55),(2528,88,55),(2529,89,55),(2530,92,55),(2531,93,55),(2532,94,55),(2533,95,55),(2534,96,55),(2535,97,55),(2536,98,55),(2537,99,55),(2538,100,55),(2539,101,55),(2540,102,55),(2541,103,55),(2542,104,55),(2543,105,55),(2544,106,55),(2545,107,55),(2546,108,55),(2547,109,55),(2548,110,55),(2549,111,55),(2550,112,55),(2551,113,55),(2552,114,55),(2553,115,55),(2554,116,55),(2555,117,55),(2556,2,56),(2557,3,56),(2558,5,56),(2559,6,56),(2560,14,56),(2561,15,56),(2562,33,56),(2563,38,56),(2564,45,56),(2565,46,56),(2566,47,56),(2567,48,56),(2568,49,56),(2569,50,56),(2570,61,56),(2571,64,56),(2572,65,56),(2573,66,56),(2574,67,56),(2575,69,56),(2576,72,56),(2577,75,56),(2578,78,56),(2579,80,56),(2580,82,56),(2581,84,56),(2582,87,56),(2583,88,56),(2584,89,56),(2585,90,56),(2586,92,56),(2587,93,56),(2588,94,56),(2589,95,56),(2590,96,56),(2591,97,56),(2592,98,56),(2593,99,56),(2594,100,56),(2595,101,56),(2596,102,56),(2597,103,56),(2598,104,56),(2599,105,56),(2600,106,56),(2601,107,56),(2602,108,56),(2603,109,56),(2604,110,56),(2605,111,56),(2606,112,56),(2607,113,56),(2608,114,56),(2609,115,56),(2610,116,56),(2611,117,56),(2612,1,57),(2613,2,57),(2614,5,57),(2615,6,57),(2616,14,57),(2617,15,57),(2618,38,57),(2619,39,57),(2620,40,57),(2621,41,57),(2622,43,57),(2623,44,57),(2624,45,57),(2625,46,57),(2626,47,57),(2627,48,57),(2628,49,57),(2629,53,57),(2630,55,57),(2631,56,57),(2632,57,57),(2633,60,57),(2634,64,57),(2635,65,57),(2636,66,57),(2637,67,57),(2638,69,57),(2639,70,57),(2640,71,57),(2641,72,57),(2642,73,57),(2643,74,57),(2644,76,57),(2645,78,57),(2646,79,57),(2647,80,57),(2648,82,57),(2649,83,57),(2650,84,57),(2651,87,57),(2652,88,57),(2653,89,57),(2654,90,57),(2655,92,57),(2656,93,57),(2657,94,57),(2658,95,57),(2659,96,57),(2660,97,57),(2661,98,57),(2662,99,57),(2663,100,57),(2664,102,57),(2665,103,57),(2666,104,57),(2667,105,57),(2668,106,57),(2669,107,57),(2670,108,57),(2671,109,57),(2672,110,57),(2673,111,57),(2674,112,57),(2675,113,57),(2676,114,57),(2677,115,57),(2678,116,57),(2679,117,57),(2680,3,58),(2681,5,58),(2682,6,58),(2683,7,58),(2684,14,58),(2685,15,58),(2686,16,58),(2687,33,58),(2688,38,58),(2689,39,58),(2690,40,58),(2691,41,58),(2692,43,58),(2693,44,58),(2694,45,58),(2695,46,58),(2696,47,58),(2697,48,58),(2698,49,58),(2699,51,58),(2700,52,58),(2701,54,58),(2702,55,58),(2703,56,58),(2704,60,58),(2705,61,58),(2706,63,58),(2707,64,58),(2708,65,58),(2709,66,58),(2710,67,58),(2711,69,58),(2712,71,58),(2713,72,58),(2714,78,58),(2715,79,58),(2716,80,58),(2717,82,58),(2718,83,58),(2719,84,58),(2720,88,58),(2721,89,58),(2722,90,58),(2723,92,58),(2724,93,58),(2725,94,58),(2726,95,58),(2727,96,58),(2728,97,58),(2729,98,58),(2730,99,58),(2731,100,58),(2732,101,58),(2733,102,58),(2734,103,58),(2735,104,58),(2736,105,58),(2737,106,58),(2738,107,58),(2739,108,58),(2740,109,58),(2741,110,58),(2742,111,58),(2743,112,58),(2744,113,58),(2745,114,58),(2746,115,58),(2747,116,58),(2748,117,58),(2749,2,59),(2750,5,59),(2751,6,59),(2752,7,59),(2753,14,59),(2754,15,59),(2755,38,59),(2756,39,59),(2757,40,59),(2758,41,59),(2759,43,59),(2760,44,59),(2761,45,59),(2762,46,59),(2763,47,59),(2764,48,59),(2765,49,59),(2766,55,59),(2767,60,59),(2768,64,59),(2769,65,59),(2770,66,59),(2771,67,59),(2772,69,59),(2773,72,59),(2774,78,59),(2775,79,59),(2776,80,59),(2777,82,59),(2778,83,59),(2779,84,59),(2780,87,59),(2781,88,59),(2782,89,59),(2783,92,59),(2784,93,59),(2785,94,59),(2786,95,59),(2787,96,59),(2788,97,59),(2789,98,59),(2790,99,59),(2791,100,59),(2792,102,59),(2793,103,59),(2794,104,59),(2795,105,59),(2796,106,59),(2797,107,59),(2798,108,59),(2799,109,59),(2800,110,59),(2801,111,59),(2802,112,59),(2803,113,59),(2804,114,59),(2805,115,59),(2806,116,59),(2807,117,59),(2808,3,60),(2809,5,60),(2810,6,60),(2811,14,60),(2812,15,60),(2813,33,60),(2814,38,60),(2815,39,60),(2816,40,60),(2817,41,60),(2818,43,60),(2819,44,60),(2820,45,60),(2821,46,60),(2822,47,60),(2823,48,60),(2824,49,60),(2825,50,60),(2826,55,60),(2827,60,60),(2828,61,60),(2829,64,60),(2830,65,60),(2831,66,60),(2832,67,60),(2833,69,60),(2834,72,60),(2835,75,60),(2836,78,60),(2837,79,60),(2838,80,60),(2839,82,60),(2840,83,60),(2841,84,60),(2842,87,60),(2843,88,60),(2844,89,60),(2845,92,60),(2846,93,60),(2847,94,60),(2848,95,60),(2849,96,60),(2850,97,60),(2851,98,60),(2852,99,60),(2853,100,60),(2854,102,60),(2855,103,60),(2856,104,60),(2857,105,60),(2858,106,60),(2859,107,60),(2860,108,60),(2861,109,60),(2862,110,60),(2863,111,60),(2864,112,60),(2865,113,60),(2866,114,60),(2867,115,60),(2868,116,60),(2869,117,60),(2870,5,61),(2871,6,61),(2872,7,61),(2873,14,61),(2874,15,61),(2875,38,61),(2876,39,61),(2877,40,61),(2878,41,61),(2879,42,61),(2880,43,61),(2881,44,61),(2882,45,61),(2883,46,61),(2884,47,61),(2885,48,61),(2886,49,61),(2887,55,61),(2888,56,61),(2889,60,61),(2890,61,61),(2891,62,61),(2892,64,61),(2893,65,61),(2894,66,61),(2895,67,61),(2896,68,61),(2897,69,61),(2898,72,61),(2899,75,61),(2900,78,61),(2901,79,61),(2902,80,61),(2903,82,61),(2904,83,61),(2905,84,61),(2906,87,61),(2907,88,61),(2908,89,61),(2909,90,61),(2910,92,61),(2911,93,61),(2912,94,61),(2913,95,61),(2914,96,61),(2915,97,61),(2916,98,61),(2917,99,61),(2918,100,61),(2919,101,61),(2920,102,61),(2921,103,61),(2922,104,61),(2923,105,61),(2924,106,61),(2925,107,61),(2926,108,61),(2927,109,61),(2928,110,61),(2929,111,61),(2930,112,61),(2931,113,61),(2932,114,61),(2933,115,61),(2934,116,61),(2935,117,61),(2936,2,62),(2937,5,62),(2938,6,62),(2939,14,62),(2940,15,62),(2941,38,62),(2942,39,62),(2943,40,62),(2944,41,62),(2945,42,62),(2946,43,62),(2947,44,62),(2948,45,62),(2949,46,62),(2950,47,62),(2951,48,62),(2952,49,62),(2953,55,62),(2954,56,62),(2955,60,62),(2956,62,62),(2957,64,62),(2958,65,62),(2959,66,62),(2960,67,62),(2961,68,62),(2962,69,62),(2963,72,62),(2964,75,62),(2965,78,62),(2966,79,62),(2967,80,62),(2968,82,62),(2969,83,62),(2970,84,62),(2971,85,62),(2972,86,62),(2973,87,62),(2974,88,62),(2975,89,62),(2976,90,62),(2977,92,62),(2978,93,62),(2979,94,62),(2980,95,62),(2981,96,62),(2982,97,62),(2983,98,62),(2984,99,62),(2985,100,62),(2986,102,62),(2987,103,62),(2988,104,62),(2989,105,62),(2990,106,62),(2991,107,62),(2992,108,62),(2993,109,62),(2994,110,62),(2995,111,62),(2996,112,62),(2997,113,62),(2998,114,62),(2999,115,62),(3000,116,62),(3001,117,62),(3002,3,63),(3003,5,63),(3004,6,63),(3005,7,63),(3006,8,63),(3007,14,63),(3008,15,63),(3009,16,63),(3010,33,63),(3011,38,63),(3012,39,63),(3013,40,63),(3014,41,63),(3015,42,63),(3016,43,63),(3017,44,63),(3018,45,63),(3019,46,63),(3020,47,63),(3021,48,63),(3022,49,63),(3023,50,63),(3024,51,63),(3025,54,63),(3026,61,63),(3027,63,63),(3028,64,63),(3029,65,63),(3030,66,63),(3031,67,63),(3032,68,63),(3033,69,63),(3034,72,63),(3035,75,63),(3036,78,63),(3037,79,63),(3038,80,63),(3039,82,63),(3040,83,63),(3041,84,63),(3042,87,63),(3043,88,63),(3044,90,63),(3045,92,63),(3046,93,63),(3047,94,63),(3048,95,63),(3049,96,63),(3050,97,63),(3051,98,63),(3052,99,63),(3053,100,63),(3054,101,63),(3055,102,63),(3056,103,63),(3057,104,63),(3058,105,63),(3059,106,63),(3060,107,63),(3061,108,63),(3062,109,63),(3063,110,63),(3064,111,63),(3065,112,63),(3066,113,63),(3067,114,63),(3068,115,63),(3069,116,63),(3070,117,63),(3071,5,64),(3072,6,64),(3073,14,64),(3074,15,64),(3075,42,64),(3076,45,64),(3077,46,64),(3078,47,64),(3079,48,64),(3080,49,64),(3081,64,64),(3082,65,64),(3083,66,64),(3084,67,64),(3085,69,64),(3086,72,64),(3087,78,64),(3088,79,64),(3089,80,64),(3090,82,64),(3091,83,64),(3092,84,64),(3093,87,64),(3094,88,64),(3095,89,64),(3096,93,64),(3097,94,64),(3098,95,64),(3099,96,64),(3100,97,64),(3101,98,64),(3102,99,64),(3103,100,64),(3104,101,64),(3105,102,64),(3106,103,64),(3107,104,64),(3108,105,64),(3109,106,64),(3110,107,64),(3111,108,64),(3112,109,64),(3113,110,64),(3114,111,64),(3115,112,64),(3116,113,64),(3117,114,64),(3118,115,64),(3119,116,64),(3120,117,64),(3121,1,65),(3122,2,65),(3123,3,65),(3124,5,65),(3125,6,65),(3126,14,65),(3127,15,65),(3128,38,65),(3129,40,65),(3130,41,65),(3131,42,65),(3132,43,65),(3133,44,65),(3134,45,65),(3135,46,65),(3136,47,65),(3137,48,65),(3138,49,65),(3139,60,65),(3140,61,65),(3141,64,65),(3142,65,65),(3143,66,65),(3144,67,65),(3145,69,65),(3146,71,65),(3147,72,65),(3148,75,65),(3149,76,65),(3150,78,65),(3151,79,65),(3152,80,65),(3153,81,65),(3154,82,65),(3155,83,65),(3156,84,65),(3157,85,65),(3158,86,65),(3159,87,65),(3160,88,65),(3161,89,65),(3162,90,65),(3163,92,65),(3164,93,65),(3165,94,65),(3166,95,65),(3167,96,65),(3168,97,65),(3169,98,65),(3170,99,65),(3171,100,65),(3172,102,65),(3173,103,65),(3174,104,65),(3175,105,65),(3176,106,65),(3177,107,65),(3178,108,65),(3179,109,65),(3180,110,65),(3181,111,65),(3182,112,65),(3183,113,65),(3184,114,65),(3185,115,65),(3186,116,65),(3187,117,65),(3188,1,66),(3189,2,66),(3190,3,66),(3191,5,66),(3192,6,66),(3193,7,66),(3194,8,66),(3195,14,66),(3196,15,66),(3197,16,66),(3198,33,66),(3199,38,66),(3200,40,66),(3201,41,66),(3202,42,66),(3203,43,66),(3204,44,66),(3205,45,66),(3206,46,66),(3207,47,66),(3208,48,66),(3209,49,66),(3210,50,66),(3211,51,66),(3212,52,66),(3213,53,66),(3214,54,66),(3215,55,66),(3216,56,66),(3217,60,66),(3218,61,66),(3219,64,66),(3220,65,66),(3221,66,66),(3222,67,66),(3223,69,66),(3224,71,66),(3225,72,66),(3226,74,66),(3227,75,66),(3228,76,66),(3229,78,66),(3230,79,66),(3231,80,66),(3232,81,66),(3233,82,66),(3234,83,66),(3235,84,66),(3236,85,66),(3237,86,66),(3238,87,66),(3239,88,66),(3240,89,66),(3241,90,66),(3242,92,66),(3243,93,66),(3244,94,66),(3245,95,66),(3246,96,66),(3247,97,66),(3248,98,66),(3249,99,66),(3250,100,66),(3251,101,66),(3252,102,66),(3253,103,66),(3254,104,66),(3255,105,66),(3256,106,66),(3257,107,66),(3258,108,66),(3259,109,66),(3260,110,66),(3261,111,66),(3262,112,66),(3263,113,66),(3264,114,66),(3265,115,66),(3266,116,66),(3267,117,66),(3268,1,67),(3269,2,67),(3270,5,67),(3271,6,67),(3272,9,67),(3273,10,67),(3274,11,67),(3275,12,67),(3276,13,67),(3277,14,67),(3278,15,67),(3279,45,67),(3280,46,67),(3281,47,67),(3282,48,67),(3283,49,67),(3284,59,67),(3285,64,67),(3286,65,67),(3287,66,67),(3288,67,67),(3289,69,67),(3290,72,67),(3291,80,67),(3292,90,67),(3293,93,67),(3294,95,67),(3295,96,67),(3296,97,67),(3297,98,67),(3298,99,67),(3299,100,67),(3300,103,67),(3301,104,67),(3302,105,67),(3303,106,67),(3304,107,67),(3305,108,67),(3306,109,67),(3307,110,67),(3308,111,67),(3309,112,67),(3310,113,67),(3311,114,67),(3312,115,67),(3313,116,67),(3314,117,67),(3315,1,68),(3316,2,68),(3317,3,68),(3318,5,68),(3319,6,68),(3320,7,68),(3321,14,68),(3322,15,68),(3323,38,68),(3324,39,68),(3325,40,68),(3326,41,68),(3327,42,68),(3328,43,68),(3329,44,68),(3330,45,68),(3331,46,68),(3332,47,68),(3333,48,68),(3334,49,68),(3335,53,68),(3336,55,68),(3337,56,68),(3338,61,68),(3339,64,68),(3340,65,68),(3341,66,68),(3342,67,68),(3343,69,68),(3344,70,68),(3345,71,68),(3346,72,68),(3347,74,68),(3348,75,68),(3349,76,68),(3350,78,68),(3351,79,68),(3352,80,68),(3353,81,68),(3354,82,68),(3355,83,68),(3356,84,68),(3357,85,68),(3358,86,68),(3359,87,68),(3360,88,68),(3361,89,68),(3362,90,68),(3363,92,68),(3364,93,68),(3365,94,68),(3366,95,68),(3367,96,68),(3368,97,68),(3369,98,68),(3370,99,68),(3371,100,68),(3372,102,68),(3373,103,68),(3374,104,68),(3375,105,68),(3376,106,68),(3377,107,68),(3378,108,68),(3379,109,68),(3380,110,68),(3381,111,68),(3382,112,68),(3383,113,68),(3384,114,68),(3385,115,68),(3386,116,68),(3387,117,68),(3388,5,69),(3389,6,69),(3390,7,69),(3391,14,69),(3392,15,69),(3393,38,69),(3394,39,69),(3395,40,69),(3396,41,69),(3397,42,69),(3398,43,69),(3399,44,69),(3400,45,69),(3401,46,69),(3402,47,69),(3403,48,69),(3404,49,69),(3405,55,69),(3406,56,69),(3407,64,69),(3408,65,69),(3409,66,69),(3410,67,69),(3411,68,69),(3412,69,69),(3413,72,69),(3414,73,69),(3415,80,69),(3416,82,69),(3417,83,69),(3418,84,69),(3419,87,69),(3420,88,69),(3421,90,69),(3422,93,69),(3423,95,69),(3424,96,69),(3425,97,69),(3426,98,69),(3427,99,69),(3428,100,69),(3429,103,69),(3430,104,69),(3431,105,69),(3432,106,69),(3433,107,69),(3434,110,69),(3435,111,69),(3436,115,69),(3437,116,69),(3438,117,69),(3439,6,70),(3440,7,70),(3441,14,70),(3442,15,70),(3443,16,70),(3444,31,70),(3445,32,70),(3446,44,70),(3447,45,70),(3448,46,70),(3449,47,70),(3450,48,70),(3451,49,70),(3452,62,70),(3453,72,70),(3454,80,70),(3455,95,70),(3456,96,70),(3457,100,70),(3458,101,70),(3459,103,70),(3460,104,70),(3461,107,70),(3462,115,70),(3463,116,70),(3464,117,70),(3465,6,71),(3466,7,71),(3467,14,71),(3468,15,71),(3469,16,71),(3470,31,71),(3471,32,71),(3472,44,71),(3473,45,71),(3474,46,71),(3475,47,71),(3476,48,71),(3477,49,71),(3478,62,71),(3479,72,71),(3480,80,71),(3481,95,71),(3482,96,71),(3483,100,71),(3484,101,71),(3485,103,71),(3486,104,71),(3487,107,71),(3488,115,71),(3489,116,71),(3490,117,71),(3491,6,72),(3492,7,72),(3493,8,72),(3494,14,72),(3495,15,72),(3496,16,72),(3497,31,72),(3498,32,72),(3499,33,72),(3500,34,72),(3501,35,72),(3502,36,72),(3503,37,72),(3504,38,72),(3505,39,72),(3506,40,72),(3507,41,72),(3508,43,72),(3509,44,72),(3510,45,72),(3511,46,72),(3512,47,72),(3513,48,72),(3514,49,72),(3515,50,72),(3516,51,72),(3517,61,72),(3518,72,72),(3519,80,72),(3520,88,72),(3521,93,72),(3522,95,72),(3523,96,72),(3524,100,72),(3525,101,72),(3526,103,72),(3527,104,72),(3528,107,72),(3529,115,72),(3530,116,72),(3531,117,72),(3532,3,73),(3533,5,73),(3534,6,73),(3535,7,73),(3536,8,73),(3537,14,73),(3538,15,73),(3539,16,73),(3540,33,73),(3541,34,73),(3542,35,73),(3543,36,73),(3544,37,73),(3545,41,73),(3546,45,73),(3547,46,73),(3548,47,73),(3549,48,73),(3550,49,73),(3551,62,73),(3552,72,73),(3553,80,73),(3554,88,73),(3555,93,73),(3556,95,73),(3557,100,73),(3558,101,73),(3559,103,73),(3560,104,73),(3561,107,73),(3562,115,73),(3563,116,73),(3564,117,73),(3565,6,74),(3566,7,74),(3567,14,74),(3568,15,74),(3569,16,74),(3570,31,74),(3571,32,74),(3572,44,74),(3573,45,74),(3574,46,74),(3575,47,74),(3576,48,74),(3577,49,74),(3578,62,74),(3579,72,74),(3580,80,74),(3581,95,74),(3582,96,74),(3583,100,74),(3584,101,74),(3585,103,74),(3586,104,74),(3587,107,74),(3588,115,74),(3589,116,74),(3590,117,74),(3591,5,75),(3592,38,75),(3593,39,75),(3594,40,75),(3595,41,75),(3596,43,75),(3597,44,75),(3598,45,75),(3599,46,75),(3600,47,75),(3601,48,75),(3602,49,75),(3603,54,75),(3604,64,75),(3605,65,75),(3606,66,75),(3607,67,75),(3608,68,75),(3609,76,75),(3610,78,75),(3611,79,75),(3612,80,75),(3613,83,75),(3614,84,75),(3615,92,75),(3616,93,75),(3617,94,75),(3618,95,75),(3619,96,75),(3620,97,75),(3621,98,75),(3622,99,75),(3623,100,75),(3624,102,75),(3625,103,75),(3626,104,75),(3627,105,75),(3628,107,75),(3629,110,75),(3630,111,75),(3631,112,75),(3632,113,75),(3633,114,75),(3634,115,75),(3635,116,75),(3636,117,75),(3637,1,76),(3638,5,76),(3639,33,76),(3640,38,76),(3641,39,76),(3642,43,76),(3643,45,76),(3644,46,76),(3645,47,76),(3646,48,76),(3647,49,76),(3648,50,76),(3649,54,76),(3650,64,76),(3651,65,76),(3652,66,76),(3653,67,76),(3654,70,76),(3655,78,76),(3656,79,76),(3657,80,76),(3658,88,76),(3659,92,76),(3660,93,76),(3661,94,76),(3662,95,76),(3663,96,76),(3664,97,76),(3665,98,76),(3666,99,76),(3667,100,76),(3668,101,76),(3669,102,76),(3670,103,76),(3671,104,76),(3672,105,76),(3673,107,76),(3674,110,76),(3675,111,76),(3676,112,76),(3677,113,76),(3678,114,76),(3679,115,76),(3680,116,76),(3681,117,76),(3682,1,77),(3683,5,77),(3684,33,77),(3685,38,77),(3686,39,77),(3687,43,77),(3688,45,77),(3689,46,77),(3690,47,77),(3691,48,77),(3692,49,77),(3693,50,77),(3694,54,77),(3695,57,77),(3696,61,77),(3697,64,77),(3698,65,77),(3699,66,77),(3700,67,77),(3701,70,77),(3702,73,77),(3703,78,77),(3704,79,77),(3705,80,77),(3706,88,77),(3707,92,77),(3708,93,77),(3709,94,77),(3710,95,77),(3711,96,77),(3712,97,77),(3713,98,77),(3714,99,77),(3715,100,77),(3716,102,77),(3717,103,77),(3718,104,77),(3719,105,77),(3720,107,77),(3721,110,77),(3722,111,77),(3723,112,77),(3724,113,77),(3725,114,77),(3726,115,77),(3727,116,77),(3728,117,77),(3729,1,78),(3730,5,78),(3731,38,78),(3732,39,78),(3733,43,78),(3734,45,78),(3735,46,78),(3736,47,78),(3737,48,78),(3738,49,78),(3739,54,78),(3740,64,78),(3741,65,78),(3742,66,78),(3743,67,78),(3744,78,78),(3745,79,78),(3746,80,78),(3747,88,78),(3748,92,78),(3749,93,78),(3750,94,78),(3751,95,78),(3752,96,78),(3753,97,78),(3754,98,78),(3755,99,78),(3756,100,78),(3757,101,78),(3758,102,78),(3759,103,78),(3760,104,78),(3761,105,78),(3762,107,78),(3763,110,78),(3764,111,78),(3765,112,78),(3766,113,78),(3767,114,78),(3768,115,78),(3769,116,78),(3770,117,78),(3771,1,79),(3772,5,79),(3773,33,79),(3774,38,79),(3775,39,79),(3776,43,79),(3777,45,79),(3778,46,79),(3779,47,79),(3780,48,79),(3781,49,79),(3782,50,79),(3783,54,79),(3784,61,79),(3785,64,79),(3786,65,79),(3787,66,79),(3788,67,79),(3789,70,79),(3790,73,79),(3791,78,79),(3792,79,79),(3793,80,79),(3794,88,79),(3795,92,79),(3796,93,79),(3797,94,79),(3798,95,79),(3799,96,79),(3800,97,79),(3801,98,79),(3802,99,79),(3803,100,79),(3804,101,79),(3805,102,79),(3806,103,79),(3807,104,79),(3808,105,79),(3809,107,79),(3810,110,79),(3811,111,79),(3812,112,79),(3813,113,79),(3814,114,79),(3815,115,79),(3816,116,79),(3817,117,79),(3818,3,80),(3819,5,80),(3820,6,80),(3821,7,80),(3822,8,80),(3823,14,80),(3824,15,80),(3825,16,80),(3826,33,80),(3827,38,80),(3828,41,80),(3829,45,80),(3830,46,80),(3831,47,80),(3832,48,80),(3833,49,80),(3834,50,80),(3835,52,80),(3836,54,80),(3837,63,80),(3838,64,80),(3839,65,80),(3840,66,80),(3841,67,80),(3842,68,80),(3843,73,80),(3844,80,80),(3845,84,80),(3846,88,80),(3847,90,80),(3848,92,80),(3849,93,80),(3850,94,80),(3851,95,80),(3852,96,80),(3853,97,80),(3854,98,80),(3855,99,80),(3856,100,80),(3857,101,80),(3858,102,80),(3859,103,80),(3860,104,80),(3861,105,80),(3862,107,80),(3863,110,80),(3864,111,80),(3865,112,80),(3866,113,80),(3867,114,80),(3868,115,80),(3869,116,80),(3870,117,80),(3871,3,81),(3872,5,81),(3873,6,81),(3874,7,81),(3875,8,81),(3876,14,81),(3877,15,81),(3878,16,81),(3879,33,81),(3880,38,81),(3881,41,81),(3882,45,81),(3883,46,81),(3884,47,81),(3885,48,81),(3886,49,81),(3887,50,81),(3888,51,81),(3889,52,81),(3890,54,81),(3891,63,81),(3892,64,81),(3893,65,81),(3894,66,81),(3895,67,81),(3896,68,81),(3897,75,81),(3898,77,81),(3899,80,81),(3900,84,81),(3901,88,81),(3902,90,81),(3903,92,81),(3904,93,81),(3905,94,81),(3906,95,81),(3907,96,81),(3908,97,81),(3909,98,81),(3910,99,81),(3911,100,81),(3912,101,81),(3913,102,81),(3914,103,81),(3915,104,81),(3916,105,81),(3917,107,81),(3918,110,81),(3919,111,81),(3920,112,81),(3921,113,81),(3922,114,81),(3923,115,81),(3924,116,81),(3925,117,81),(3926,3,82),(3927,5,82),(3928,6,82),(3929,7,82),(3930,8,82),(3931,14,82),(3932,15,82),(3933,16,82),(3934,33,82),(3935,38,82),(3936,41,82),(3937,45,82),(3938,46,82),(3939,47,82),(3940,48,82),(3941,49,82),(3942,50,82),(3943,51,82),(3944,52,82),(3945,54,82),(3946,63,82),(3947,64,82),(3948,65,82),(3949,66,82),(3950,67,82),(3951,68,82),(3952,75,82),(3953,77,82),(3954,80,82),(3955,84,82),(3956,88,82),(3957,90,82),(3958,92,82),(3959,93,82),(3960,94,82),(3961,95,82),(3962,96,82),(3963,97,82),(3964,98,82),(3965,99,82),(3966,100,82),(3967,101,82),(3968,102,82),(3969,103,82),(3970,104,82),(3971,105,82),(3972,107,82),(3973,110,82),(3974,111,82),(3975,112,82),(3976,113,82),(3977,114,82),(3978,115,82),(3979,116,82),(3980,117,82),(3981,3,83),(3982,5,83),(3983,6,83),(3984,7,83),(3985,8,83),(3986,14,83),(3987,15,83),(3988,16,83),(3989,33,83),(3990,38,83),(3991,41,83),(3992,45,83),(3993,46,83),(3994,47,83),(3995,48,83),(3996,49,83),(3997,50,83),(3998,51,83),(3999,52,83),(4000,54,83),(4001,63,83),(4002,64,83),(4003,65,83),(4004,66,83),(4005,67,83),(4006,68,83),(4007,75,83),(4008,77,83),(4009,80,83),(4010,84,83),(4011,88,83),(4012,90,83),(4013,92,83),(4014,93,83),(4015,94,83),(4016,95,83),(4017,96,83),(4018,97,83),(4019,98,83),(4020,99,83),(4021,100,83),(4022,101,83),(4023,102,83),(4024,103,83),(4025,104,83),(4026,105,83),(4027,107,83),(4028,110,83),(4029,111,83),(4030,112,83),(4031,113,83),(4032,114,83),(4033,115,83),(4034,116,83),(4035,117,83),(4036,5,84),(4037,6,84),(4038,14,84),(4039,16,84),(4040,38,84),(4041,39,84),(4042,40,84),(4043,41,84),(4044,43,84),(4045,44,84),(4046,45,84),(4047,46,84),(4048,47,84),(4049,48,84),(4050,49,84),(4051,52,84),(4052,54,84),(4053,55,84),(4054,60,84),(4055,62,84),(4056,64,84),(4057,65,84),(4058,66,84),(4059,67,84),(4060,68,84),(4061,70,84),(4062,71,84),(4063,72,84),(4064,73,84),(4065,76,84),(4066,80,84),(4067,84,84),(4068,90,84),(4069,92,84),(4070,93,84),(4071,94,84),(4072,95,84),(4073,96,84),(4074,97,84),(4075,98,84),(4076,99,84),(4077,100,84),(4078,102,84),(4079,103,84),(4080,104,84),(4081,105,84),(4082,107,84),(4083,110,84),(4084,111,84),(4085,115,84),(4086,116,84),(4087,117,84),(4088,5,85),(4089,6,85),(4090,14,85),(4091,16,85),(4092,38,85),(4093,39,85),(4094,40,85),(4095,41,85),(4096,43,85),(4097,45,85),(4098,46,85),(4099,47,85),(4100,48,85),(4101,49,85),(4102,54,85),(4103,55,85),(4104,60,85),(4105,64,85),(4106,65,85),(4107,66,85),(4108,67,85),(4109,68,85),(4110,70,85),(4111,71,85),(4112,72,85),(4113,73,85),(4114,76,85),(4115,80,85),(4116,84,85),(4117,90,85),(4118,92,85),(4119,93,85),(4120,94,85),(4121,95,85),(4122,96,85),(4123,97,85),(4124,98,85),(4125,99,85),(4126,100,85),(4127,102,85),(4128,103,85),(4129,104,85),(4130,105,85),(4131,107,85),(4132,110,85),(4133,111,85),(4134,115,85),(4135,116,85),(4136,117,85),(4137,5,86),(4138,6,86),(4139,14,86),(4140,16,86),(4141,45,86),(4142,46,86),(4143,47,86),(4144,48,86),(4145,49,86),(4146,52,86),(4147,53,86),(4148,54,86),(4149,61,86),(4150,63,86),(4151,64,86),(4152,65,86),(4153,66,86),(4154,67,86),(4155,68,86),(4156,72,86),(4157,76,86),(4158,80,86),(4159,84,86),(4160,90,86),(4161,92,86),(4162,93,86),(4163,94,86),(4164,95,86),(4165,96,86),(4166,97,86),(4167,98,86),(4168,99,86),(4169,100,86),(4170,102,86),(4171,103,86),(4172,104,86),(4173,105,86),(4174,107,86),(4175,110,86),(4176,111,86),(4177,115,86),(4178,116,86),(4179,117,86),(4180,5,87),(4181,6,87),(4182,14,87),(4183,16,87),(4184,38,87),(4185,39,87),(4186,40,87),(4187,41,87),(4188,43,87),(4189,44,87),(4190,45,87),(4191,46,87),(4192,47,87),(4193,48,87),(4194,49,87),(4195,53,87),(4196,54,87),(4197,57,87),(4198,64,87),(4199,65,87),(4200,66,87),(4201,67,87),(4202,68,87),(4203,70,87),(4204,71,87),(4205,72,87),(4206,73,87),(4207,76,87),(4208,77,87),(4209,80,87),(4210,90,87),(4211,92,87),(4212,93,87),(4213,94,87),(4214,95,87),(4215,96,87),(4216,97,87),(4217,98,87),(4218,99,87),(4219,100,87),(4220,102,87),(4221,103,87),(4222,104,87),(4223,105,87),(4224,107,87),(4225,110,87),(4226,111,87),(4227,112,87),(4228,113,87),(4229,114,87),(4230,115,87),(4231,116,87),(4232,117,87),(4233,1,88),(4234,2,88),(4235,4,88),(4236,5,88),(4237,6,88),(4238,7,88),(4239,14,88),(4240,15,88),(4241,38,88),(4242,40,88),(4243,41,88),(4244,42,88),(4245,45,88),(4246,46,88),(4247,47,88),(4248,48,88),(4249,49,88),(4250,52,88),(4251,53,88),(4252,55,88),(4253,56,88),(4254,57,88),(4255,60,88),(4256,62,88),(4257,64,88),(4258,65,88),(4259,66,88),(4260,67,88),(4261,68,88),(4262,70,88),(4263,71,88),(4264,72,88),(4265,76,88),(4266,77,88),(4267,79,88),(4268,80,88),(4269,84,88),(4270,87,88),(4271,88,88),(4272,90,88),(4273,92,88),(4274,93,88),(4275,94,88),(4276,95,88),(4277,96,88),(4278,97,88),(4279,98,88),(4280,99,88),(4281,100,88),(4282,102,88),(4283,103,88),(4284,104,88),(4285,105,88),(4286,107,88),(4287,110,88),(4288,111,88),(4289,112,88),(4290,113,88),(4291,114,88),(4292,115,88),(4293,116,88),(4294,117,88),(4295,6,89),(4296,7,89),(4297,14,89),(4298,16,89),(4299,42,89),(4300,43,89),(4301,44,89),(4302,45,89),(4303,46,89),(4304,47,89),(4305,48,89),(4306,49,89),(4307,55,89),(4308,59,89),(4309,60,89),(4310,64,89),(4311,65,89),(4312,66,89),(4313,67,89),(4314,68,89),(4315,72,89),(4316,79,89),(4317,80,89),(4318,84,89),(4319,90,89),(4320,92,89),(4321,93,89),(4322,94,89),(4323,95,89),(4324,96,89),(4325,97,89),(4326,98,89),(4327,99,89),(4328,100,89),(4329,102,89),(4330,103,89),(4331,104,89),(4332,105,89),(4333,107,89),(4334,110,89),(4335,111,89),(4336,112,89),(4337,113,89),(4338,114,89),(4339,115,89),(4340,116,89),(4341,117,89),(4342,1,90),(4343,5,90),(4344,6,90),(4345,14,90),(4346,38,90),(4347,39,90),(4348,45,90),(4349,46,90),(4350,47,90),(4351,48,90),(4352,49,90),(4353,52,90),(4354,53,90),(4355,57,90),(4356,62,90),(4357,64,90),(4358,65,90),(4359,66,90),(4360,67,90),(4361,68,90),(4362,70,90),(4363,76,90),(4364,79,90),(4365,80,90),(4366,84,90),(4367,90,90),(4368,92,90),(4369,93,90),(4370,94,90),(4371,95,90),(4372,96,90),(4373,97,90),(4374,98,90),(4375,99,90),(4376,100,90),(4377,102,90),(4378,103,90),(4379,104,90),(4380,105,90),(4381,107,90),(4382,110,90),(4383,111,90),(4384,112,90),(4385,113,90),(4386,114,90),(4387,115,90),(4388,116,90),(4389,117,90),(4390,1,91),(4391,5,91),(4392,6,91),(4393,14,91),(4394,33,91),(4395,38,91),(4396,39,91),(4397,40,91),(4398,45,91),(4399,46,91),(4400,47,91),(4401,48,91),(4402,49,91),(4403,52,91),(4404,57,91),(4405,61,91),(4406,62,91),(4407,64,91),(4408,65,91),(4409,66,91),(4410,67,91),(4411,68,91),(4412,70,91),(4413,73,91),(4414,79,91),(4415,80,91),(4416,84,91),(4417,90,91),(4418,92,91),(4419,93,91),(4420,94,91),(4421,95,91),(4422,96,91),(4423,97,91),(4424,98,91),(4425,99,91),(4426,100,91),(4427,102,91),(4428,103,91),(4429,104,91),(4430,105,91),(4431,107,91),(4432,110,91),(4433,111,91),(4434,112,91),(4435,113,91),(4436,114,91),(4437,115,91),(4438,116,91),(4439,117,91),(4440,5,92),(4441,6,92),(4442,14,92),(4443,33,92),(4444,38,92),(4445,39,92),(4446,40,92),(4447,45,92),(4448,46,92),(4449,47,92),(4450,48,92),(4451,49,92),(4452,50,92),(4453,51,92),(4454,52,92),(4455,54,92),(4456,61,92),(4457,62,92),(4458,64,92),(4459,65,92),(4460,66,92),(4461,67,92),(4462,68,92),(4463,71,92),(4464,72,92),(4465,79,92),(4466,80,92),(4467,84,92),(4468,90,92),(4469,92,92),(4470,93,92),(4471,94,92),(4472,95,92),(4473,96,92),(4474,97,92),(4475,98,92),(4476,99,92),(4477,100,92),(4478,102,92),(4479,103,92),(4480,104,92),(4481,105,92),(4482,107,92),(4483,110,92),(4484,111,92),(4485,112,92),(4486,113,92),(4487,114,92),(4488,115,92),(4489,116,92),(4490,117,92),(4491,1,93),(4492,3,93),(4493,5,93),(4494,6,93),(4495,7,93),(4496,8,93),(4497,14,93),(4498,16,93),(4499,33,93),(4500,38,93),(4501,39,93),(4502,41,93),(4503,43,93),(4504,44,93),(4505,45,93),(4506,46,93),(4507,47,93),(4508,48,93),(4509,49,93),(4510,50,93),(4511,52,93),(4512,57,93),(4513,61,93),(4514,62,93),(4515,63,93),(4516,64,93),(4517,65,93),(4518,66,93),(4519,67,93),(4520,68,93),(4521,70,93),(4522,72,93),(4523,73,93),(4524,76,93),(4525,79,93),(4526,80,93),(4527,84,93),(4528,88,93),(4529,90,93),(4530,92,93),(4531,93,93),(4532,95,93),(4533,96,93),(4534,97,93),(4535,98,93),(4536,99,93),(4537,100,93),(4538,101,93),(4539,102,93),(4540,103,93),(4541,104,93),(4542,105,93),(4543,107,93),(4544,110,93),(4545,111,93),(4546,112,93),(4547,113,93),(4548,114,93),(4549,115,93),(4550,116,93),(4551,117,93),(4552,1,94),(4553,3,94),(4554,5,94),(4555,6,94),(4556,7,94),(4557,8,94),(4558,14,94),(4559,16,94),(4560,33,94),(4561,38,94),(4562,39,94),(4563,41,94),(4564,43,94),(4565,44,94),(4566,45,94),(4567,46,94),(4568,47,94),(4569,48,94),(4570,49,94),(4571,50,94),(4572,52,94),(4573,53,94),(4574,61,94),(4575,62,94),(4576,63,94),(4577,64,94),(4578,65,94),(4579,66,94),(4580,67,94),(4581,68,94),(4582,70,94),(4583,72,94),(4584,76,94),(4585,79,94),(4586,80,94),(4587,84,94),(4588,88,94),(4589,90,94),(4590,92,94),(4591,93,94),(4592,95,94),(4593,96,94),(4594,97,94),(4595,98,94),(4596,99,94),(4597,100,94),(4598,101,94),(4599,102,94),(4600,103,94),(4601,104,94),(4602,105,94),(4603,107,94),(4604,110,94),(4605,111,94),(4606,112,94),(4607,113,94),(4608,114,94),(4609,115,94),(4610,116,94),(4611,117,94),(4612,1,95),(4613,3,95),(4614,5,95),(4615,33,95),(4616,45,95),(4617,46,95),(4618,47,95),(4619,48,95),(4620,49,95),(4621,50,95),(4622,52,95),(4623,53,95),(4624,56,95),(4625,57,95),(4626,61,95),(4627,66,95),(4628,67,95),(4629,70,95),(4630,74,95),(4631,76,95),(4632,80,95),(4633,93,95),(4634,95,95),(4635,96,95),(4636,97,95),(4637,98,95),(4638,99,95),(4639,100,95),(4640,103,95),(4641,105,95),(4642,107,95),(4643,110,95),(4644,111,95),(4645,112,95),(4646,113,95),(4647,114,95),(4648,115,95),(4649,117,95),(4650,1,96),(4651,3,96),(4652,5,96),(4653,33,96),(4654,45,96),(4655,46,96),(4656,47,96),(4657,48,96),(4658,49,96),(4659,50,96),(4660,52,96),(4661,53,96),(4662,56,96),(4663,57,96),(4664,61,96),(4665,66,96),(4666,67,96),(4667,70,96),(4668,74,96),(4669,76,96),(4670,80,96),(4671,93,96),(4672,95,96),(4673,96,96),(4674,97,96),(4675,98,96),(4676,99,96),(4677,100,96),(4678,103,96),(4679,105,96),(4680,107,96),(4681,110,96),(4682,111,96),(4683,112,96),(4684,113,96),(4685,114,96),(4686,115,96),(4687,117,96),(4688,1,97),(4689,5,97),(4690,45,97),(4691,46,97),(4692,47,97),(4693,48,97),(4694,49,97),(4695,53,97),(4696,58,97),(4697,61,97),(4698,66,97),(4699,67,97),(4700,70,97),(4701,72,97),(4702,74,97),(4703,76,97),(4704,79,97),(4705,80,97),(4706,81,97),(4707,90,97),(4708,92,97),(4709,93,97),(4710,94,97),(4711,95,97),(4712,96,97),(4713,97,97),(4714,98,97),(4715,99,97),(4716,100,97),(4717,102,97),(4718,103,97),(4719,105,97),(4720,107,97),(4721,110,97),(4722,111,97),(4723,112,97),(4724,113,97),(4725,114,97),(4726,115,97),(4727,116,97),(4728,117,97),(4729,1,98),(4730,5,98),(4731,45,98),(4732,46,98),(4733,47,98),(4734,48,98),(4735,49,98),(4736,53,98),(4737,57,98),(4738,58,98),(4739,61,98),(4740,66,98),(4741,67,98),(4742,70,98),(4743,72,98),(4744,74,98),(4745,76,98),(4746,79,98),(4747,80,98),(4748,81,98),(4749,90,98),(4750,92,98),(4751,93,98),(4752,94,98),(4753,95,98),(4754,96,98),(4755,97,98),(4756,98,98),(4757,99,98),(4758,100,98),(4759,102,98),(4760,103,98),(4761,105,98),(4762,107,98),(4763,110,98),(4764,111,98),(4765,112,98),(4766,113,98),(4767,114,98),(4768,115,98),(4769,116,98),(4770,117,98),(4771,2,99),(4772,5,99),(4773,45,99),(4774,46,99),(4775,47,99),(4776,48,99),(4777,49,99),(4778,53,99),(4779,58,99),(4780,66,99),(4781,67,99),(4782,71,99),(4783,72,99),(4784,74,99),(4785,76,99),(4786,79,99),(4787,80,99),(4788,81,99),(4789,90,99),(4790,92,99),(4791,93,99),(4792,94,99),(4793,95,99),(4794,96,99),(4795,97,99),(4796,98,99),(4797,99,99),(4798,100,99),(4799,102,99),(4800,103,99),(4801,105,99),(4802,107,99),(4803,110,99),(4804,111,99),(4805,112,99),(4806,113,99),(4807,114,99),(4808,115,99),(4809,116,99),(4810,117,99),(4811,1,100),(4812,5,100),(4813,45,100),(4814,46,100),(4815,47,100),(4816,48,100),(4817,49,100),(4818,53,100),(4819,57,100),(4820,58,100),(4821,61,100),(4822,66,100),(4823,67,100),(4824,70,100),(4825,72,100),(4826,74,100),(4827,76,100),(4828,79,100),(4829,80,100),(4830,81,100),(4831,90,100),(4832,92,100),(4833,93,100),(4834,94,100),(4835,95,100),(4836,96,100),(4837,97,100),(4838,98,100),(4839,99,100),(4840,100,100),(4841,102,100),(4842,103,100),(4843,105,100),(4844,107,100),(4845,110,100),(4846,111,100),(4847,112,100),(4848,113,100),(4849,114,100),(4850,115,100),(4851,116,100),(4852,117,100),(4853,1,101),(4854,3,101),(4855,5,101),(4856,42,101),(4857,45,101),(4858,46,101),(4859,47,101),(4860,48,101),(4861,49,101),(4862,53,101),(4863,57,101),(4864,58,101),(4865,66,101),(4866,67,101),(4867,70,101),(4868,71,101),(4869,72,101),(4870,74,101),(4871,76,101),(4872,77,101),(4873,79,101),(4874,80,101),(4875,81,101),(4876,90,101),(4877,92,101),(4878,93,101),(4879,94,101),(4880,95,101),(4881,96,101),(4882,97,101),(4883,98,101),(4884,99,101),(4885,100,101),(4886,102,101),(4887,103,101),(4888,105,101),(4889,107,101),(4890,110,101),(4891,111,101),(4892,112,101),(4893,113,101),(4894,114,101),(4895,115,101),(4896,116,101),(4897,117,101),(4898,1,102),(4899,3,102),(4900,5,102),(4901,42,102),(4902,45,102),(4903,46,102),(4904,47,102),(4905,48,102),(4906,49,102),(4907,53,102),(4908,57,102),(4909,58,102),(4910,66,102),(4911,67,102),(4912,70,102),(4913,71,102),(4914,72,102),(4915,74,102),(4916,76,102),(4917,77,102),(4918,79,102),(4919,80,102),(4920,81,102),(4921,90,102),(4922,92,102),(4923,93,102),(4924,94,102),(4925,95,102),(4926,96,102),(4927,97,102),(4928,98,102),(4929,99,102),(4930,100,102),(4931,102,102),(4932,103,102),(4933,105,102),(4934,107,102),(4935,110,102),(4936,111,102),(4937,112,102),(4938,113,102),(4939,114,102),(4940,115,102),(4941,116,102),(4942,117,102),(4943,1,103),(4944,3,103),(4945,5,103),(4946,42,103),(4947,45,103),(4948,46,103),(4949,47,103),(4950,48,103),(4951,49,103),(4952,53,103),(4953,57,103),(4954,58,103),(4955,66,103),(4956,67,103),(4957,70,103),(4958,71,103),(4959,72,103),(4960,74,103),(4961,76,103),(4962,77,103),(4963,79,103),(4964,80,103),(4965,81,103),(4966,90,103),(4967,92,103),(4968,93,103),(4969,94,103),(4970,95,103),(4971,96,103),(4972,97,103),(4973,98,103),(4974,99,103),(4975,100,103),(4976,102,103),(4977,103,103),(4978,105,103),(4979,107,103),(4980,110,103),(4981,111,103),(4982,112,103),(4983,113,103),(4984,114,103),(4985,115,103),(4986,116,103),(4987,117,103),(4988,1,104),(4989,5,104),(4990,31,104),(4991,32,104),(4992,45,104),(4993,46,104),(4994,47,104),(4995,48,104),(4996,49,104),(4997,53,104),(4998,58,104),(4999,61,104),(5000,66,104),(5001,67,104),(5002,70,104),(5003,72,104),(5004,74,104),(5005,76,104),(5006,79,104),(5007,80,104),(5008,81,104),(5009,90,104),(5010,92,104),(5011,93,104),(5012,94,104),(5013,95,104),(5014,96,104),(5015,97,104),(5016,98,104),(5017,99,104),(5018,100,104),(5019,102,104),(5020,103,104),(5021,105,104),(5022,107,104),(5023,110,104),(5024,111,104),(5025,112,104),(5026,113,104),(5027,114,104),(5028,115,104),(5029,116,104),(5030,117,104),(5031,1,105),(5032,5,105),(5033,45,105),(5034,46,105),(5035,47,105),(5036,48,105),(5037,49,105),(5038,53,105),(5039,58,105),(5040,61,105),(5041,66,105),(5042,67,105),(5043,70,105),(5044,72,105),(5045,74,105),(5046,76,105),(5047,79,105),(5048,80,105),(5049,81,105),(5050,90,105),(5051,92,105),(5052,93,105),(5053,94,105),(5054,95,105),(5055,96,105),(5056,97,105),(5057,98,105),(5058,99,105),(5059,100,105),(5060,102,105),(5061,103,105),(5062,105,105),(5063,107,105),(5064,110,105),(5065,111,105),(5066,112,105),(5067,113,105),(5068,114,105),(5069,115,105),(5070,116,105),(5071,117,105),(5072,5,106),(5073,31,106),(5074,39,106),(5075,41,106),(5076,45,106),(5077,46,106),(5078,47,106),(5079,48,106),(5080,49,106),(5081,53,106),(5082,70,106),(5083,71,106),(5084,74,106),(5085,76,106),(5086,80,106),(5087,81,106),(5088,93,106),(5089,95,106),(5090,96,106),(5091,97,106),(5092,98,106),(5093,99,106),(5094,100,106),(5095,103,106),(5096,105,106),(5097,107,106),(5098,110,106),(5099,111,106),(5100,117,106),(5101,5,107),(5102,31,107),(5103,39,107),(5104,41,107),(5105,45,107),(5106,46,107),(5107,47,107),(5108,48,107),(5109,49,107),(5110,53,107),(5111,70,107),(5112,71,107),(5113,74,107),(5114,76,107),(5115,80,107),(5116,81,107),(5117,93,107),(5118,95,107),(5119,96,107),(5120,97,107),(5121,98,107),(5122,99,107),(5123,100,107),(5124,103,107),(5125,105,107),(5126,107,107),(5127,110,107),(5128,111,107),(5129,117,107),(5130,1,108),(5131,5,108),(5132,31,108),(5133,32,108),(5134,45,108),(5135,46,108),(5136,47,108),(5137,48,108),(5138,49,108),(5139,53,108),(5140,70,108),(5141,72,108),(5142,74,108),(5143,76,108),(5144,80,108),(5145,81,108),(5146,93,108),(5147,95,108),(5148,96,108),(5149,97,108),(5150,98,108),(5151,99,108),(5152,100,108),(5153,103,108),(5154,105,108),(5155,107,108),(5156,110,108),(5157,111,108),(5158,116,108),(5159,117,108),(5160,1,109),(5161,5,109),(5162,31,109),(5163,32,109),(5164,45,109),(5165,46,109),(5166,47,109),(5167,48,109),(5168,49,109),(5169,53,109),(5170,70,109),(5171,72,109),(5172,74,109),(5173,76,109),(5174,80,109),(5175,81,109),(5176,93,109),(5177,95,109),(5178,96,109),(5179,97,109),(5180,98,109),(5181,99,109),(5182,100,109),(5183,103,109),(5184,105,109),(5185,107,109),(5186,110,109),(5187,111,109),(5188,116,109),(5189,117,109),(5190,1,110),(5191,5,110),(5192,31,110),(5193,32,110),(5194,45,110),(5195,46,110),(5196,47,110),(5197,48,110),(5198,49,110),(5199,53,110),(5200,70,110),(5201,72,110),(5202,74,110),(5203,76,110),(5204,80,110),(5205,81,110),(5206,93,110),(5207,95,110),(5208,96,110),(5209,97,110),(5210,98,110),(5211,99,110),(5212,100,110),(5213,103,110),(5214,105,110),(5215,107,110),(5216,110,110),(5217,111,110),(5218,116,110),(5219,117,110),(5220,3,111),(5221,5,111),(5222,6,111),(5223,7,111),(5224,14,111),(5225,15,111),(5226,38,111),(5227,40,111),(5228,41,111),(5229,43,111),(5230,45,111),(5231,46,111),(5232,47,111),(5233,48,111),(5234,49,111),(5235,50,111),(5236,51,111),(5237,54,111),(5238,64,111),(5239,65,111),(5240,66,111),(5241,67,111),(5242,69,111),(5243,72,111),(5244,75,111),(5245,76,111),(5246,77,111),(5247,78,111),(5248,79,111),(5249,80,111),(5250,81,111),(5251,82,111),(5252,88,111),(5253,89,111),(5254,90,111),(5255,92,111),(5256,93,111),(5257,94,111),(5258,95,111),(5259,96,111),(5260,97,111),(5261,98,111),(5262,99,111),(5263,100,111),(5264,101,111),(5265,102,111),(5266,103,111),(5267,104,111),(5268,105,111),(5269,106,111),(5270,107,111),(5271,108,111),(5272,109,111),(5273,110,111),(5274,111,111),(5275,112,111),(5276,113,111),(5277,114,111),(5278,115,111),(5279,116,111),(5280,117,111),(5281,3,112),(5282,5,112),(5283,6,112),(5284,7,112),(5285,14,112),(5286,15,112),(5287,40,112),(5288,45,112),(5289,46,112),(5290,47,112),(5291,48,112),(5292,49,112),(5293,50,112),(5294,51,112),(5295,54,112),(5296,64,112),(5297,65,112),(5298,66,112),(5299,67,112),(5300,69,112),(5301,72,112),(5302,75,112),(5303,76,112),(5304,77,112),(5305,78,112),(5306,79,112),(5307,80,112),(5308,81,112),(5309,82,112),(5310,88,112),(5311,89,112),(5312,90,112),(5313,92,112),(5314,93,112),(5315,94,112),(5316,95,112),(5317,96,112),(5318,97,112),(5319,98,112),(5320,99,112),(5321,100,112),(5322,101,112),(5323,102,112),(5324,103,112),(5325,104,112),(5326,105,112),(5327,106,112),(5328,107,112),(5329,108,112),(5330,109,112),(5331,110,112),(5332,111,112),(5333,112,112),(5334,113,112),(5335,114,112),(5336,115,112),(5337,116,112),(5338,117,112),(5339,3,113),(5340,5,113),(5341,6,113),(5342,7,113),(5343,14,113),(5344,15,113),(5345,38,113),(5346,40,113),(5347,41,113),(5348,42,113),(5349,43,113),(5350,45,113),(5351,46,113),(5352,47,113),(5353,48,113),(5354,49,113),(5355,50,113),(5356,51,113),(5357,54,113),(5358,56,113),(5359,64,113),(5360,65,113),(5361,66,113),(5362,67,113),(5363,69,113),(5364,72,113),(5365,75,113),(5366,76,113),(5367,77,113),(5368,78,113),(5369,79,113),(5370,80,113),(5371,81,113),(5372,82,113),(5373,88,113),(5374,89,113),(5375,90,113),(5376,92,113),(5377,93,113),(5378,94,113),(5379,95,113),(5380,96,113),(5381,97,113),(5382,98,113),(5383,99,113),(5384,100,113),(5385,101,113),(5386,102,113),(5387,103,113),(5388,104,113),(5389,105,113),(5390,106,113),(5391,107,113),(5392,108,113),(5393,109,113),(5394,110,113),(5395,111,113),(5396,112,113),(5397,113,113),(5398,114,113),(5399,115,113),(5400,116,113),(5401,117,113),(5402,5,114),(5403,6,114),(5404,7,114),(5405,14,114),(5406,15,114),(5407,38,114),(5408,40,114),(5409,41,114),(5410,43,114),(5411,44,114),(5412,45,114),(5413,46,114),(5414,47,114),(5415,48,114),(5416,49,114),(5417,64,114),(5418,65,114),(5419,66,114),(5420,67,114),(5421,68,114),(5422,69,114),(5423,72,114),(5424,75,114),(5425,78,114),(5426,79,114),(5427,80,114),(5428,82,114),(5429,85,114),(5430,86,114),(5431,87,114),(5432,88,114),(5433,89,114),(5434,90,114),(5435,92,114),(5436,93,114),(5437,94,114),(5438,95,114),(5439,96,114),(5440,97,114),(5441,98,114),(5442,99,114),(5443,100,114),(5444,101,114),(5445,102,114),(5446,103,114),(5447,104,114),(5448,105,114),(5449,106,114),(5450,107,114),(5451,108,114),(5452,109,114),(5453,110,114),(5454,111,114),(5455,112,114),(5456,113,114),(5457,114,114),(5458,115,114),(5459,116,114),(5460,117,114),(5461,3,115),(5462,6,115),(5463,14,115),(5464,15,115),(5465,42,115),(5466,45,115),(5467,46,115),(5468,47,115),(5469,48,115),(5470,49,115),(5471,64,115),(5472,65,115),(5473,72,115),(5474,75,115),(5475,78,115),(5476,80,115),(5477,82,115),(5478,88,115),(5479,92,115),(5480,93,115),(5481,94,115),(5482,100,115),(5483,106,115),(5484,107,115),(5485,108,115),(5486,109,115),(5487,110,115),(5488,111,115),(5489,117,115),(5490,3,116),(5491,6,116),(5492,14,116),(5493,15,116),(5494,42,116),(5495,45,116),(5496,46,116),(5497,47,116),(5498,48,116),(5499,49,116),(5500,64,116),(5501,65,116),(5502,72,116),(5503,75,116),(5504,78,116),(5505,80,116),(5506,81,116),(5507,82,116),(5508,85,116),(5509,86,116),(5510,88,116),(5511,89,116),(5512,92,116),(5513,93,116),(5514,94,116),(5515,100,116),(5516,106,116),(5517,107,116),(5518,108,116),(5519,109,116),(5520,110,116),(5521,111,116),(5522,115,116),(5523,116,116),(5524,117,116),(5525,1,117),(5526,3,117),(5527,5,117),(5528,6,117),(5529,14,117),(5530,15,117),(5531,39,117),(5532,42,117),(5533,45,117),(5534,46,117),(5535,47,117),(5536,48,117),(5537,49,117),(5538,53,117),(5539,56,117),(5540,64,117),(5541,65,117),(5542,66,117),(5543,67,117),(5544,69,117),(5545,72,117),(5546,74,117),(5547,75,117),(5548,76,117),(5549,77,117),(5550,78,117),(5551,79,117),(5552,80,117),(5553,81,117),(5554,82,117),(5555,84,117),(5556,87,117),(5557,88,117),(5558,89,117),(5559,90,117),(5560,92,117),(5561,93,117),(5562,94,117),(5563,95,117),(5564,96,117),(5565,97,117),(5566,98,117),(5567,99,117),(5568,100,117),(5569,102,117),(5570,103,117),(5571,104,117),(5572,105,117),(5573,106,117),(5574,107,117),(5575,108,117),(5576,109,117),(5577,110,117),(5578,111,117),(5579,112,117),(5580,113,117),(5581,114,117),(5582,115,117),(5583,116,117),(5584,117,117),(5585,2,118),(5586,3,118),(5587,5,118),(5588,6,118),(5589,14,118),(5590,15,118),(5591,40,118),(5592,42,118),(5593,45,118),(5594,46,118),(5595,47,118),(5596,48,118),(5597,49,118),(5598,53,118),(5599,56,118),(5600,64,118),(5601,65,118),(5602,66,118),(5603,67,118),(5604,69,118),(5605,72,118),(5606,74,118),(5607,76,118),(5608,77,118),(5609,78,118),(5610,79,118),(5611,80,118),(5612,81,118),(5613,82,118),(5614,83,118),(5615,84,118),(5616,87,118),(5617,88,118),(5618,89,118),(5619,90,118),(5620,92,118),(5621,93,118),(5622,94,118),(5623,95,118),(5624,96,118),(5625,97,118),(5626,98,118),(5627,99,118),(5628,100,118),(5629,102,118),(5630,103,118),(5631,104,118),(5632,105,118),(5633,106,118),(5634,107,118),(5635,108,118),(5636,109,118),(5637,110,118),(5638,111,118),(5639,112,118),(5640,113,118),(5641,114,118),(5642,115,118),(5643,116,118),(5644,117,118),(5645,1,119),(5646,2,119),(5647,3,119),(5648,5,119),(5649,6,119),(5650,14,119),(5651,15,119),(5652,39,119),(5653,40,119),(5654,42,119),(5655,45,119),(5656,46,119),(5657,47,119),(5658,48,119),(5659,49,119),(5660,53,119),(5661,56,119),(5662,64,119),(5663,65,119),(5664,66,119),(5665,67,119),(5666,69,119),(5667,72,119),(5668,74,119),(5669,75,119),(5670,76,119),(5671,77,119),(5672,78,119),(5673,79,119),(5674,80,119),(5675,81,119),(5676,82,119),(5677,83,119),(5678,84,119),(5679,87,119),(5680,88,119),(5681,89,119),(5682,90,119),(5683,92,119),(5684,93,119),(5685,94,119),(5686,95,119),(5687,96,119),(5688,97,119),(5689,98,119),(5690,99,119),(5691,100,119),(5692,102,119),(5693,103,119),(5694,104,119),(5695,105,119),(5696,106,119),(5697,107,119),(5698,108,119),(5699,109,119),(5700,110,119),(5701,111,119),(5702,112,119),(5703,113,119),(5704,114,119),(5705,115,119),(5706,116,119),(5707,117,119),(5708,1,120),(5709,2,120),(5710,5,120),(5711,6,120),(5712,14,120),(5713,15,120),(5714,33,120),(5715,38,120),(5716,39,120),(5717,40,120),(5718,42,120),(5719,43,120),(5720,45,120),(5721,46,120),(5722,47,120),(5723,48,120),(5724,49,120),(5725,50,120),(5726,54,120),(5727,55,120),(5728,56,120),(5729,60,120),(5730,61,120),(5731,64,120),(5732,65,120),(5733,66,120),(5734,67,120),(5735,68,120),(5736,69,120),(5737,72,120),(5738,74,120),(5739,75,120),(5740,76,120),(5741,77,120),(5742,78,120),(5743,79,120),(5744,80,120),(5745,81,120),(5746,82,120),(5747,83,120),(5748,84,120),(5749,87,120),(5750,88,120),(5751,89,120),(5752,92,120),(5753,93,120),(5754,94,120),(5755,95,120),(5756,96,120),(5757,97,120),(5758,98,120),(5759,99,120),(5760,100,120),(5761,101,120),(5762,102,120),(5763,103,120),(5764,104,120),(5765,105,120),(5766,106,120),(5767,107,120),(5768,108,120),(5769,109,120),(5770,110,120),(5771,111,120),(5772,112,120),(5773,113,120),(5774,114,120),(5775,115,120),(5776,116,120),(5777,117,120),(5778,2,121),(5779,3,121),(5780,5,121),(5781,6,121),(5782,14,121),(5783,15,121),(5784,40,121),(5785,45,121),(5786,46,121),(5787,47,121),(5788,48,121),(5789,49,121),(5790,55,121),(5791,60,121),(5792,64,121),(5793,65,121),(5794,66,121),(5795,67,121),(5796,68,121),(5797,69,121),(5798,72,121),(5799,74,121),(5800,75,121),(5801,76,121),(5802,77,121),(5803,78,121),(5804,79,121),(5805,80,121),(5806,81,121),(5807,82,121),(5808,83,121),(5809,84,121),(5810,87,121),(5811,88,121),(5812,89,121),(5813,92,121),(5814,93,121),(5815,94,121),(5816,95,121),(5817,96,121),(5818,97,121),(5819,98,121),(5820,99,121),(5821,100,121),(5822,101,121),(5823,102,121),(5824,103,121),(5825,104,121),(5826,105,121),(5827,106,121),(5828,107,121),(5829,108,121),(5830,109,121),(5831,110,121),(5832,111,121),(5833,112,121),(5834,113,121),(5835,114,121),(5836,115,121),(5837,116,121),(5838,117,121),(5839,2,122),(5840,3,122),(5841,5,122),(5842,6,122),(5843,14,122),(5844,15,122),(5845,38,122),(5846,40,122),(5847,43,122),(5848,44,122),(5849,45,122),(5850,46,122),(5851,47,122),(5852,48,122),(5853,49,122),(5854,55,122),(5855,60,122),(5856,64,122),(5857,65,122),(5858,66,122),(5859,67,122),(5860,68,122),(5861,69,122),(5862,72,122),(5863,74,122),(5864,75,122),(5865,76,122),(5866,77,122),(5867,78,122),(5868,79,122),(5869,80,122),(5870,81,122),(5871,82,122),(5872,83,122),(5873,84,122),(5874,87,122),(5875,88,122),(5876,89,122),(5877,92,122),(5878,93,122),(5879,94,122),(5880,95,122),(5881,96,122),(5882,97,122),(5883,98,122),(5884,99,122),(5885,100,122),(5886,101,122),(5887,102,122),(5888,103,122),(5889,104,122),(5890,105,122),(5891,106,122),(5892,107,122),(5893,108,122),(5894,109,122),(5895,110,122),(5896,111,122),(5897,112,122),(5898,113,122),(5899,114,122),(5900,115,122),(5901,116,122),(5902,117,122),(5903,2,123),(5904,3,123),(5905,5,123),(5906,6,123),(5907,14,123),(5908,15,123),(5909,38,123),(5910,39,123),(5911,40,123),(5912,42,123),(5913,43,123),(5914,44,123),(5915,45,123),(5916,46,123),(5917,47,123),(5918,48,123),(5919,49,123),(5920,53,123),(5921,55,123),(5922,56,123),(5923,60,123),(5924,64,123),(5925,65,123),(5926,66,123),(5927,67,123),(5928,68,123),(5929,69,123),(5930,72,123),(5931,74,123),(5932,75,123),(5933,76,123),(5934,77,123),(5935,78,123),(5936,79,123),(5937,80,123),(5938,81,123),(5939,82,123),(5940,83,123),(5941,84,123),(5942,85,123),(5943,87,123),(5944,88,123),(5945,89,123),(5946,92,123),(5947,93,123),(5948,94,123),(5949,95,123),(5950,96,123),(5951,97,123),(5952,98,123),(5953,99,123),(5954,100,123),(5955,101,123),(5956,102,123),(5957,103,123),(5958,104,123),(5959,105,123),(5960,106,123),(5961,107,123),(5962,108,123),(5963,109,123),(5964,110,123),(5965,111,123),(5966,112,123),(5967,113,123),(5968,114,123),(5969,115,123),(5970,116,123),(5971,117,123),(5972,2,124),(5973,3,124),(5974,5,124),(5975,6,124),(5976,14,124),(5977,15,124),(5978,38,124),(5979,39,124),(5980,40,124),(5981,42,124),(5982,43,124),(5983,44,124),(5984,45,124),(5985,46,124),(5986,47,124),(5987,48,124),(5988,49,124),(5989,53,124),(5990,55,124),(5991,56,124),(5992,60,124),(5993,64,124),(5994,65,124),(5995,66,124),(5996,67,124),(5997,68,124),(5998,69,124),(5999,72,124),(6000,74,124),(6001,75,124),(6002,76,124),(6003,77,124),(6004,78,124),(6005,79,124),(6006,80,124),(6007,81,124),(6008,82,124),(6009,83,124),(6010,84,124),(6011,85,124),(6012,87,124),(6013,88,124),(6014,89,124),(6015,92,124),(6016,93,124),(6017,94,124),(6018,95,124),(6019,96,124),(6020,97,124),(6021,98,124),(6022,99,124),(6023,100,124),(6024,101,124),(6025,102,124),(6026,103,124),(6027,104,124),(6028,105,124),(6029,106,124),(6030,107,124),(6031,108,124),(6032,109,124),(6033,110,124),(6034,111,124),(6035,112,124),(6036,113,124),(6037,114,124),(6038,115,124),(6039,116,124),(6040,117,124),(6041,2,125),(6042,3,125),(6043,5,125),(6044,6,125),(6045,7,125),(6046,14,125),(6047,15,125),(6048,33,125),(6049,38,125),(6050,40,125),(6051,42,125),(6052,43,125),(6053,44,125),(6054,45,125),(6055,46,125),(6056,47,125),(6057,48,125),(6058,49,125),(6059,50,125),(6060,53,125),(6061,54,125),(6062,55,125),(6063,60,125),(6064,61,125),(6065,64,125),(6066,65,125),(6067,66,125),(6068,67,125),(6069,68,125),(6070,69,125),(6071,72,125),(6072,74,125),(6073,75,125),(6074,76,125),(6075,77,125),(6076,78,125),(6077,79,125),(6078,80,125),(6079,81,125),(6080,82,125),(6081,84,125),(6082,86,125),(6083,87,125),(6084,88,125),(6085,89,125),(6086,92,125),(6087,93,125),(6088,94,125),(6089,95,125),(6090,96,125),(6091,97,125),(6092,98,125),(6093,99,125),(6094,100,125),(6095,101,125),(6096,102,125),(6097,103,125),(6098,104,125),(6099,105,125),(6100,106,125),(6101,107,125),(6102,108,125),(6103,109,125),(6104,110,125),(6105,111,125),(6106,112,125),(6107,113,125),(6108,114,125),(6109,115,125),(6110,116,125),(6111,117,125),(6112,2,126),(6113,3,126),(6114,5,126),(6115,6,126),(6116,7,126),(6117,14,126),(6118,15,126),(6119,33,126),(6120,38,126),(6121,40,126),(6122,42,126),(6123,43,126),(6124,44,126),(6125,45,126),(6126,46,126),(6127,47,126),(6128,48,126),(6129,49,126),(6130,50,126),(6131,54,126),(6132,55,126),(6133,60,126),(6134,61,126),(6135,64,126),(6136,65,126),(6137,66,126),(6138,67,126),(6139,68,126),(6140,69,126),(6141,72,126),(6142,74,126),(6143,75,126),(6144,76,126),(6145,77,126),(6146,78,126),(6147,79,126),(6148,80,126),(6149,81,126),(6150,82,126),(6151,86,126),(6152,88,126),(6153,92,126),(6154,93,126),(6155,94,126),(6156,95,126),(6157,96,126),(6158,97,126),(6159,98,126),(6160,99,126),(6161,100,126),(6162,101,126),(6163,102,126),(6164,103,126),(6165,104,126),(6166,105,126),(6167,106,126),(6168,107,126),(6169,108,126),(6170,109,126),(6171,110,126),(6172,111,126),(6173,112,126),(6174,113,126),(6175,114,126),(6176,115,126),(6177,116,126),(6178,117,126),(6179,5,127),(6180,6,127),(6181,14,127),(6182,15,127),(6183,38,127),(6184,40,127),(6185,41,127),(6186,42,127),(6187,43,127),(6188,44,127),(6189,45,127),(6190,46,127),(6191,47,127),(6192,48,127),(6193,49,127),(6194,56,127),(6195,60,127),(6196,64,127),(6197,65,127),(6198,66,127),(6199,67,127),(6200,68,127),(6201,69,127),(6202,71,127),(6203,72,127),(6204,75,127),(6205,78,127),(6206,80,127),(6207,82,127),(6208,84,127),(6209,87,127),(6210,88,127),(6211,92,127),(6212,93,127),(6213,94,127),(6214,95,127),(6215,96,127),(6216,97,127),(6217,98,127),(6218,99,127),(6219,100,127),(6220,101,127),(6221,102,127),(6222,103,127),(6223,104,127),(6224,105,127),(6225,106,127),(6226,107,127),(6227,108,127),(6228,109,127),(6229,110,127),(6230,111,127),(6231,112,127),(6232,113,127),(6233,114,127),(6234,115,127),(6235,116,127),(6236,117,127),(6237,2,128),(6238,3,128),(6239,5,128),(6240,6,128),(6241,14,128),(6242,15,128),(6243,38,128),(6244,40,128),(6245,42,128),(6246,45,128),(6247,46,128),(6248,47,128),(6249,48,128),(6250,49,128),(6251,55,128),(6252,56,128),(6253,60,128),(6254,64,128),(6255,65,128),(6256,66,128),(6257,67,128),(6258,68,128),(6259,69,128),(6260,72,128),(6261,74,128),(6262,75,128),(6263,76,128),(6264,77,128),(6265,78,128),(6266,79,128),(6267,80,128),(6268,81,128),(6269,82,128),(6270,85,128),(6271,87,128),(6272,88,128),(6273,89,128),(6274,90,128),(6275,92,128),(6276,93,128),(6277,94,128),(6278,95,128),(6279,96,128),(6280,97,128),(6281,98,128),(6282,99,128),(6283,100,128),(6284,101,128),(6285,102,128),(6286,103,128),(6287,104,128),(6288,105,128),(6289,106,128),(6290,107,128),(6291,108,128),(6292,109,128),(6293,110,128),(6294,111,128),(6295,112,128),(6296,113,128),(6297,114,128),(6298,115,128),(6299,116,128),(6300,117,128),(6301,2,129),(6302,5,129),(6303,6,129),(6304,7,129),(6305,14,129),(6306,15,129),(6307,33,129),(6308,38,129),(6309,40,129),(6310,42,129),(6311,43,129),(6312,44,129),(6313,45,129),(6314,46,129),(6315,47,129),(6316,48,129),(6317,49,129),(6318,50,129),(6319,54,129),(6320,55,129),(6321,56,129),(6322,60,129),(6323,64,129),(6324,65,129),(6325,66,129),(6326,67,129),(6327,68,129),(6328,69,129),(6329,72,129),(6330,74,129),(6331,75,129),(6332,76,129),(6333,77,129),(6334,78,129),(6335,79,129),(6336,80,129),(6337,81,129),(6338,82,129),(6339,85,129),(6340,87,129),(6341,88,129),(6342,89,129),(6343,92,129),(6344,93,129),(6345,94,129),(6346,95,129),(6347,96,129),(6348,97,129),(6349,98,129),(6350,99,129),(6351,100,129),(6352,101,129),(6353,102,129),(6354,103,129),(6355,104,129),(6356,105,129),(6357,106,129),(6358,107,129),(6359,108,129),(6360,109,129),(6361,110,129),(6362,111,129),(6363,112,129),(6364,113,129),(6365,114,129),(6366,115,129),(6367,116,129),(6368,117,129),(6369,1,130),(6370,2,130),(6371,5,130),(6372,6,130),(6373,14,130),(6374,15,130),(6375,38,130),(6376,39,130),(6377,40,130),(6378,42,130),(6379,45,130),(6380,46,130),(6381,47,130),(6382,48,130),(6383,49,130),(6384,56,130),(6385,60,130),(6386,61,130),(6387,64,130),(6388,65,130),(6389,66,130),(6390,67,130),(6391,68,130),(6392,69,130),(6393,71,130),(6394,72,130),(6395,75,130),(6396,76,130),(6397,77,130),(6398,78,130),(6399,79,130),(6400,80,130),(6401,81,130),(6402,82,130),(6403,83,130),(6404,84,130),(6405,85,130),(6406,87,130),(6407,88,130),(6408,89,130),(6409,90,130),(6410,92,130),(6411,93,130),(6412,94,130),(6413,95,130),(6414,96,130),(6415,97,130),(6416,98,130),(6417,99,130),(6418,100,130),(6419,101,130),(6420,102,130),(6421,103,130),(6422,104,130),(6423,105,130),(6424,106,130),(6425,107,130),(6426,108,130),(6427,109,130),(6428,110,130),(6429,111,130),(6430,112,130),(6431,113,130),(6432,114,130),(6433,115,130),(6434,116,130),(6435,117,130),(6436,2,131),(6437,5,131),(6438,6,131),(6439,7,131),(6440,14,131),(6441,15,131),(6442,38,131),(6443,40,131),(6444,42,131),(6445,43,131),(6446,44,131),(6447,45,131),(6448,46,131),(6449,47,131),(6450,48,131),(6451,49,131),(6452,50,131),(6453,54,131),(6454,55,131),(6455,56,131),(6456,60,131),(6457,64,131),(6458,65,131),(6459,66,131),(6460,67,131),(6461,68,131),(6462,69,131),(6463,72,131),(6464,74,131),(6465,75,131),(6466,76,131),(6467,77,131),(6468,78,131),(6469,79,131),(6470,80,131),(6471,81,131),(6472,82,131),(6473,85,131),(6474,87,131),(6475,88,131),(6476,89,131),(6477,90,131),(6478,92,131),(6479,93,131),(6480,94,131),(6481,95,131),(6482,96,131),(6483,97,131),(6484,98,131),(6485,99,131),(6486,100,131),(6487,101,131),(6488,102,131),(6489,103,131),(6490,104,131),(6491,105,131),(6492,106,131),(6493,107,131),(6494,108,131),(6495,109,131),(6496,110,131),(6497,111,131),(6498,112,131),(6499,113,131),(6500,114,131),(6501,115,131),(6502,116,131),(6503,117,131),(6504,2,132),(6505,3,132),(6506,5,132),(6507,6,132),(6508,7,132),(6509,14,132),(6510,15,132),(6511,33,132),(6512,38,132),(6513,40,132),(6514,42,132),(6515,43,132),(6516,44,132),(6517,45,132),(6518,46,132),(6519,47,132),(6520,48,132),(6521,49,132),(6522,50,132),(6523,54,132),(6524,56,132),(6525,60,132),(6526,61,132),(6527,64,132),(6528,65,132),(6529,66,132),(6530,67,132),(6531,68,132),(6532,69,132),(6533,72,132),(6534,74,132),(6535,75,132),(6536,76,132),(6537,77,132),(6538,78,132),(6539,79,132),(6540,80,132),(6541,81,132),(6542,82,132),(6543,83,132),(6544,85,132),(6545,87,132),(6546,88,132),(6547,89,132),(6548,90,132),(6549,92,132),(6550,93,132),(6551,94,132),(6552,95,132),(6553,96,132),(6554,97,132),(6555,98,132),(6556,99,132),(6557,100,132),(6558,101,132),(6559,102,132),(6560,103,132),(6561,104,132),(6562,105,132),(6563,106,132),(6564,107,132),(6565,108,132),(6566,109,132),(6567,110,132),(6568,111,132),(6569,112,132),(6570,113,132),(6571,114,132),(6572,115,132),(6573,116,132),(6574,117,132),(6575,3,133),(6576,5,133),(6577,6,133),(6578,7,133),(6579,14,133),(6580,15,133),(6581,16,133),(6582,38,133),(6583,40,133),(6584,41,133),(6585,43,133),(6586,44,133),(6587,45,133),(6588,46,133),(6589,47,133),(6590,48,133),(6591,49,133),(6592,54,133),(6593,55,133),(6594,64,133),(6595,65,133),(6596,66,133),(6597,67,133),(6598,68,133),(6599,69,133),(6600,71,133),(6601,72,133),(6602,75,133),(6603,78,133),(6604,79,133),(6605,80,133),(6606,82,133),(6607,84,133),(6608,87,133),(6609,88,133),(6610,89,133),(6611,90,133),(6612,92,133),(6613,93,133),(6614,94,133),(6615,95,133),(6616,96,133),(6617,97,133),(6618,98,133),(6619,99,133),(6620,100,133),(6621,101,133),(6622,102,133),(6623,103,133),(6624,104,133),(6625,105,133),(6626,106,133),(6627,107,133),(6628,108,133),(6629,109,133),(6630,110,133),(6631,111,133),(6632,112,133),(6633,113,133),(6634,114,133),(6635,115,133),(6636,116,133),(6637,117,133),(6638,3,134),(6639,5,134),(6640,6,134),(6641,7,134),(6642,14,134),(6643,15,134),(6644,16,134),(6645,38,134),(6646,40,134),(6647,41,134),(6648,43,134),(6649,44,134),(6650,45,134),(6651,46,134),(6652,47,134),(6653,48,134),(6654,49,134),(6655,54,134),(6656,55,134),(6657,64,134),(6658,65,134),(6659,66,134),(6660,67,134),(6661,68,134),(6662,69,134),(6663,71,134),(6664,72,134),(6665,75,134),(6666,78,134),(6667,79,134),(6668,80,134),(6669,82,134),(6670,84,134),(6671,87,134),(6672,88,134),(6673,89,134),(6674,90,134),(6675,92,134),(6676,93,134),(6677,94,134),(6678,95,134),(6679,96,134),(6680,97,134),(6681,98,134),(6682,99,134),(6683,100,134),(6684,101,134),(6685,102,134),(6686,103,134),(6687,104,134),(6688,105,134),(6689,106,134),(6690,107,134),(6691,108,134),(6692,109,134),(6693,110,134),(6694,111,134),(6695,112,134),(6696,113,134),(6697,114,134),(6698,115,134),(6699,116,134),(6700,117,134),(6701,3,135),(6702,5,135),(6703,6,135),(6704,7,135),(6705,14,135),(6706,15,135),(6707,33,135),(6708,40,135),(6709,41,135),(6710,43,135),(6711,44,135),(6712,45,135),(6713,46,135),(6714,47,135),(6715,48,135),(6716,49,135),(6717,50,135),(6718,54,135),(6719,61,135),(6720,63,135),(6721,64,135),(6722,65,135),(6723,66,135),(6724,67,135),(6725,69,135),(6726,72,135),(6727,75,135),(6728,78,135),(6729,80,135),(6730,82,135),(6731,84,135),(6732,88,135),(6733,89,135),(6734,92,135),(6735,93,135),(6736,94,135),(6737,95,135),(6738,96,135),(6739,97,135),(6740,98,135),(6741,99,135),(6742,100,135),(6743,101,135),(6744,102,135),(6745,103,135),(6746,104,135),(6747,105,135),(6748,106,135),(6749,107,135),(6750,108,135),(6751,109,135),(6752,110,135),(6753,111,135),(6754,112,135),(6755,113,135),(6756,114,135),(6757,115,135),(6758,116,135),(6759,117,135),(6760,3,136),(6761,5,136),(6762,6,136),(6763,7,136),(6764,14,136),(6765,15,136),(6766,33,136),(6767,40,136),(6768,41,136),(6769,43,136),(6770,44,136),(6771,45,136),(6772,46,136),(6773,47,136),(6774,48,136),(6775,49,136),(6776,50,136),(6777,54,136),(6778,61,136),(6779,63,136),(6780,64,136),(6781,65,136),(6782,66,136),(6783,67,136),(6784,69,136),(6785,72,136),(6786,75,136),(6787,78,136),(6788,80,136),(6789,82,136),(6790,84,136),(6791,88,136),(6792,89,136),(6793,92,136),(6794,93,136),(6795,94,136),(6796,95,136),(6797,96,136),(6798,97,136),(6799,98,136),(6800,99,136),(6801,100,136),(6802,101,136),(6803,102,136),(6804,103,136),(6805,104,136),(6806,105,136),(6807,106,136),(6808,107,136),(6809,108,136),(6810,109,136),(6811,110,136),(6812,111,136),(6813,112,136),(6814,113,136),(6815,114,136),(6816,115,136),(6817,116,136),(6818,117,136),(6819,3,137),(6820,5,137),(6821,6,137),(6822,7,137),(6823,14,137),(6824,15,137),(6825,33,137),(6826,40,137),(6827,41,137),(6828,45,137),(6829,46,137),(6830,47,137),(6831,48,137),(6832,49,137),(6833,50,137),(6834,54,137),(6835,61,137),(6836,63,137),(6837,64,137),(6838,65,137),(6839,66,137),(6840,67,137),(6841,69,137),(6842,72,137),(6843,75,137),(6844,78,137),(6845,80,137),(6846,82,137),(6847,84,137),(6848,87,137),(6849,89,137),(6850,92,137),(6851,93,137),(6852,94,137),(6853,95,137),(6854,96,137),(6855,97,137),(6856,98,137),(6857,99,137),(6858,100,137),(6859,101,137),(6860,102,137),(6861,103,137),(6862,104,137),(6863,105,137),(6864,106,137),(6865,107,137),(6866,108,137),(6867,109,137),(6868,110,137),(6869,111,137),(6870,112,137),(6871,113,137),(6872,114,137),(6873,115,137),(6874,116,137),(6875,117,137),(6876,3,138),(6877,5,138),(6878,6,138),(6879,7,138),(6880,14,138),(6881,15,138),(6882,33,138),(6883,40,138),(6884,41,138),(6885,43,138),(6886,44,138),(6887,45,138),(6888,46,138),(6889,47,138),(6890,48,138),(6891,49,138),(6892,50,138),(6893,54,138),(6894,61,138),(6895,63,138),(6896,64,138),(6897,65,138),(6898,66,138),(6899,67,138),(6900,69,138),(6901,72,138),(6902,78,138),(6903,80,138),(6904,82,138),(6905,84,138),(6906,87,138),(6907,89,138),(6908,92,138),(6909,93,138),(6910,94,138),(6911,95,138),(6912,96,138),(6913,97,138),(6914,98,138),(6915,99,138),(6916,100,138),(6917,101,138),(6918,102,138),(6919,103,138),(6920,104,138),(6921,105,138),(6922,106,138),(6923,107,138),(6924,108,138),(6925,109,138),(6926,110,138),(6927,111,138),(6928,112,138),(6929,113,138),(6930,114,138),(6931,115,138),(6932,116,138),(6933,117,138),(6934,3,139),(6935,5,139),(6936,6,139),(6937,7,139),(6938,14,139),(6939,15,139),(6940,33,139),(6941,40,139),(6942,45,139),(6943,46,139),(6944,47,139),(6945,48,139),(6946,49,139),(6947,50,139),(6948,54,139),(6949,61,139),(6950,64,139),(6951,65,139),(6952,66,139),(6953,67,139),(6954,69,139),(6955,72,139),(6956,75,139),(6957,78,139),(6958,80,139),(6959,82,139),(6960,87,139),(6961,88,139),(6962,89,139),(6963,90,139),(6964,92,139),(6965,93,139),(6966,94,139),(6967,95,139),(6968,96,139),(6969,97,139),(6970,98,139),(6971,99,139),(6972,100,139),(6973,101,139),(6974,102,139),(6975,103,139),(6976,104,139),(6977,105,139),(6978,106,139),(6979,107,139),(6980,108,139),(6981,109,139),(6982,110,139),(6983,111,139),(6984,112,139),(6985,113,139),(6986,114,139),(6987,115,139),(6988,116,139),(6989,117,139),(6990,2,140),(6991,3,140),(6992,5,140),(6993,6,140),(6994,14,140),(6995,15,140),(6996,38,140),(6997,41,140),(6998,42,140),(6999,43,140),(7000,44,140),(7001,45,140),(7002,46,140),(7003,47,140),(7004,48,140),(7005,49,140),(7006,51,140),(7007,64,140),(7008,65,140),(7009,66,140),(7010,67,140),(7011,69,140),(7012,72,140),(7013,75,140),(7014,78,140),(7015,80,140),(7016,82,140),(7017,87,140),(7018,88,140),(7019,89,140),(7020,90,140),(7021,92,140),(7022,93,140),(7023,94,140),(7024,95,140),(7025,96,140),(7026,97,140),(7027,98,140),(7028,99,140),(7029,100,140),(7030,101,140),(7031,102,140),(7032,103,140),(7033,104,140),(7034,105,140),(7035,106,140),(7036,107,140),(7037,108,140),(7038,109,140),(7039,110,140),(7040,111,140),(7041,112,140),(7042,113,140),(7043,114,140),(7044,115,140),(7045,116,140),(7046,117,140),(7047,3,141),(7048,5,141),(7049,6,141),(7050,14,141),(7051,15,141),(7052,38,141),(7053,40,141),(7054,45,141),(7055,46,141),(7056,47,141),(7057,48,141),(7058,49,141),(7059,50,141),(7060,64,141),(7061,65,141),(7062,66,141),(7063,67,141),(7064,69,141),(7065,72,141),(7066,78,141),(7067,80,141),(7068,82,141),(7069,85,141),(7070,87,141),(7071,88,141),(7072,89,141),(7073,90,141),(7074,92,141),(7075,93,141),(7076,94,141),(7077,95,141),(7078,96,141),(7079,97,141),(7080,98,141),(7081,99,141),(7082,100,141),(7083,102,141),(7084,103,141),(7085,104,141),(7086,105,141),(7087,106,141),(7088,107,141),(7089,108,141),(7090,109,141),(7091,110,141),(7092,111,141),(7093,112,141),(7094,113,141),(7095,114,141),(7096,115,141),(7097,116,141),(7098,117,141),(7099,2,142),(7100,5,142),(7101,6,142),(7102,14,142),(7103,15,142),(7104,38,142),(7105,42,142),(7106,45,142),(7107,46,142),(7108,47,142),(7109,48,142),(7110,49,142),(7111,50,142),(7112,64,142),(7113,65,142),(7114,66,142),(7115,67,142),(7116,69,142),(7117,72,142),(7118,78,142),(7119,80,142),(7120,82,142),(7121,87,142),(7122,88,142),(7123,89,142),(7124,90,142),(7125,92,142),(7126,93,142),(7127,94,142),(7128,95,142),(7129,96,142),(7130,97,142),(7131,98,142),(7132,99,142),(7133,100,142),(7134,102,142),(7135,103,142),(7136,104,142),(7137,105,142),(7138,106,142),(7139,107,142),(7140,108,142),(7141,109,142),(7142,110,142),(7143,111,142),(7144,112,142),(7145,113,142),(7146,114,142),(7147,115,142),(7148,116,142),(7149,117,142),(7150,2,143),(7151,5,143),(7152,6,143),(7153,14,143),(7154,15,143),(7155,38,143),(7156,40,143),(7157,43,143),(7158,44,143),(7159,45,143),(7160,46,143),(7161,47,143),(7162,48,143),(7163,49,143),(7164,53,143),(7165,55,143),(7166,56,143),(7167,60,143),(7168,64,143),(7169,65,143),(7170,66,143),(7171,67,143),(7172,69,143),(7173,72,143),(7174,78,143),(7175,79,143),(7176,80,143),(7177,82,143),(7178,87,143),(7179,88,143),(7180,89,143),(7181,90,143),(7182,92,143),(7183,93,143),(7184,94,143),(7185,95,143),(7186,96,143),(7187,97,143),(7188,98,143),(7189,99,143),(7190,100,143),(7191,102,143),(7192,103,143),(7193,104,143),(7194,105,143),(7195,106,143),(7196,107,143),(7197,108,143),(7198,109,143),(7199,110,143),(7200,111,143),(7201,112,143),(7202,113,143),(7203,114,143),(7204,115,143),(7205,116,143),(7206,117,143),(7207,1,144),(7208,5,144),(7209,6,144),(7210,14,144),(7211,15,144),(7212,38,144),(7213,40,144),(7214,43,144),(7215,45,144),(7216,46,144),(7217,47,144),(7218,48,144),(7219,49,144),(7220,53,144),(7221,56,144),(7222,60,144),(7223,64,144),(7224,65,144),(7225,66,144),(7226,67,144),(7227,69,144),(7228,72,144),(7229,78,144),(7230,79,144),(7231,80,144),(7232,82,144),(7233,88,144),(7234,89,144),(7235,90,144),(7236,92,144),(7237,93,144),(7238,94,144),(7239,95,144),(7240,96,144),(7241,97,144),(7242,98,144),(7243,99,144),(7244,100,144),(7245,102,144),(7246,103,144),(7247,104,144),(7248,105,144),(7249,106,144),(7250,107,144),(7251,108,144),(7252,109,144),(7253,110,144),(7254,111,144),(7255,112,144),(7256,113,144),(7257,114,144),(7258,115,144),(7259,116,144),(7260,117,144),(7261,5,145),(7262,6,145),(7263,14,145),(7264,15,145),(7265,38,145),(7266,40,145),(7267,43,145),(7268,45,145),(7269,46,145),(7270,47,145),(7271,48,145),(7272,49,145),(7273,53,145),(7274,55,145),(7275,56,145),(7276,64,145),(7277,65,145),(7278,66,145),(7279,67,145),(7280,69,145),(7281,72,145),(7282,76,145),(7283,78,145),(7284,79,145),(7285,80,145),(7286,82,145),(7287,87,145),(7288,89,145),(7289,90,145),(7290,92,145),(7291,93,145),(7292,94,145),(7293,95,145),(7294,96,145),(7295,97,145),(7296,98,145),(7297,99,145),(7298,100,145),(7299,102,145),(7300,103,145),(7301,104,145),(7302,105,145),(7303,106,145),(7304,107,145),(7305,108,145),(7306,109,145),(7307,110,145),(7308,111,145),(7309,112,145),(7310,113,145),(7311,114,145),(7312,115,145),(7313,116,145),(7314,117,145),(7315,2,146),(7316,5,146),(7317,6,146),(7318,14,146),(7319,15,146),(7320,38,146),(7321,40,146),(7322,43,146),(7323,44,146),(7324,45,146),(7325,46,146),(7326,47,146),(7327,48,146),(7328,49,146),(7329,53,146),(7330,55,146),(7331,56,146),(7332,64,146),(7333,65,146),(7334,66,146),(7335,67,146),(7336,69,146),(7337,72,146),(7338,78,146),(7339,79,146),(7340,80,146),(7341,82,146),(7342,87,146),(7343,88,146),(7344,89,146),(7345,90,146),(7346,92,146),(7347,93,146),(7348,94,146),(7349,95,146),(7350,96,146),(7351,97,146),(7352,98,146),(7353,99,146),(7354,100,146),(7355,102,146),(7356,103,146),(7357,104,146),(7358,105,146),(7359,106,146),(7360,107,146),(7361,108,146),(7362,109,146),(7363,110,146),(7364,111,146),(7365,112,146),(7366,113,146),(7367,114,146),(7368,115,146),(7369,116,146),(7370,117,146),(7371,2,147),(7372,5,147),(7373,6,147),(7374,14,147),(7375,15,147),(7376,38,147),(7377,40,147),(7378,41,147),(7379,43,147),(7380,44,147),(7381,45,147),(7382,46,147),(7383,47,147),(7384,48,147),(7385,49,147),(7386,53,147),(7387,55,147),(7388,56,147),(7389,60,147),(7390,64,147),(7391,65,147),(7392,66,147),(7393,67,147),(7394,69,147),(7395,70,147),(7396,71,147),(7397,72,147),(7398,76,147),(7399,78,147),(7400,79,147),(7401,80,147),(7402,82,147),(7403,87,147),(7404,88,147),(7405,89,147),(7406,90,147),(7407,92,147),(7408,93,147),(7409,94,147),(7410,95,147),(7411,96,147),(7412,97,147),(7413,98,147),(7414,99,147),(7415,100,147),(7416,102,147),(7417,103,147),(7418,104,147),(7419,105,147),(7420,106,147),(7421,107,147),(7422,108,147),(7423,109,147),(7424,110,147),(7425,111,147),(7426,112,147),(7427,113,147),(7428,114,147),(7429,115,147),(7430,116,147),(7431,117,147),(7432,2,148),(7433,5,148),(7434,6,148),(7435,14,148),(7436,15,148),(7437,38,148),(7438,40,148),(7439,41,148),(7440,43,148),(7441,44,148),(7442,45,148),(7443,46,148),(7444,47,148),(7445,48,148),(7446,49,148),(7447,53,148),(7448,55,148),(7449,56,148),(7450,64,148),(7451,65,148),(7452,66,148),(7453,67,148),(7454,69,148),(7455,70,148),(7456,71,148),(7457,72,148),(7458,76,148),(7459,78,148),(7460,79,148),(7461,80,148),(7462,82,148),(7463,88,148),(7464,89,148),(7465,90,148),(7466,92,148),(7467,93,148),(7468,94,148),(7469,95,148),(7470,96,148),(7471,97,148),(7472,98,148),(7473,99,148),(7474,100,148),(7475,102,148),(7476,103,148),(7477,104,148),(7478,105,148),(7479,106,148),(7480,107,148),(7481,108,148),(7482,109,148),(7483,110,148),(7484,111,148),(7485,112,148),(7486,113,148),(7487,114,148),(7488,115,148),(7489,116,148),(7490,117,148),(7491,1,149),(7492,5,149),(7493,6,149),(7494,14,149),(7495,15,149),(7496,38,149),(7497,39,149),(7498,43,149),(7499,45,149),(7500,46,149),(7501,47,149),(7502,48,149),(7503,49,149),(7504,53,149),(7505,55,149),(7506,56,149),(7507,57,149),(7508,60,149),(7509,64,149),(7510,65,149),(7511,66,149),(7512,67,149),(7513,69,149),(7514,70,149),(7515,71,149),(7516,72,149),(7517,73,149),(7518,76,149),(7519,78,149),(7520,79,149),(7521,80,149),(7522,82,149),(7523,83,149),(7524,89,149),(7525,90,149),(7526,92,149),(7527,93,149),(7528,94,149),(7529,95,149),(7530,96,149),(7531,97,149),(7532,98,149),(7533,99,149),(7534,100,149),(7535,102,149),(7536,103,149),(7537,104,149),(7538,105,149),(7539,106,149),(7540,107,149),(7541,108,149),(7542,109,149),(7543,110,149),(7544,111,149),(7545,112,149),(7546,113,149),(7547,114,149),(7548,115,149),(7549,116,149),(7550,117,149),(7551,3,150),(7552,5,150),(7553,6,150),(7554,7,150),(7555,14,150),(7556,15,150),(7557,16,150),(7558,33,150),(7559,38,150),(7560,39,150),(7561,40,150),(7562,41,150),(7563,43,150),(7564,44,150),(7565,45,150),(7566,46,150),(7567,47,150),(7568,48,150),(7569,49,150),(7570,55,150),(7571,60,150),(7572,61,150),(7573,64,150),(7574,65,150),(7575,66,150),(7576,67,150),(7577,69,150),(7578,72,150),(7579,78,150),(7580,79,150),(7581,80,150),(7582,82,150),(7583,83,150),(7584,84,150),(7585,88,150),(7586,89,150),(7587,90,150),(7588,92,150),(7589,93,150),(7590,94,150),(7591,95,150),(7592,96,150),(7593,97,150),(7594,98,150),(7595,99,150),(7596,100,150),(7597,101,150),(7598,102,150),(7599,103,150),(7600,104,150),(7601,105,150),(7602,106,150),(7603,107,150),(7604,108,150),(7605,109,150),(7606,110,150),(7607,111,150),(7608,112,150),(7609,113,150),(7610,114,150),(7611,115,150),(7612,116,150),(7613,117,150),(7614,3,151),(7615,5,151),(7616,6,151),(7617,14,151),(7618,15,151),(7619,38,151),(7620,40,151),(7621,41,151),(7622,43,151),(7623,44,151),(7624,45,151),(7625,46,151),(7626,47,151),(7627,48,151),(7628,49,151),(7629,55,151),(7630,56,151),(7631,60,151),(7632,64,151),(7633,65,151),(7634,66,151),(7635,67,151),(7636,69,151),(7637,71,151),(7638,72,151),(7639,78,151),(7640,79,151),(7641,80,151),(7642,82,151),(7643,83,151),(7644,84,151),(7645,88,151),(7646,89,151),(7647,90,151),(7648,92,151),(7649,93,151),(7650,94,151),(7651,95,151),(7652,96,151),(7653,97,151),(7654,98,151),(7655,99,151),(7656,100,151),(7657,102,151),(7658,103,151),(7659,104,151),(7660,105,151),(7661,106,151),(7662,107,151),(7663,108,151),(7664,109,151),(7665,110,151),(7666,111,151),(7667,112,151),(7668,113,151),(7669,114,151),(7670,115,151),(7671,116,151),(7672,117,151),(7673,3,152),(7674,5,152),(7675,6,152),(7676,14,152),(7677,15,152),(7678,38,152),(7679,40,152),(7680,41,152),(7681,43,152),(7682,44,152),(7683,45,152),(7684,46,152),(7685,47,152),(7686,48,152),(7687,49,152),(7688,55,152),(7689,56,152),(7690,60,152),(7691,64,152),(7692,65,152),(7693,66,152),(7694,67,152),(7695,69,152),(7696,71,152),(7697,72,152),(7698,78,152),(7699,79,152),(7700,80,152),(7701,82,152),(7702,83,152),(7703,84,152),(7704,88,152),(7705,89,152),(7706,90,152),(7707,92,152),(7708,93,152),(7709,94,152),(7710,95,152),(7711,96,152),(7712,97,152),(7713,98,152),(7714,99,152),(7715,100,152),(7716,102,152),(7717,103,152),(7718,104,152),(7719,105,152),(7720,106,152),(7721,107,152),(7722,108,152),(7723,109,152),(7724,110,152),(7725,111,152),(7726,112,152),(7727,113,152),(7728,114,152),(7729,115,152),(7730,116,152),(7731,117,152),(7732,3,153),(7733,5,153),(7734,6,153),(7735,7,153),(7736,14,153),(7737,15,153),(7738,16,153),(7739,33,153),(7740,38,153),(7741,39,153),(7742,40,153),(7743,41,153),(7744,43,153),(7745,44,153),(7746,45,153),(7747,46,153),(7748,47,153),(7749,48,153),(7750,49,153),(7751,55,153),(7752,60,153),(7753,61,153),(7754,64,153),(7755,65,153),(7756,66,153),(7757,67,153),(7758,69,153),(7759,72,153),(7760,78,153),(7761,79,153),(7762,80,153),(7763,82,153),(7764,83,153),(7765,84,153),(7766,88,153),(7767,89,153),(7768,90,153),(7769,92,153),(7770,93,153),(7771,94,153),(7772,95,153),(7773,96,153),(7774,97,153),(7775,98,153),(7776,99,153),(7777,100,153),(7778,101,153),(7779,102,153),(7780,103,153),(7781,104,153),(7782,105,153),(7783,106,153),(7784,107,153),(7785,108,153),(7786,109,153),(7787,110,153),(7788,111,153),(7789,112,153),(7790,113,153),(7791,114,153),(7792,115,153),(7793,116,153),(7794,117,153),(7795,3,154),(7796,5,154),(7797,6,154),(7798,14,154),(7799,15,154),(7800,38,154),(7801,40,154),(7802,43,154),(7803,45,154),(7804,46,154),(7805,47,154),(7806,48,154),(7807,49,154),(7808,55,154),(7809,56,154),(7810,60,154),(7811,64,154),(7812,65,154),(7813,66,154),(7814,67,154),(7815,69,154),(7816,72,154),(7817,78,154),(7818,79,154),(7819,80,154),(7820,82,154),(7821,83,154),(7822,84,154),(7823,88,154),(7824,89,154),(7825,90,154),(7826,92,154),(7827,93,154),(7828,94,154),(7829,95,154),(7830,96,154),(7831,97,154),(7832,98,154),(7833,99,154),(7834,100,154),(7835,102,154),(7836,103,154),(7837,104,154),(7838,105,154),(7839,106,154),(7840,107,154),(7841,108,154),(7842,109,154),(7843,110,154),(7844,111,154),(7845,112,154),(7846,113,154),(7847,114,154),(7848,115,154),(7849,116,154),(7850,117,154),(7851,3,155),(7852,5,155),(7853,6,155),(7854,14,155),(7855,15,155),(7856,38,155),(7857,39,155),(7858,40,155),(7859,43,155),(7860,45,155),(7861,46,155),(7862,47,155),(7863,48,155),(7864,49,155),(7865,55,155),(7866,60,155),(7867,64,155),(7868,65,155),(7869,66,155),(7870,67,155),(7871,69,155),(7872,72,155),(7873,78,155),(7874,79,155),(7875,80,155),(7876,82,155),(7877,83,155),(7878,84,155),(7879,88,155),(7880,89,155),(7881,90,155),(7882,92,155),(7883,93,155),(7884,94,155),(7885,95,155),(7886,96,155),(7887,97,155),(7888,98,155),(7889,99,155),(7890,100,155),(7891,102,155),(7892,103,155),(7893,104,155),(7894,105,155),(7895,106,155),(7896,107,155),(7897,108,155),(7898,109,155),(7899,110,155),(7900,111,155),(7901,112,155),(7902,113,155),(7903,114,155),(7904,115,155),(7905,116,155),(7906,117,155),(7907,3,156),(7908,5,156),(7909,6,156),(7910,14,156),(7911,15,156),(7912,33,156),(7913,38,156),(7914,40,156),(7915,41,156),(7916,43,156),(7917,44,156),(7918,45,156),(7919,46,156),(7920,47,156),(7921,48,156),(7922,49,156),(7923,55,156),(7924,56,156),(7925,60,156),(7926,61,156),(7927,64,156),(7928,65,156),(7929,66,156),(7930,67,156),(7931,69,156),(7932,72,156),(7933,78,156),(7934,79,156),(7935,80,156),(7936,82,156),(7937,83,156),(7938,84,156),(7939,88,156),(7940,89,156),(7941,90,156),(7942,92,156),(7943,93,156),(7944,94,156),(7945,95,156),(7946,96,156),(7947,97,156),(7948,98,156),(7949,99,156),(7950,100,156),(7951,102,156),(7952,103,156),(7953,104,156),(7954,105,156),(7955,106,156),(7956,107,156),(7957,108,156),(7958,109,156),(7959,110,156),(7960,111,156),(7961,112,156),(7962,113,156),(7963,114,156),(7964,115,156),(7965,116,156),(7966,117,156),(7967,1,157),(7968,5,157),(7969,6,157),(7970,14,157),(7971,15,157),(7972,38,157),(7973,39,157),(7974,40,157),(7975,41,157),(7976,42,157),(7977,43,157),(7978,44,157),(7979,45,157),(7980,46,157),(7981,47,157),(7982,48,157),(7983,49,157),(7984,56,157),(7985,60,157),(7986,62,157),(7987,64,157),(7988,65,157),(7989,66,157),(7990,67,157),(7991,68,157),(7992,69,157),(7993,72,157),(7994,78,157),(7995,79,157),(7996,80,157),(7997,82,157),(7998,83,157),(7999,84,157),(8000,88,157),(8001,89,157),(8002,90,157),(8003,92,157),(8004,93,157),(8005,94,157),(8006,95,157),(8007,96,157),(8008,97,157),(8009,98,157),(8010,99,157),(8011,100,157),(8012,102,157),(8013,103,157),(8014,104,157),(8015,105,157),(8016,106,157),(8017,107,157),(8018,108,157),(8019,109,157),(8020,110,157),(8021,111,157),(8022,112,157),(8023,113,157),(8024,114,157),(8025,115,157),(8026,116,157),(8027,117,157),(8028,2,158),(8029,5,158),(8030,6,158),(8031,14,158),(8032,15,158),(8033,38,158),(8034,39,158),(8035,40,158),(8036,41,158),(8037,42,158),(8038,43,158),(8039,44,158),(8040,45,158),(8041,46,158),(8042,47,158),(8043,48,158),(8044,49,158),(8045,56,158),(8046,60,158),(8047,62,158),(8048,64,158),(8049,65,158),(8050,66,158),(8051,67,158),(8052,68,158),(8053,69,158),(8054,72,158),(8055,78,158),(8056,79,158),(8057,80,158),(8058,82,158),(8059,83,158),(8060,84,158),(8061,88,158),(8062,89,158),(8063,90,158),(8064,92,158),(8065,93,158),(8066,94,158),(8067,95,158),(8068,96,158),(8069,97,158),(8070,98,158),(8071,99,158),(8072,100,158),(8073,102,158),(8074,103,158),(8075,104,158),(8076,105,158),(8077,106,158),(8078,107,158),(8079,108,158),(8080,109,158),(8081,110,158),(8082,111,158),(8083,112,158),(8084,113,158),(8085,114,158),(8086,115,158),(8087,116,158),(8088,117,158),(8089,1,159),(8090,5,159),(8091,6,159),(8092,14,159),(8093,15,159),(8094,38,159),(8095,40,159),(8096,41,159),(8097,42,159),(8098,43,159),(8099,44,159),(8100,45,159),(8101,46,159),(8102,47,159),(8103,48,159),(8104,49,159),(8105,55,159),(8106,56,159),(8107,60,159),(8108,64,159),(8109,65,159),(8110,66,159),(8111,67,159),(8112,68,159),(8113,69,159),(8114,72,159),(8115,75,159),(8116,78,159),(8117,79,159),(8118,80,159),(8119,82,159),(8120,83,159),(8121,84,159),(8122,87,159),(8123,88,159),(8124,89,159),(8125,90,159),(8126,92,159),(8127,93,159),(8128,94,159),(8129,95,159),(8130,96,159),(8131,97,159),(8132,98,159),(8133,99,159),(8134,100,159),(8135,102,159),(8136,103,159),(8137,104,159),(8138,105,159),(8139,106,159),(8140,107,159),(8141,108,159),(8142,109,159),(8143,110,159),(8144,111,159),(8145,112,159),(8146,113,159),(8147,114,159),(8148,115,159),(8149,116,159),(8150,117,159),(8151,5,160),(8152,6,160),(8153,14,160),(8154,15,160),(8155,38,160),(8156,40,160),(8157,41,160),(8158,42,160),(8159,43,160),(8160,44,160),(8161,45,160),(8162,46,160),(8163,47,160),(8164,48,160),(8165,49,160),(8166,55,160),(8167,56,160),(8168,60,160),(8169,64,160),(8170,65,160),(8171,66,160),(8172,67,160),(8173,68,160),(8174,69,160),(8175,72,160),(8176,75,160),(8177,78,160),(8178,79,160),(8179,80,160),(8180,82,160),(8181,83,160),(8182,84,160),(8183,87,160),(8184,88,160),(8185,89,160),(8186,90,160),(8187,92,160),(8188,93,160),(8189,94,160),(8190,95,160),(8191,96,160),(8192,97,160),(8193,98,160),(8194,99,160),(8195,100,160),(8196,102,160),(8197,103,160),(8198,104,160),(8199,105,160),(8200,106,160),(8201,107,160),(8202,108,160),(8203,109,160),(8204,110,160),(8205,111,160),(8206,112,160),(8207,113,160),(8208,114,160),(8209,115,160),(8210,116,160),(8211,117,160),(8212,3,161),(8213,5,161),(8214,6,161),(8215,7,161),(8216,14,161),(8217,15,161),(8218,33,161),(8219,38,161),(8220,39,161),(8221,40,161),(8222,41,161),(8223,42,161),(8224,43,161),(8225,44,161),(8226,45,161),(8227,46,161),(8228,47,161),(8229,48,161),(8230,49,161),(8231,55,161),(8232,56,161),(8233,60,161),(8234,61,161),(8235,64,161),(8236,65,161),(8237,66,161),(8238,67,161),(8239,68,161),(8240,69,161),(8241,72,161),(8242,78,161),(8243,79,161),(8244,80,161),(8245,82,161),(8246,83,161),(8247,84,161),(8248,87,161),(8249,88,161),(8250,89,161),(8251,90,161),(8252,92,161),(8253,93,161),(8254,94,161),(8255,95,161),(8256,96,161),(8257,97,161),(8258,98,161),(8259,99,161),(8260,100,161),(8261,101,161),(8262,102,161),(8263,103,161),(8264,104,161),(8265,105,161),(8266,106,161),(8267,107,161),(8268,108,161),(8269,109,161),(8270,110,161),(8271,111,161),(8272,112,161),(8273,113,161),(8274,114,161),(8275,115,161),(8276,116,161),(8277,117,161),(8278,5,162),(8279,6,162),(8280,14,162),(8281,15,162),(8282,38,162),(8283,40,162),(8284,41,162),(8285,42,162),(8286,43,162),(8287,44,162),(8288,45,162),(8289,46,162),(8290,47,162),(8291,48,162),(8292,49,162),(8293,55,162),(8294,60,162),(8295,64,162),(8296,65,162),(8297,66,162),(8298,67,162),(8299,68,162),(8300,69,162),(8301,72,162),(8302,75,162),(8303,78,162),(8304,79,162),(8305,80,162),(8306,82,162),(8307,83,162),(8308,84,162),(8309,87,162),(8310,88,162),(8311,89,162),(8312,90,162),(8313,92,162),(8314,93,162),(8315,94,162),(8316,95,162),(8317,96,162),(8318,97,162),(8319,98,162),(8320,99,162),(8321,100,162),(8322,102,162),(8323,103,162),(8324,104,162),(8325,105,162),(8326,106,162),(8327,107,162),(8328,108,162),(8329,109,162),(8330,110,162),(8331,111,162),(8332,112,162),(8333,113,162),(8334,114,162),(8335,115,162),(8336,116,162),(8337,117,162),(8338,5,163),(8339,6,163),(8340,14,163),(8341,15,163),(8342,45,163),(8343,46,163),(8344,47,163),(8345,48,163),(8346,49,163),(8347,64,163),(8348,65,163),(8349,66,163),(8350,67,163),(8351,69,163),(8352,78,163),(8353,79,163),(8354,80,163),(8355,88,163),(8356,89,163),(8357,93,163),(8358,94,163),(8359,95,163),(8360,96,163),(8361,97,163),(8362,98,163),(8363,99,163),(8364,100,163),(8365,101,163),(8366,102,163),(8367,103,163),(8368,104,163),(8369,105,163),(8370,106,163),(8371,107,163),(8372,108,163),(8373,109,163),(8374,110,163),(8375,111,163),(8376,112,163),(8377,113,163),(8378,114,163),(8379,115,163),(8380,116,163),(8381,117,163),(8382,2,164),(8383,5,164),(8384,6,164),(8385,14,164),(8386,15,164),(8387,38,164),(8388,40,164),(8389,41,164),(8390,42,164),(8391,43,164),(8392,44,164),(8393,45,164),(8394,46,164),(8395,47,164),(8396,48,164),(8397,49,164),(8398,60,164),(8399,64,164),(8400,65,164),(8401,66,164),(8402,67,164),(8403,69,164),(8404,72,164),(8405,75,164),(8406,78,164),(8407,79,164),(8408,80,164),(8409,81,164),(8410,82,164),(8411,83,164),(8412,84,164),(8413,85,164),(8414,86,164),(8415,87,164),(8416,88,164),(8417,89,164),(8418,90,164),(8419,92,164),(8420,93,164),(8421,94,164),(8422,95,164),(8423,96,164),(8424,97,164),(8425,98,164),(8426,99,164),(8427,100,164),(8428,102,164),(8429,103,164),(8430,104,164),(8431,105,164),(8432,106,164),(8433,107,164),(8434,108,164),(8435,109,164),(8436,110,164),(8437,111,164),(8438,112,164),(8439,113,164),(8440,114,164),(8441,115,164),(8442,116,164),(8443,117,164),(8444,2,165),(8445,5,165),(8446,6,165),(8447,14,165),(8448,15,165),(8449,38,165),(8450,40,165),(8451,41,165),(8452,42,165),(8453,43,165),(8454,44,165),(8455,45,165),(8456,46,165),(8457,47,165),(8458,48,165),(8459,49,165),(8460,60,165),(8461,64,165),(8462,65,165),(8463,66,165),(8464,67,165),(8465,69,165),(8466,72,165),(8467,75,165),(8468,78,165),(8469,79,165),(8470,80,165),(8471,81,165),(8472,82,165),(8473,83,165),(8474,84,165),(8475,85,165),(8476,86,165),(8477,87,165),(8478,88,165),(8479,89,165),(8480,90,165),(8481,92,165),(8482,93,165),(8483,94,165),(8484,95,165),(8485,96,165),(8486,97,165),(8487,98,165),(8488,99,165),(8489,100,165),(8490,102,165),(8491,103,165),(8492,104,165),(8493,105,165),(8494,106,165),(8495,107,165),(8496,108,165),(8497,109,165),(8498,110,165),(8499,111,165),(8500,112,165),(8501,113,165),(8502,114,165),(8503,115,165),(8504,116,165),(8505,117,165),(8506,2,166),(8507,5,166),(8508,6,166),(8509,14,166),(8510,15,166),(8511,38,166),(8512,40,166),(8513,41,166),(8514,42,166),(8515,43,166),(8516,44,166),(8517,45,166),(8518,46,166),(8519,47,166),(8520,48,166),(8521,49,166),(8522,60,166),(8523,61,166),(8524,64,166),(8525,65,166),(8526,66,166),(8527,67,166),(8528,69,166),(8529,71,166),(8530,72,166),(8531,75,166),(8532,78,166),(8533,79,166),(8534,80,166),(8535,81,166),(8536,82,166),(8537,83,166),(8538,84,166),(8539,87,166),(8540,88,166),(8541,89,166),(8542,90,166),(8543,92,166),(8544,93,166),(8545,94,166),(8546,95,166),(8547,96,166),(8548,97,166),(8549,98,166),(8550,99,166),(8551,100,166),(8552,102,166),(8553,103,166),(8554,104,166),(8555,105,166),(8556,106,166),(8557,107,166),(8558,108,166),(8559,109,166),(8560,110,166),(8561,111,166),(8562,112,166),(8563,113,166),(8564,114,166),(8565,115,166),(8566,116,166),(8567,117,166),(8568,2,167),(8569,5,167),(8570,6,167),(8571,7,167),(8572,8,167),(8573,14,167),(8574,15,167),(8575,16,167),(8576,33,167),(8577,38,167),(8578,40,167),(8579,41,167),(8580,42,167),(8581,43,167),(8582,44,167),(8583,45,167),(8584,46,167),(8585,47,167),(8586,48,167),(8587,49,167),(8588,50,167),(8589,51,167),(8590,52,167),(8591,54,167),(8592,56,167),(8593,60,167),(8594,61,167),(8595,64,167),(8596,65,167),(8597,66,167),(8598,67,167),(8599,69,167),(8600,71,167),(8601,72,167),(8602,75,167),(8603,76,167),(8604,78,167),(8605,79,167),(8606,80,167),(8607,81,167),(8608,82,167),(8609,83,167),(8610,84,167),(8611,85,167),(8612,86,167),(8613,87,167),(8614,88,167),(8615,89,167),(8616,90,167),(8617,92,167),(8618,93,167),(8619,94,167),(8620,95,167),(8621,96,167),(8622,97,167),(8623,98,167),(8624,99,167),(8625,100,167),(8626,101,167),(8627,102,167),(8628,103,167),(8629,104,167),(8630,105,167),(8631,106,167),(8632,107,167),(8633,108,167),(8634,109,167),(8635,110,167),(8636,111,167),(8637,112,167),(8638,113,167),(8639,114,167),(8640,115,167),(8641,116,167),(8642,117,167),(8643,3,168),(8644,5,168),(8645,6,168),(8646,7,168),(8647,14,168),(8648,15,168),(8649,42,168),(8650,43,168),(8651,45,168),(8652,46,168),(8653,47,168),(8654,48,168),(8655,49,168),(8656,55,168),(8657,64,168),(8658,65,168),(8659,66,168),(8660,67,168),(8661,69,168),(8662,72,168),(8663,75,168),(8664,78,168),(8665,79,168),(8666,80,168),(8667,81,168),(8668,82,168),(8669,83,168),(8670,84,168),(8671,87,168),(8672,88,168),(8673,89,168),(8674,90,168),(8675,92,168),(8676,93,168),(8677,94,168),(8678,95,168),(8679,96,168),(8680,97,168),(8681,98,168),(8682,99,168),(8683,100,168),(8684,102,168),(8685,103,168),(8686,104,168),(8687,105,168),(8688,106,168),(8689,107,168),(8690,108,168),(8691,109,168),(8692,110,168),(8693,111,168),(8694,112,168),(8695,113,168),(8696,114,168),(8697,115,168),(8698,116,168),(8699,117,168),(8700,2,169),(8701,5,169),(8702,6,169),(8703,7,169),(8704,14,169),(8705,15,169),(8706,38,169),(8707,40,169),(8708,41,169),(8709,42,169),(8710,43,169),(8711,44,169),(8712,45,169),(8713,46,169),(8714,47,169),(8715,48,169),(8716,49,169),(8717,53,169),(8718,55,169),(8719,56,169),(8720,60,169),(8721,61,169),(8722,64,169),(8723,65,169),(8724,66,169),(8725,67,169),(8726,69,169),(8727,71,169),(8728,72,169),(8729,75,169),(8730,76,169),(8731,78,169),(8732,79,169),(8733,80,169),(8734,81,169),(8735,82,169),(8736,83,169),(8737,84,169),(8738,85,169),(8739,87,169),(8740,88,169),(8741,89,169),(8742,90,169),(8743,92,169),(8744,93,169),(8745,94,169),(8746,95,169),(8747,96,169),(8748,97,169),(8749,98,169),(8750,99,169),(8751,100,169),(8752,102,169),(8753,103,169),(8754,104,169),(8755,105,169),(8756,106,169),(8757,107,169),(8758,108,169),(8759,109,169),(8760,110,169),(8761,111,169),(8762,112,169),(8763,113,169),(8764,114,169),(8765,115,169),(8766,116,169),(8767,117,169),(8768,2,170),(8769,5,170),(8770,6,170),(8771,7,170),(8772,14,170),(8773,15,170),(8774,38,170),(8775,40,170),(8776,41,170),(8777,42,170),(8778,43,170),(8779,44,170),(8780,45,170),(8781,46,170),(8782,47,170),(8783,48,170),(8784,49,170),(8785,53,170),(8786,56,170),(8787,60,170),(8788,61,170),(8789,64,170),(8790,65,170),(8791,66,170),(8792,67,170),(8793,69,170),(8794,71,170),(8795,72,170),(8796,75,170),(8797,76,170),(8798,78,170),(8799,79,170),(8800,80,170),(8801,81,170),(8802,82,170),(8803,83,170),(8804,84,170),(8805,85,170),(8806,87,170),(8807,88,170),(8808,89,170),(8809,90,170),(8810,92,170),(8811,93,170),(8812,94,170),(8813,95,170),(8814,96,170),(8815,97,170),(8816,98,170),(8817,99,170),(8818,100,170),(8819,102,170),(8820,103,170),(8821,104,170),(8822,105,170),(8823,106,170),(8824,107,170),(8825,108,170),(8826,109,170),(8827,110,170),(8828,111,170),(8829,112,170),(8830,113,170),(8831,114,170),(8832,115,170),(8833,116,170),(8834,117,170),(8835,6,171),(8836,7,171),(8837,14,171),(8838,15,171),(8839,16,171),(8840,31,171),(8841,32,171),(8842,44,171),(8843,45,171),(8844,46,171),(8845,47,171),(8846,48,171),(8847,49,171),(8848,62,171),(8849,72,171),(8850,80,171),(8851,95,171),(8852,96,171),(8853,100,171),(8854,101,171),(8855,103,171),(8856,104,171),(8857,107,171),(8858,115,171),(8859,116,171),(8860,117,171),(8861,6,172),(8862,7,172),(8863,14,172),(8864,15,172),(8865,16,172),(8866,31,172),(8867,32,172),(8868,38,172),(8869,40,172),(8870,41,172),(8871,43,172),(8872,44,172),(8873,45,172),(8874,46,172),(8875,47,172),(8876,48,172),(8877,49,172),(8878,50,172),(8879,51,172),(8880,61,172),(8881,72,172),(8882,80,172),(8883,88,172),(8884,93,172),(8885,95,172),(8886,96,172),(8887,100,172),(8888,101,172),(8889,103,172),(8890,104,172),(8891,107,172),(8892,115,172),(8893,116,172),(8894,117,172);
/*!40000 ALTER TABLE `parsingbpmn_is_a_requirement_for_mitigation` ENABLE KEYS */;
UNLOCK TABLES;

--
-- Table structure for table `parsingbpmn_maturity_level`
--

DROP TABLE IF EXISTS `parsingbpmn_maturity_level`;
/*!40101 SET @saved_cs_client     = @@character_set_client */;
/*!40101 SET character_set_client = utf8 */;
CREATE TABLE `parsingbpmn_maturity_level` (
  `id` int(11) NOT NULL AUTO_INCREMENT,
  `name` varchar(100) NOT NULL,
  `description` varchar(100) NOT NULL,
  `level` varchar(100) NOT NULL,
  `context_id` int(11) NOT NULL,
  PRIMARY KEY (`id`),
  KEY `parsingbpmn_maturity_context_id_fd721633_fk_parsingbp` (`context_id`),
  CONSTRAINT `parsingbpmn_maturity_context_id_fd721633_fk_parsingbp` FOREIGN KEY (`context_id`) REFERENCES `parsingbpmn_context` (`id`)
) ENGINE=InnoDB AUTO_INCREMENT=19 DEFAULT CHARSET=utf8mb4;
/*!40101 SET character_set_client = @saved_cs_client */;

--
-- Dumping data for table `parsingbpmn_maturity_level`
--

LOCK TABLES `parsingbpmn_maturity_level` WRITE;
/*!40000 ALTER TABLE `parsingbpmn_maturity_level` DISABLE KEYS */;
INSERT INTO `parsingbpmn_maturity_level` VALUES (3,'Minimo','empty','1',5),(4,'Standard','empty','2',5),(5,'Avanzato','empty','3',5);
/*!40000 ALTER TABLE `parsingbpmn_maturity_level` ENABLE KEYS */;
UNLOCK TABLES;

--
-- Table structure for table `parsingbpmn_process`
--

DROP TABLE IF EXISTS `parsingbpmn_process`;
/*!40101 SET @saved_cs_client     = @@character_set_client */;
/*!40101 SET character_set_client = utf8 */;
CREATE TABLE `parsingbpmn_process` (
  `id` int(11) NOT NULL AUTO_INCREMENT,
  `name` varchar(100) NOT NULL,
  `xml` varchar(100) NOT NULL,
  `system_id` int(11) NOT NULL,
  PRIMARY KEY (`id`),
  KEY `parsingBPMN_process_system_id_52b775a3_fk_parsingBPMN_system_id` (`system_id`),
  CONSTRAINT `parsingBPMN_process_system_id_52b775a3_fk_parsingBPMN_system_id` FOREIGN KEY (`system_id`) REFERENCES `parsingbpmn_system` (`id`)
) ENGINE=InnoDB AUTO_INCREMENT=265 DEFAULT CHARSET=utf8mb4;
/*!40101 SET character_set_client = @saved_cs_client */;

--
-- Dumping data for table `parsingbpmn_process`
--

LOCK TABLES `parsingbpmn_process` WRITE;
/*!40000 ALTER TABLE `parsingbpmn_process` DISABLE KEYS */;
INSERT INTO `parsingbpmn_process` VALUES (28,'Job Placement','processes/xml/Job_Placement.bpmn',4),(262,'Optimization and innovation in the \"Nominations\" e-gov - annotations','processes/xml/GC_with_annotations2.bpmn',3),(263,'Optimization and innovation in the \"Nominations\" e-gov - annotations','processes/xml/GC_with_annotations2_gbCR53u.bpmn',3),(264,'prova','processes/xml/CertificateRequest_withAnnotation_1.bpmn',3);
/*!40000 ALTER TABLE `parsingbpmn_process` ENABLE KEYS */;
UNLOCK TABLES;

--
-- Table structure for table `parsingbpmn_profile`
--

DROP TABLE IF EXISTS `parsingbpmn_profile`;
/*!40101 SET @saved_cs_client     = @@character_set_client */;
/*!40101 SET character_set_client = utf8 */;
CREATE TABLE `parsingbpmn_profile` (
  `id` int(11) NOT NULL AUTO_INCREMENT,
  `name` varchar(100) NOT NULL,
  `level` varchar(100) DEFAULT NULL,
  `context_id` int(11) NOT NULL,
  `framework_id` int(11) DEFAULT NULL,
  PRIMARY KEY (`id`),
  KEY `parsingbpmn_profile_context_id_e6e084d3_fk_parsingbp` (`context_id`),
  KEY `parsingbpmn_profile_framework_id_10996c29_fk_parsingbp` (`framework_id`),
  CONSTRAINT `parsingbpmn_profile_context_id_e6e084d3_fk_parsingbp` FOREIGN KEY (`context_id`) REFERENCES `parsingbpmn_context` (`id`),
  CONSTRAINT `parsingbpmn_profile_framework_id_10996c29_fk_parsingbp` FOREIGN KEY (`framework_id`) REFERENCES `parsingbpmn_control_framework` (`id`)
) ENGINE=InnoDB AUTO_INCREMENT=49 DEFAULT CHARSET=utf8mb4;
/*!40101 SET character_set_client = @saved_cs_client */;

--
-- Dumping data for table `parsingbpmn_profile`
--

LOCK TABLES `parsingbpmn_profile` WRITE;
/*!40000 ALTER TABLE `parsingbpmn_profile` DISABLE KEYS */;
INSERT INTO `parsingbpmn_profile` VALUES (1,'Profilo minimo target PA','minimo',5,2),(2,'Profilo standard target PA','standard',5,2),(3,'Profilo avanzato target PA','avanzato',5,2),(46,'Profilo Regione Campania','insufficiente',5,2),(47,'Profilo minimo target GDPR','minimo',3,4);
/*!40000 ALTER TABLE `parsingbpmn_profile` ENABLE KEYS */;
UNLOCK TABLES;

--
-- Table structure for table `parsingbpmn_profile_has_subcategory`
--

DROP TABLE IF EXISTS `parsingbpmn_profile_has_subcategory`;
/*!40101 SET @saved_cs_client     = @@character_set_client */;
/*!40101 SET character_set_client = utf8 */;
CREATE TABLE `parsingbpmn_profile_has_subcategory` (
  `id` int(11) NOT NULL AUTO_INCREMENT,
  `priority` varchar(100) NOT NULL,
  `profile_id` int(11) NOT NULL,
  `subcategory_id` int(11) NOT NULL,
  `maturity_level_id` int(11) NOT NULL,
  PRIMARY KEY (`id`),
  KEY `parsingbpmn_profile__profile_id_ea407636_fk_parsingbp` (`profile_id`),
  KEY `parsingbpmn_profile__subcategory_id_19caf80b_fk_parsingbp` (`subcategory_id`),
  KEY `parsingbpmn_profile__maturity_level_id_d3e27d89_fk_parsingbp` (`maturity_level_id`),
  CONSTRAINT `parsingbpmn_profile__maturity_level_id_d3e27d89_fk_parsingbp` FOREIGN KEY (`maturity_level_id`) REFERENCES `parsingbpmn_maturity_level` (`id`),
  CONSTRAINT `parsingbpmn_profile__profile_id_ea407636_fk_parsingbp` FOREIGN KEY (`profile_id`) REFERENCES `parsingbpmn_profile` (`id`),
  CONSTRAINT `parsingbpmn_profile__subcategory_id_19caf80b_fk_parsingbp` FOREIGN KEY (`subcategory_id`) REFERENCES `parsingbpmn_subcategory` (`id`)
) ENGINE=InnoDB AUTO_INCREMENT=2206 DEFAULT CHARSET=utf8mb4;
/*!40101 SET character_set_client = @saved_cs_client */;

--
-- Dumping data for table `parsingbpmn_profile_has_subcategory`
--

LOCK TABLES `parsingbpmn_profile_has_subcategory` WRITE;
/*!40000 ALTER TABLE `parsingbpmn_profile_has_subcategory` DISABLE KEYS */;
INSERT INTO `parsingbpmn_profile_has_subcategory` VALUES (1,'Alta',1,1,3),(2,'Alta',1,2,3),(3,'Alta',1,3,3),(4,'Alta',1,5,3),(5,'Alta',1,6,3),(6,'Bassa',1,12,3),(7,'Bassa',1,13,3),(8,'Bassa',1,14,3),(9,'Bassa',1,15,3),(10,'Alta',1,16,3),(11,'Media',1,17,3),(12,'Alta',1,18,3),(13,'Media',1,19,3),(14,'Alta',1,21,3),(15,'Alta',1,22,3),(16,'Alta',1,38,3),(17,'Alta',1,39,3),(18,'Alta',1,40,3),(19,'Alta',1,41,3),(20,'Bassa',1,42,3),(21,'Bassa',1,43,3),(22,'Bassa',1,44,3),(23,'Alta',1,45,3),(24,'Alta',1,46,3),(25,'Bassa',1,47,3),(26,'Media',1,48,3),(27,'Media',1,49,3),(28,'Media',1,50,3),(29,'Bassa',1,51,3),(30,'Media',1,53,3),(31,'Media',1,54,3),(32,'Alta',1,55,3),(33,'Media',1,56,3),(34,'Alta',1,58,3),(35,'Bassa',1,59,3),(36,'Media',1,60,3),(37,'Alta',1,61,3),(38,'Bassa',1,62,3),(39,'Bassa',1,63,3),(40,'Bassa',1,64,3),(41,'Media',1,66,3),(42,'Media',1,68,3),(43,'Alta',1,69,3),(44,'Alta',1,70,3),(45,'Alta',1,71,3),(46,'Media',1,72,3),(47,'Media',1,73,3),(48,'Media',1,74,3),(49,'Alta',1,75,3),(50,'Media',1,77,3),(51,'Media',1,78,3),(52,'Media',1,79,3),(53,'Media',1,80,3),(54,'Bassa',1,81,3),(55,'Alta',1,82,3),(56,'Media',1,83,3),(57,'Bassa',1,84,3),(58,'Alta',1,85,3),(59,'Alta',1,86,3),(60,'Bassa',1,87,3),(61,'Alta',1,88,3),(62,'Alta',1,89,3),(63,'Media',1,90,3),(64,'Bassa',1,93,3),(65,'Media',1,94,3),(66,'Bassa',1,95,3),(67,'Bassa',1,96,3),(68,'Bassa',1,97,3),(69,'Bassa',1,98,3),(70,'Bassa',1,99,3),(71,'Media',1,100,3),(72,'Bassa',1,102,3),(73,'Bassa',1,103,3),(74,'Bassa',1,105,3),(75,'Bassa',1,106,3),(76,'Alta',1,107,3),(77,'Alta',1,108,3),(78,'Alta',1,109,3),(79,'Bassa',1,110,3),(80,'Alta',1,112,3),(81,'Bassa',1,113,3),(82,'Bassa',1,115,3),(83,'Bassa',1,116,3),(84,'Bassa',1,117,3),(85,'Alta',2,1,4),(86,'Alta',2,2,4),(87,'Alta',2,3,4),(88,'Alta',2,5,4),(89,'Alta',2,6,4),(90,'Bassa',2,12,4),(91,'Bassa',2,13,4),(92,'Bassa',2,14,4),(93,'Bassa',2,15,4),(94,'Alta',2,16,4),(95,'Media',2,17,4),(96,'Alta',2,18,4),(97,'Media',2,19,4),(98,'Alta',2,21,4),(99,'Alta',2,22,4),(100,'Alta',2,38,4),(101,'Alta',2,39,4),(102,'Alta',2,40,4),(103,'Alta',2,41,4),(104,'Bassa',2,42,4),(105,'Bassa',2,43,4),(106,'Bassa',2,44,4),(107,'Alta',2,45,4),(108,'Alta',2,46,4),(109,'Bassa',2,47,4),(110,'Media',2,48,4),(111,'Media',2,49,4),(112,'Media',2,50,4),(113,'Bassa',2,51,4),(114,'Media',2,53,4),(115,'Media',2,54,4),(116,'Alta',2,55,4),(117,'Media',2,56,4),(118,'Alta',2,58,4),(119,'Bassa',2,59,4),(120,'Media',2,60,4),(121,'Alta',2,61,4),(122,'Bassa',2,62,4),(123,'Bassa',2,63,4),(124,'Bassa',2,64,4),(125,'Media',2,66,4),(126,'Media',2,68,4),(127,'Alta',2,69,4),(128,'Alta',2,70,4),(129,'Alta',2,71,4),(130,'Media',2,72,4),(131,'Media',2,73,4),(132,'Media',2,74,4),(133,'Alta',2,75,4),(134,'Media',2,77,4),(135,'Media',2,78,4),(136,'Media',2,79,4),(137,'Media',2,80,4),(138,'Bassa',2,81,4),(139,'Alta',2,82,4),(140,'Media',2,83,4),(141,'Bassa',2,84,4),(142,'Alta',2,85,4),(143,'Alta',2,86,4),(144,'Bassa',2,87,4),(145,'Alta',2,88,4),(146,'Alta',2,89,4),(147,'Media',2,90,4),(148,'Bassa',2,93,4),(149,'Media',2,94,4),(150,'Bassa',2,95,4),(151,'Bassa',2,96,4),(152,'Bassa',2,97,4),(153,'Bassa',2,98,4),(154,'Bassa',2,99,4),(155,'Media',2,100,4),(156,'Bassa',2,102,4),(157,'Bassa',2,103,4),(158,'Bassa',2,105,4),(159,'Bassa',2,106,4),(160,'Alta',2,107,4),(161,'Alta',2,108,4),(162,'Alta',2,109,4),(163,'Bassa',2,110,4),(164,'Alta',2,112,4),(165,'Bassa',2,113,4),(166,'Bassa',2,115,4),(167,'Bassa',2,116,4),(168,'Bassa',2,117,4),(169,'Alta',3,1,5),(170,'Alta',3,2,5),(171,'Alta',3,3,5),(172,'Alta',3,5,5),(173,'Alta',3,6,5),(174,'Bassa',3,12,5),(175,'Bassa',3,13,5),(176,'Bassa',3,14,5),(177,'Bassa',3,15,5),(178,'Alta',3,16,5),(179,'Media',3,17,5),(180,'Alta',3,18,5),(181,'Media',3,19,5),(182,'Alta',3,21,5),(183,'Alta',3,22,5),(184,'Alta',3,38,5),(185,'Alta',3,39,5),(186,'Alta',3,40,5),(187,'Alta',3,41,5),(188,'Bassa',3,42,5),(189,'Bassa',3,43,5),(190,'Bassa',3,44,5),(191,'Alta',3,45,5),(192,'Alta',3,46,5),(193,'Bassa',3,47,5),(194,'Media',3,48,5),(195,'Media',3,49,5),(196,'Media',3,50,5),(197,'Bassa',3,51,5),(198,'Media',3,53,5),(199,'Media',3,54,5),(200,'Alta',3,55,5),(201,'Media',3,56,5),(202,'Alta',3,58,5),(203,'Bassa',3,59,5),(204,'Media',3,60,5),(205,'Alta',3,61,5),(206,'Bassa',3,62,5),(207,'Bassa',3,63,5),(208,'Bassa',3,64,5),(209,'Media',3,66,5),(210,'Media',3,68,5),(211,'Alta',3,69,5),(212,'Alta',3,70,5),(213,'Alta',3,71,5),(214,'Media',3,72,5),(215,'Media',3,73,5),(216,'Media',3,74,5),(217,'Alta',3,75,5),(218,'Media',3,77,5),(219,'Media',3,78,5),(220,'Media',3,79,5),(221,'Media',3,80,5),(222,'Bassa',3,81,5),(223,'Alta',3,82,5),(224,'Media',3,83,5),(225,'Bassa',3,84,5),(226,'Alta',3,85,5),(227,'Alta',3,86,5),(228,'Bassa',3,87,5),(229,'Alta',3,88,5),(230,'Alta',3,89,5),(231,'Media',3,90,5),(232,'Bassa',3,93,5),(233,'Media',3,94,5),(234,'Bassa',3,95,5),(235,'Bassa',3,96,5),(236,'Bassa',3,97,5),(237,'Bassa',3,98,5),(238,'Bassa',3,99,5),(239,'Media',3,100,5),(240,'Bassa',3,102,5),(241,'Bassa',3,103,5),(242,'Bassa',3,105,5),(243,'Bassa',3,106,5),(244,'Alta',3,107,5),(245,'Alta',3,108,5),(246,'Alta',3,109,5),(247,'Bassa',3,110,5),(248,'Alta',3,112,5),(249,'Bassa',3,113,5),(250,'Bassa',3,115,5),(251,'Bassa',3,116,5),(252,'Bassa',3,117,5),(1988,'Alta',46,1,3),(1989,'Alta',46,2,3),(1990,'Alta',46,3,3),(1991,'Alta',46,5,3),(1992,'Alta',46,6,3),(1993,'Bassa',46,12,3),(1994,'Bassa',46,13,3),(1995,'Bassa',46,14,3),(1996,'Bassa',46,15,3),(1997,'Alta',46,16,3),(1998,'Media',46,17,3),(1999,'Alta',46,18,3),(2000,'Media',46,19,3),(2001,'Alta',46,21,3),(2002,'Alta',46,22,3),(2003,'Alta',46,38,3),(2004,'Alta',46,39,3),(2005,'Alta',46,40,3),(2006,'Alta',46,41,3),(2007,'Bassa',46,42,3),(2008,'Bassa',46,43,3),(2009,'Bassa',46,44,3),(2010,'Alta',46,45,3),(2011,'Alta',46,46,3),(2012,'Bassa',46,47,3),(2013,'Media',46,48,3),(2014,'Media',46,49,3),(2015,'Media',46,50,3),(2016,'Bassa',46,51,3),(2017,'Media',46,53,3),(2018,'Media',46,54,3),(2019,'Alta',46,55,3),(2020,'Media',46,56,3),(2021,'Alta',46,58,3),(2022,'Bassa',46,59,3),(2023,'Media',46,60,3),(2024,'Alta',46,61,3),(2025,'Bassa',46,62,3),(2026,'Bassa',46,63,3),(2027,'Bassa',46,64,3),(2028,'Media',46,66,3),(2029,'Media',46,68,3),(2030,'Alta',46,69,3),(2031,'Alta',46,70,3),(2032,'Alta',46,71,3),(2033,'Media',46,72,3),(2034,'Media',46,73,3),(2035,'Media',46,74,3),(2036,'Alta',46,75,3),(2037,'Media',46,77,3),(2038,'Media',46,78,3),(2039,'Media',46,79,3),(2040,'Media',46,80,3),(2041,'Bassa',46,81,3),(2042,'Alta',46,82,3),(2043,'Media',46,83,3),(2044,'Bassa',46,84,3),(2045,'Alta',46,85,3),(2046,'Alta',46,86,3),(2047,'Bassa',46,87,3),(2048,'Alta',46,88,3),(2049,'Alta',46,89,3),(2050,'Media',46,90,3),(2051,'Bassa',46,93,3),(2052,'Media',46,94,3),(2053,'Bassa',46,95,3),(2054,'Bassa',46,96,3),(2055,'Bassa',46,97,3),(2056,'Bassa',46,98,3),(2057,'Bassa',46,99,3),(2058,'Media',46,100,3),(2059,'Bassa',46,102,3),(2060,'Bassa',46,103,3),(2061,'Bassa',46,105,3),(2062,'Bassa',46,106,3),(2063,'Alta',46,107,3),(2064,'Alta',46,108,3),(2065,'Alta',46,109,3),(2066,'Bassa',46,110,3),(2067,'Alta',46,112,3),(2068,'Bassa',46,113,3),(2069,'Bassa',46,115,3),(2070,'Bassa',46,116,3),(2071,'Bassa',46,117,3),(2072,'Alta',47,7,3),(2073,'Alta',47,8,3),(2074,'Alta',47,16,3),(2075,'Alta',47,24,3),(2076,'Media',47,33,3),(2077,'Alta',47,34,3),(2078,'Alta',47,35,3),(2079,'Alta',47,36,3),(2080,'Alta',47,37,3),(2081,'Alta',47,38,3),(2082,'Alta',47,39,3),(2083,'Alta',47,40,3),(2084,'Alta',47,41,3),(2085,'Alta',47,42,3),(2086,'Alta',47,43,3),(2087,'Alta',47,44,3),(2088,'Alta',47,50,3),(2089,'Alta',47,51,3),(2090,'Alta',47,52,3),(2091,'Media',47,53,3),(2092,'Alta',47,54,3),(2093,'Alta',47,55,3),(2094,'Bassa',47,57,3),(2095,'Bassa',47,59,3),(2096,'Media',47,60,3),(2097,'Alta',47,61,3),(2098,'Media',47,62,3),(2099,'Alta',47,63,3),(2100,'Media',47,64,3),(2101,'Bassa',47,65,3),(2102,'Alta',47,66,3),(2103,'Media',47,67,3),(2104,'Media',47,68,3),(2105,'Alta',47,69,3),(2106,'Media',47,72,3),(2107,'Alta',47,73,3),(2108,'Media',47,74,3),(2109,'Alta',47,75,3),(2110,'Alta',47,76,3),(2111,'Alta',47,95,3),(2112,'Alta',47,101,3);
/*!40000 ALTER TABLE `parsingbpmn_profile_has_subcategory` ENABLE KEYS */;
UNLOCK TABLES;

--
-- Table structure for table `parsingbpmn_profile_maturity_control`
--

DROP TABLE IF EXISTS `parsingbpmn_profile_maturity_control`;
/*!40101 SET @saved_cs_client     = @@character_set_client */;
/*!40101 SET character_set_client = utf8 */;
CREATE TABLE `parsingbpmn_profile_maturity_control` (
  `id` int(11) NOT NULL AUTO_INCREMENT,
  `control_id` int(11) NOT NULL,
  `profile_id` int(11) DEFAULT NULL,
  `subcategory_id` int(11) NOT NULL,
  `implementation` varchar(1000) DEFAULT NULL,
  PRIMARY KEY (`id`),
  KEY `parsingbpmn_profile__control_id_3aeda346_fk_parsingbp` (`control_id`),
  KEY `parsingbpmn_profile__profile_id_8a1b284e_fk_parsingbp` (`profile_id`),
  KEY `parsingbpmn_profile__subcategory_id_503b59cf_fk_parsingbp` (`subcategory_id`),
  CONSTRAINT `parsingbpmn_profile__control_id_3aeda346_fk_parsingbp` FOREIGN KEY (`control_id`) REFERENCES `parsingbpmn_control` (`id`),
  CONSTRAINT `parsingbpmn_profile__profile_id_8a1b284e_fk_parsingbp` FOREIGN KEY (`profile_id`) REFERENCES `parsingbpmn_profile` (`id`),
  CONSTRAINT `parsingbpmn_profile__subcategory_id_503b59cf_fk_parsingbp` FOREIGN KEY (`subcategory_id`) REFERENCES `parsingbpmn_subcategory` (`id`)
) ENGINE=InnoDB AUTO_INCREMENT=1240 DEFAULT CHARSET=utf8mb4;
/*!40101 SET character_set_client = @saved_cs_client */;

--
-- Dumping data for table `parsingbpmn_profile_maturity_control`
--

LOCK TABLES `parsingbpmn_profile_maturity_control` WRITE;
/*!40000 ALTER TABLE `parsingbpmn_profile_maturity_control` DISABLE KEYS */;
INSERT INTO `parsingbpmn_profile_maturity_control` VALUES (1,21,1,1,NULL),(2,27,1,1,NULL),(3,29,1,1,NULL),(4,34,1,2,NULL),(5,38,1,2,NULL),(6,140,1,3,NULL),(7,131,1,5,NULL),(8,80,1,6,NULL),(9,96,1,6,NULL),(10,97,1,6,NULL),(11,98,1,6,NULL),(12,57,1,18,NULL),(13,72,1,21,NULL),(14,72,1,22,NULL),(15,88,1,38,NULL),(16,90,1,38,NULL),(17,91,1,38,NULL),(18,100,1,38,NULL),(19,101,1,38,NULL),(20,101,1,39,NULL),(21,130,1,39,NULL),(22,50,1,40,NULL),(23,76,1,41,NULL),(24,77,1,41,NULL),(25,117,1,45,NULL),(26,118,1,45,NULL),(27,80,1,46,NULL),(28,88,1,46,NULL),(29,90,1,46,NULL),(30,98,1,46,NULL),(31,100,1,46,NULL),(32,140,1,54,NULL),(33,129,1,55,NULL),(34,45,1,58,NULL),(35,82,1,58,NULL),(36,46,1,59,NULL),(37,48,1,59,NULL),(38,125,1,61,NULL),(39,130,1,61,NULL),(40,130,1,62,NULL),(41,130,1,66,NULL),(42,72,1,69,NULL),(43,73,1,69,NULL),(44,67,1,70,NULL),(45,68,1,70,NULL),(46,50,1,71,NULL),(47,115,1,73,NULL),(48,119,1,73,NULL),(49,76,1,74,NULL),(50,77,1,74,NULL),(51,108,1,74,NULL),(52,103,1,82,NULL),(53,120,1,82,NULL),(54,121,1,82,NULL),(55,122,1,82,NULL),(56,140,1,82,NULL),(57,80,1,84,NULL),(58,102,1,85,NULL),(59,116,1,85,NULL),(60,117,1,85,NULL),(61,118,1,85,NULL),(62,119,1,85,NULL),(63,120,1,85,NULL),(64,121,1,85,NULL),(65,122,1,85,NULL),(66,102,1,86,NULL),(67,108,1,88,NULL),(68,57,1,89,NULL),(69,65,1,89,NULL),(70,70,1,109,NULL),(71,46,1,112,NULL),(72,22,2,1,NULL),(73,25,2,1,NULL),(74,26,2,1,NULL),(75,28,2,1,NULL),(76,30,2,1,NULL),(77,35,2,2,NULL),(78,36,2,2,NULL),(79,39,2,2,NULL),(80,132,2,5,NULL),(81,83,2,6,NULL),(82,84,2,6,NULL),(83,85,2,6,NULL),(84,99,2,6,NULL),(85,124,2,6,NULL),(86,58,2,18,NULL),(87,69,2,18,NULL),(88,66,2,19,NULL),(89,89,2,38,NULL),(90,92,2,38,NULL),(91,93,2,38,NULL),(92,94,2,38,NULL),(93,78,2,41,NULL),(94,89,2,46,NULL),(95,93,2,46,NULL),(96,94,2,46,NULL),(97,95,2,46,NULL),(98,99,2,46,NULL),(99,49,2,51,NULL),(100,51,2,55,NULL),(101,75,2,56,NULL),(102,43,2,58,NULL),(103,110,2,58,NULL),(104,44,2,59,NULL),(105,49,2,59,NULL),(106,47,2,60,NULL),(107,83,2,60,NULL),(108,84,2,60,NULL),(109,85,2,60,NULL),(110,105,2,60,NULL),(111,106,2,60,NULL),(112,128,2,61,NULL),(113,71,2,69,NULL),(114,74,2,69,NULL),(115,106,2,70,NULL),(116,106,2,71,NULL),(117,95,2,73,NULL),(118,78,2,74,NULL),(119,95,2,74,NULL),(120,86,2,77,NULL),(121,104,2,82,NULL),(122,112,2,82,NULL),(123,114,2,82,NULL),(124,123,2,82,NULL),(125,106,2,85,NULL),(126,112,2,85,NULL),(127,114,2,85,NULL),(128,123,2,85,NULL),(129,124,2,85,NULL),(130,58,2,89,NULL),(131,60,2,89,NULL),(132,61,2,89,NULL),(133,62,2,89,NULL),(134,63,2,89,NULL),(135,64,2,89,NULL),(136,69,2,89,NULL),(137,105,2,90,NULL),(138,104,2,96,NULL),(139,124,2,100,NULL),(140,104,2,107,NULL),(141,110,2,107,NULL),(142,110,2,108,NULL),(143,71,2,109,NULL),(144,74,2,109,NULL),(145,44,2,113,NULL),(146,23,3,1,NULL),(147,24,3,1,NULL),(148,31,3,1,NULL),(149,32,3,1,NULL),(150,33,3,1,NULL),(151,37,3,2,NULL),(152,40,3,2,NULL),(153,41,3,2,NULL),(154,79,3,3,NULL),(155,133,3,3,NULL),(156,134,3,3,NULL),(157,137,3,3,NULL),(158,138,3,3,NULL),(159,139,3,3,NULL),(160,87,3,38,NULL),(161,109,3,40,NULL),(162,141,3,41,NULL),(163,133,3,42,NULL),(164,87,3,46,NULL),(165,133,3,50,NULL),(166,139,3,54,NULL),(167,141,3,54,NULL),(168,52,3,55,NULL),(169,107,3,56,NULL),(170,111,3,58,NULL),(171,53,3,60,NULL),(172,54,3,60,NULL),(173,55,3,60,NULL),(174,56,3,60,NULL),(175,126,3,61,NULL),(176,127,3,61,NULL),(177,135,3,73,NULL),(178,136,3,73,NULL),(179,109,3,77,NULL),(180,133,3,77,NULL),(181,134,3,82,NULL),(182,137,3,82,NULL),(183,138,3,82,NULL),(184,139,3,82,NULL),(185,81,3,84,NULL),(186,107,3,85,NULL),(187,113,3,85,NULL),(188,109,3,88,NULL),(189,59,3,89,NULL),(190,111,3,107,NULL),(191,111,3,108,NULL),(1041,21,46,1,'E stato predisposto un inventario delle apparecchiature e dei server attraverso OCS inventory. Per quanto concerne le architetture di rete invece  stato creato un file contenete tutti i dispositivi di rete con i relativi indirizzi IP.'),(1042,22,46,1,'OCS inventory fornisce un servizio automatico per quanto riguarda i dispositivi non di rete (workstation). Diverso  il discorso per gli apparati che sono gestiti invece da PRTG'),(1043,25,46,1,'Il servizio DHCP non  implementato per la rete locale, dunque non  implementato un servizio di logging. Esiste per una rete wifi per la quale  implementato il DHCP e il servizio di logging. In questo caso il log viene mantenuto per 48 ore sullapparato.'),(1044,27,46,1,'Linventario dei dispositivi viene aggiornato manualmente dal team interno di esperti. '),(1045,29,46,1,'Linventario delle risorse viene gestito attraverso un file per quanto riguarda i dispositivi di rete. Per ogni dispositivo viene indicato lindirizzo IP. Per i sistemi collegati alla rete, viene gestito con ocs inventory.'),(1046,30,46,1,'Il servizio fornito da OCS inventory permette la registrazione dei dispositivi allinterno dellinventario specificando il nome del pc, il nome della macchina, il mac address e lultimo login dellutente. Il titolare della risorsa e lufficio associato vengono invece gestiti con un software proprietario, sviluppato dal team interno. Linventario non include informazioni sul fatto che il dispositivo sia personale in quanto non vengono ammessi dispositivi personali.'),(1047,31,46,1,'Ogni volta che un dispositivo si collega alla rete c la registrazione del dispositivo attraverso il suo mac address. Esiste una rete guest per gli esterni sulla quale non  implementato questo controllo. Il controllo c dunque su tutte le reti tranne la guest.'),(1048,32,46,1,'Lautenticazione a livello di rete  implementata per tutti i dispositivi che si collegano alla rete eccezion fatta per quelli che si collegano alla rete guest, sulla quale questo controllo non  implementato.'),(1049,34,46,2,'Le immagini delle macchine virtuali vengono catalogate, cos come i software utilizzati, attraverso lintegrazione con OCS inventory. Non viene consentita linstallazione di software al di fuori dellelenco in quanto lutente normale non ha la possibilit di installare software. '),(1050,36,46,2,'Ci sono nellorganizzazione sistemi specifici (di regia, di voto) che vivono in ambienti chiusi, non in rete. Esistono per questi sistemi delle liste di software, specifiche per questi sistemi e gestite manualmente.'),(1051,41,46,2,'Per alcune operazioni (operazioni di regia, di voto) esistono dei sistemi che sono isolati dal resto della rete ovvero delle macchine virtuali installate su un cluster Oracle. Vengono utilizzati unicamente per quelle operazioni. '),(1052,79,46,3,'Tutte le azioni delle utenze amministrative vengono registrate allinterno di un log.'),(1053,140,46,3,'Il blocco del traffico da e verso url presenti in una blacklist viene fatto dal proxy automaticamente'),(1054,131,46,5,'I dati vengono protetti attraverso la crittografia. '),(1055,132,46,5,'I dispositivi portatili non contengono informazioni rilevanti'),(1056,97,46,6,'Le utenze amministrative sono nominative e riconducibili ad una sola persona'),(1057,98,46,6,'Le utenze amministrative anonime non vengono utilizzate per quanto riguarda sistemi UNIX. Per sistemi Windows invece la misura non risulta essere rispettata.'),(1058,99,46,6,'Vengono utilizzate utenze di dominio	'),(1059,88,46,38,'Per le utenze amministrative vengono utilizzate credenziali di elevata robustezza'),(1060,89,46,38,'Per le utenze amministrative vengono utilizzate credenziali di elevata robustezza'),(1061,90,46,38,'Le password vengono cambiate ogni 90 giorni'),(1062,91,46,38,'E vietato utilizzare una password gi utilizzata nelle ultime 6 volte'),(1063,50,46,40,'Le operazioni di amministrazione remota delle apparecchiature vengono effettuate attraverso lutilizzo di VPN. '),(1064,76,46,41,'Solo gli utenti con competenze adeguate possono usufruire dei privilegi di amministratore. In particolare, esistono due livelli di amministrazione: lamministratore normale e il super administrator.  '),(1065,77,46,41,'Le utenze amministrative vengono utilizzate solo per effettuare operazioni che ne richiedano i privilegi'),(1066,117,46,45,'Per aprire un messagio di posta elettronica  necessario cliccare due volte. E dunque disattivata lapertura automatica.'),(1067,88,46,46,'Per le utenze amministrative vengono utilizzate credenziali di elevata robustezza'),(1068,89,46,46,'Per le utenze amministrative vengono utilizzate credenziali di elevata robustezza'),(1069,90,46,46,'Le password vengono cambiate ogni 90 giorni'),(1070,98,46,46,'Le utenze amministrative anonime non vengono utilizzate per quanto riguarda sistemi UNIX. Per sistemi Windows invece la misura non risulta essere rispettata.'),(1071,99,46,46,'Vengono utilizzate utenze di dominio'),(1072,140,46,54,'Il blocco del traffico da e verso url presenti in una blacklist viene fatto dal proxy automaticamente'),(1073,129,46,55,'Le copie di backup vengono cifrate.'),(1074,75,46,56,'Prima di effettuare una distribuzione si procede sempre prima con dei test di prova. Quando si crea il nuovo template, si fa la prova sulla macchina virtuale, la si distribuisce su una macchina uguale o simile a quella reale e se il test va a buon fine viene poi distribuita sulle macchine reali.'),(1075,43,46,58,'Le configurazioni corrispondono alle versioni hardened, queste procedure sono effettuate dal team di esperti interni. La password dellamministratore locale viene revocata attraverso il dominio. La password  uguale per tutte le postazioni in dominio, mentre quelle dei server non sono tutte uguali. '),(1076,45,46,58,'Le configurazioni standard sono definite in modo tale da essere diverse a seconda delle macchine.'),(1077,82,46,58,'La generazione delle credenziali viene effettuata manualmente per quanto riguarda i server. Per i template e dunque per tutti gli altri dispositivi viene invece fatta in automatico.'),(1078,110,46,58,'Sono abilitate le funzioni DEP e ASLR sia su sistemi UNIX (centOS, ubuntu) che su sistemi windows.'),(1079,111,46,58,'Per contrastare lo sfruttamento di vulnerabilit vengono utilizzati gli strumenti offerti dai sistemi operativi'),(1080,44,46,59,'Laggiornamento delle immagini di installazione viene fatto manualmente e con cadenza non prestabilita. Viene fatto con SSCM e vusus ed  una distribuzione che va a impattare tutte le macchine. '),(1081,46,46,59,'Ogni volta che un sistema viene compromesso, il ripristino viene effettuato utilizzando la configurazione standard del sistema.'),(1082,48,46,59,'Esiste sempre una copia offline delle immagini di installazione'),(1083,105,46,60,'Gli antivirus sono monitorati e gestiti centralmente. '),(1084,106,46,60,'Sul server  possibile forzare e installare aggiornamenti dei sistemi anti malware, si pu anche lanciare direttamente la scansione.'),(1085,125,46,61,'Il backup viene effettuat giornalmente (solo per i dati). La copia completa viene fatta ogni quattro copie, quindi ogni quattro giorni. '),(1086,126,46,61,'Il backup riguarda il sistema operativo, le applicazioni software e i dati'),(1087,128,46,61,'Viene fatto il check automatico dellapplicativo che genera i backup e viene generato un alert qualora ci fosse un problema'),(1088,106,46,70,'Sul server  possibile forzare e installare aggiornamenti dei sistemi anti malware, si pu anche lanciare direttamente la scansione.'),(1089,50,46,71,'Le operazioni di amministrazione remota delle apparecchiature vengono effettuate attraverso lutilizzo di VPN.'),(1090,106,46,71,'Sul server  possibile forzare e installare aggiornamenti dei sistemi anti malware, si pu anche lanciare direttamente la scansione.'),(1091,115,46,73,'E disabilitato lutilizzo di chiavette usb o dispositivi removibili'),(1092,119,46,73,'E disabilitato lutilizzo di dispositivi removibili'),(1093,135,46,73,'Non viene consentito luso di dispositivi esterni'),(1094,136,46,73,'Non viene consentito luso di dispositivi esterni'),(1095,76,46,74,'Solo gli utenti con competenze adeguate possono usufruire dei privilegi di amministratore. In particolare, esistono due livelli di amministrazione: lamministratore normale e il super administrator. '),(1096,77,46,74,'Le utenze amministrative vengono utilizzate solo per effettuare operazioni che ne richiedano i privilegi'),(1097,108,46,74,'I dispositivi esterni non possono accedere alla rete	'),(1098,112,46,82,'Il filtraggio dellintero flusso del traffico di rete viene effettuato utilizzando un IPS.'),(1099,114,46,82,'Esiste un sistema di whitelist e blacklist per gli indirizzi'),(1100,120,46,82,'Il servizio antispam  gestito da Microsoft'),(1101,121,46,82,'Esiste un proxy web e vari livelli di accesso per i vari utenti per filtrare il contenuto del traffico web'),(1102,122,46,82,'Tutti i messaggi di posta elettronica contenenti file di tipo cab, excel, rar vengono intercettati e bloccati.'),(1103,123,46,82,'Viene effettuata lanalisi del comportamento del malware'),(1104,140,46,82,'Il blocco del traffico da e verso url presenti in una blacklist viene fatto dal proxy automaticamente'),(1105,102,46,85,'Vengono installati gli antivirus su tutte le macchine'),(1106,106,46,85,'Sul server  possibile forzare e installare aggiornamenti dei sistemi anti malware, si pu anche lanciare direttamente la scansione.'),(1107,112,46,85,'Il filtraggio dellintero flusso del traffico di rete viene effettuato utilizzando un IPS.'),(1108,114,46,85,'Esiste un sistema di whitelist e blacklist per gli indirizzi'),(1109,116,46,85,'E disabilitato lutilizzo di dispositivi removibili'),(1110,117,46,85,'Per aprire un messagio di posta elettronica  necessario cliccare due volte. E dunque disattivata lapertura automatica.'),(1111,119,46,85,'E disabilitato lutilizzo di dispositivi removibili'),(1112,120,46,85,'Il servizio antispam  gestito da Microsoft'),(1113,121,46,85,'Esiste un proxy web e vari livelli di accesso per i vari utenti per filtrare il contenuto del traffico web'),(1114,122,46,85,'Tutti i messaggi di posta elettronica contenenti file di tipo cab, excel, rar vengono intercettati e bloccati.'),(1115,123,46,85,'Viene effettuata lanalisi del comportamento del malware'),(1116,102,46,86,'Vengono installati gli antivirus su tutte le macchine'),(1117,108,46,88,'I dispositivi esterni non possono accedere alla rete	'),(1118,60,46,89,'La correlazione tra le informazioni ottenute dalle scansioni delle vulnerabilit e i log di sistema viene effettuata dal SIEM e dal SOC di fastweb. '),(1119,63,46,89,'Le scansioni delle vulnerabilit vengono gestite da un servizio esterno (SIEM di fastweb), dunque esiste un account di amministratore dedicato a questo servizio che non viene utilizzato per effettuare altre operazioni.'),(1120,64,46,89,'Essendo che il servizio  esterno, la scansione delle vulnerabilit viene vincolata ad una sola macchina che ha soltanto quella funzione.'),(1121,105,46,90,'Gli antivirus sono monitorati e gestiti centralmente. '),(1122,110,46,107,'Sono abilitate le funzioni DEP e ASLR sia su sistemi UNIX (centOS, ubuntu) che su sistemi windows.'),(1123,111,46,107,'Per contrastare lo sfruttamento di vulnerabilit vengono utilizzati gli strumenti offerti dai sistemi operativi'),(1124,110,46,108,'Sono abilitate le funzioni DEP e ASLR sia su sistemi UNIX (centOS, ubuntu) che su sistemi windows.'),(1125,111,46,108,'Per contrastare lo sfruttamento di vulnerabilit vengono utilizzati gli strumenti offerti dai sistemi operativi'),(1126,46,46,112,'Ogni volta che un sistema viene compromesso, il ripristino viene effettuato utilizzando la configurazione standard del sistema.'),(1127,44,46,113,'Laggiornamento delle immagini di installazione viene fatto manualmente e con cadenza non prestabilita. Viene fatto con SSCM e vusus ed  una distribuzione che va a impattare tutte le macchine. '),(1128,1223,47,7,NULL),(1129,1224,47,7,NULL),(1130,1225,47,7,NULL),(1131,1226,47,7,NULL),(1132,1227,47,7,NULL),(1133,1228,47,7,NULL),(1134,1229,47,7,NULL),(1135,1230,47,7,NULL),(1136,1231,47,7,NULL),(1137,1232,47,7,NULL),(1138,1233,47,7,NULL),(1139,1234,47,7,NULL),(1140,1235,47,8,NULL),(1141,1236,47,16,NULL),(1142,1237,47,16,NULL),(1143,1238,47,24,NULL),(1144,1239,47,24,NULL),(1145,1240,47,24,NULL),(1146,1241,47,24,NULL),(1147,1242,47,24,NULL),(1148,1243,47,34,NULL),(1149,1244,47,35,NULL),(1150,1245,47,35,NULL),(1151,1246,47,36,NULL),(1152,1247,47,36,NULL),(1153,1248,47,36,NULL),(1154,1249,47,36,NULL),(1155,1250,47,36,NULL),(1156,1251,47,36,NULL),(1157,1252,47,36,NULL),(1158,1253,47,36,NULL),(1159,1254,47,36,NULL),(1160,1255,47,36,NULL),(1161,1256,47,36,NULL),(1162,1257,47,37,NULL),(1163,1258,47,37,NULL),(1164,1259,47,37,NULL),(1165,1260,47,101,NULL),(1166,1261,47,101,NULL),(1167,1262,47,101,NULL),(1168,1263,47,101,NULL);
/*!40000 ALTER TABLE `parsingbpmn_profile_maturity_control` ENABLE KEYS */;
UNLOCK TABLES;

--
-- Table structure for table `parsingbpmn_subcategory`
--

DROP TABLE IF EXISTS `parsingbpmn_subcategory`;
/*!40101 SET @saved_cs_client     = @@character_set_client */;
/*!40101 SET character_set_client = utf8 */;
CREATE TABLE `parsingbpmn_subcategory` (
  `id` int(11) NOT NULL AUTO_INCREMENT,
  `name` varchar(100) NOT NULL,
  `description` varchar(500) NOT NULL,
  `category_id` int(11) NOT NULL,
  PRIMARY KEY (`id`),
  KEY `parsingbpmn_subcateg_category_id_36e539b6_fk_parsingbp` (`category_id`),
  CONSTRAINT `parsingbpmn_subcateg_category_id_36e539b6_fk_parsingbp` FOREIGN KEY (`category_id`) REFERENCES `parsingbpmn_category` (`id`)
) ENGINE=InnoDB AUTO_INCREMENT=118 DEFAULT CHARSET=utf8mb4;
/*!40101 SET character_set_client = @saved_cs_client */;

--
-- Dumping data for table `parsingbpmn_subcategory`
--

LOCK TABLES `parsingbpmn_subcategory` WRITE;
/*!40000 ALTER TABLE `parsingbpmn_subcategory` DISABLE KEYS */;
INSERT INTO `parsingbpmn_subcategory` VALUES (1,'ID.AM-1','Sono censiti i sistemi e gli apparati fisici in uso nell\'organizzazione',1),(2,'ID.AM-2','Sono censite le piattaforme e le applicazioni software in uso nell\'organizzazione',1),(3,'ID.AM-3','I flussi di dati e comunicazioni inerenti l\'organizzazione sono identificati',1),(4,'ID.AM-4','I sistemi informativi esterni all\'organizzazione sono catalogati',1),(5,'ID.AM-5','Le risorse (es: hardware, dispositivi, dati, allocazione temporale, personale e software) sono prioritizzate in base alla loro classificazione (e.g. confidenzialit, integrit, disponibilit), criticit e valore per il business dell\'organizzazione',1),(6,'ID.AM-6','Sono definiti e resi noti ruoli e responsabilit inerenti la cybersecurity per tutto il personale e per eventuali terze parti rilevanti (es. fornitori, clienti, partner)',1),(7,'DP-ID.AM-7','Sono definiti e resi noti ruoli e responsabilit inerenti al trattamento e la protezione dei dati personali per tutto il personale e per eventuali terze parti rilevanti (es. fornitori, clienti, partner)',1),(8,'DP-ID.AM-8','I trattamenti di dati personali sono identificati e catalogati',1),(9,'ID.BE-1','Il ruolo dell\'organizzazione all\'interno della filiera produttiva  identificato e reso noto',2),(10,'ID.BE-2','Il ruolo dell\'organizzazione come  infrastruttura critica e nel settore industriale di riferimento  identificato e reso noto',2),(11,'ID.BE-3','Sono definite e rese note delle priorit per quanto riguarda la missione, gli obiettivi e le attivit dell\'organizzazione',2),(12,'ID.BE-4','Sono identificate e rese note interdipendenze e funzioni fondamentali per la fornitura di servizi critici',2),(13,'ID.BE-5','Sono identificati e resi noti i requisiti di resilienza a supporto della fornitura di servizi critici per tutti gli stati di esercizio (es. sotto stress/attacco, in fase di recovery, normale esercizio)',2),(14,'ID.GV-1',' identificata e resa nota una policy di cybersecurity',3),(15,'ID.GV-2','Ruoli e responsabilit inerenti la cybersecurity sono coordinati ed allineati con i ruoli interni ed i partner esterni',3),(16,'ID.GV-3','I requisiti legali in materia di cybersecurity, con l\'inclusione degli obblighi riguardanti la privacy e le libert civili, sono compresi e gestiti',3),(17,'ID.GV-4','La governance ed i processi di risk management includono la gestione dei rischi legati alla cybersecurity',3),(18,'ID.RA-1','Le vulnerabilit delle risorse (es. sistemi, locali, dispositivi) dell\'organizzazione sono identificate e documentate',4),(19,'ID.RA-2','L\'organizzazione riceve informazioni su minacce, vulnerabilit ed altri dati configurabili come Cyber Threat Intelligence da fonti esterne (e.g. CERT, fonti aperte, forum di information sharing)',4),(20,'ID.RA-3','Le minacce, sia interne che esterne, sono identificate e documentate',4),(21,'ID.RA-4','Sono identificati i potenziali impatti sul business e le relative probabilit di accadimento',4),(22,'ID.RA-5','Le minacce, le vulnerabilit, le relative probabilit di accadimento e conseguenti impatti sono utilizzati per determinare il rischio',4),(23,'ID.RA-6','Sono identificate e prioritizzate le risposte al rischio',4),(24,'DP-ID.RA-7','Viene effettuata una valutazione di impatto sulla protezione dei dati personali',4),(25,'ID.RM-1','I processi di risk management sono stabiliti, gestiti e concordati tra i responsabili dell\'organizzazione (c.d. stakeholder)',5),(26,'ID.RM-2','Il rischio tollerato dall\'organizzazione  identificato ed espresso chiaramente',5),(27,'ID.RM-3','Il rischio tollerato  determinato tenendo conto del ruolo dell\'organizzazione come infrastruttura critica e dei rischi specifici presenti nel settore industriale di appartenenza',5),(28,'ID.SC-1','I processi di gestione del rischio inerenti la catena di approvvigionamento cyber sono identificati, ben definiti, validati, gestiti e approvati da attori interni all\'organizzazione',6),(29,'ID.SC-2','I fornitori e i partner terzi di sistemi informatici, componenti e servizi sono identificati, prioritizzati e valutati utilizzando un processo di valutazione del rischio inerente la catena di approvvigionamento cyber',6),(30,'ID.SC-3','I contratti con i fornitori e i partner terzi sono utilizzati per realizzare appropriate misure progettate per rispettare gli obiettivi del programma di cybersecurity dell\'organizzazione e del Piano di Gestione del Rischio della catena di approvvigionamento cyber',6),(31,'ID.SC-4','Fornitori e partner terzi sono regolarmente valutati utilizzando audit, verifiche, o altre forme di valutazione per confermare il rispetto degli obblighi contrattuali',6),(32,'ID.SC-5','La pianificazione e la verifica della risposta e del ripristino sono condotti con i fornitori e i partner terzi',6),(33,'DP-ID.DM-1','Il ciclo di vita dei dati  definito e documentato',7),(34,'DP-ID.DM-2','Sono definiti, implementati e documentati i processi riguardanti l\'informazione dell\'interessato in merito al trattamento dei dati',7),(35,'DP-ID.DM-3','Sono definiti, implementati e documentati i processi di raccolta e revoca del consenso dell\'interessato al trattamento di dati',7),(36,'DP-ID.DM-4','Sono definiti, implementati e documentati i processi per l\'esercizio dei diritti (accesso, rettifica, cancellazione, ecc.) dell\'interessato',7),(37,'DP-ID.DM-5','Sono definiti, implementati e documentati i processi di trasferimento dei dati in ambito internazionale',7),(38,'PR.AC-1','Le identit digitali e le credenziali di accesso per gli utenti, i dispositivi e i processi autorizzati sono amministrate, verificate, revocate e sottoposte a audit sicurezza',8),(39,'PR.AC-2','L\'accesso fisico alle risorse  protetto e amministrato',8),(40,'PR.AC-3','L\'accesso remoto alle risorse  amministrato',8),(41,'PR.AC-4','I diritti di accesso alle risorse e le relative autorizzazioni sono amministrati secondo il principio del privilegio minimo e della separazione delle funzioni',8),(42,'PR.AC-5','L\'integrit di rete  protetta (es. segregazione di rete, segmentazione di rete)',8),(43,'PR.AC-6','Le identit sono comprovate, associate a credenziali e verificate durante le interazioni',8),(44,'PR.AC-7','Le modalit di autenticazione (es. autenticazione a fattore singolo o multiplo) per gli utenti, i dispositivi e altri asset sono commisurate al rischio della transazione (es. rischi legati alla sicurezza e privacy degli individui e altri rischi dell\'organizzazione)',8),(45,'PR.AT-1','Tutti gli utenti sono informati e addestrati ',9),(46,'PR.AT-2','Gli utenti con privilegi (es. Amministratori di Sistema) comprendono i loro ruoli e responsabilit ',9),(47,'PR.AT-3','Tutte le terze parti (es. fornitori, clienti, partner) comprendono i loro ruoli e responsabilit ',9),(48,'PR.AT-4','I dirigenti ed i vertici aziendali comprendono i loro ruoli e responsabilit ',9),(49,'PR.AT-5','Il personale addetto alla sicurezza fisica e alla cybersecurity comprende i suoi ruoli e responsabilit ',9),(50,'PR.DS-1','I dati memorizzati sono protetti',10),(51,'PR.DS-2','I dati sono protetti durante la trasmissione',10),(52,'PR.DS-3','Il trasferimento fisico,  la rimozione e la distruzione dei dispositivi atti alla memorizzazione di dati sono gestiti attraverso un processo formale',10),(53,'PR.DS-4','I sistemi hanno adeguate risorse a disposizione per poter garantire la disponibilit',10),(54,'PR.DS-5','Sono implementate tecniche di protezione (es. controllo di accesso) contro la sottrazione dei dati (data leak).',10),(55,'PR.DS-6','Sono impiegati meccanismi di controllo dell\'integrit dei dati per verificare l\'autenticit di software, firmware e delle informazioni',10),(56,'PR.DS-7','Gli ambienti di sviluppo e test sono separati dall\'ambiente di produzione',10),(57,'PR.DS-8','Sono impiegati meccanismi di controllo dell\'integrit per verificare l\'integrit del hardware',10),(58,'PR.IP-1','Sono definite e gestite delle pratiche di riferimento (c.d. baseline) per la configurazione dei sistemi IT e di controllo industriale che incorporano principi di sicurezza (es. principio di minima funzionalit)',11),(59,'PR.IP-2','Viene implementato un processo per la gestione del ciclo di vita dei sistemi (System Development Life Cycle).',11),(60,'PR.IP-3','Sono attivi processi di controllo della modifica delle configurazioni',11),(61,'PR.IP-4','I backup delle informazioni sono eseguiti, amministrati e verificati ',11),(62,'PR.IP-5','Sono rispettate le policy ed i regolamenti relativi agli ambienti fisici in cui operano le risorse dell\'organizzazione',11),(63,'PR.IP-6','I dati sono distrutti in conformit con le policy',11),(64,'PR.IP-7','I processi di protezione sono sottoposti a miglioramenti',11),(65,'PR.IP-8','L\'efficacia delle tecnologie di protezione viene condivisa',11),(66,'PR.IP-9','Sono attivi ed amministrati piani di risposta (Incident Response e Business Continuity) e recupero (Incident Recovery e Disaster Recovery) in caso di incidente/disastro',11),(67,'PR.IP-10','I piani di risposta e recupero a seguito di incidenti/disastri sono verificati nel tempo',11),(68,'PR.IP-11','Le problematiche inerenti la cybersecurity sono incluse nei processi di gestione del personale (es: screening, deprovisioning)',11),(69,'PR.IP-12','Viene sviluppato e implementato un piano di gestione delle vulnerabilit',11),(70,'PR.MA-1','La manutenzione e la riparazione delle risorse e dei sistemi  eseguita e registrata con strumenti controllati ed autorizzati',12),(71,'PR.MA-2','La manutenzione remota delle risorse e dei sistemi  approvata, documentata e svolta in modo da evitare accessi non autorizzati',12),(72,'PR.PT-1','Esiste ed  attuata una policy per definire, implementare e revisionare i log dei sistemi',13),(73,'PR.PT-2','I supporti di memorizzazione removibili sono protetti ed il loro uso  ristretto in accordo alle policy',13),(74,'PR.PT-3','Viene adottato il principio di minima funzionalit configurando i sistemi in modo che forniscano solo le funzionalit necessarie',13),(75,'PR.PT-4','Le reti di comunicazione e controllo sono protette',13),(76,'PR.PT-5','Sono implementati meccanismi (es. failsafe, load balancing, hot swap) che permettono di soddisfare requisiti di resilienza sia durante il normale esercizio che in situazioni avverse',13),(77,'DE.AE-1','Sono definite, rese note e gestite delle pratiche di riferimento (c.d. baseline) inerenti l\'utilizzo della rete ed i flussi informativi attesi per utenti e sistemi',14),(78,'DE.AE-2','Gli eventi rilevati vengono analizzati per comprendere gli obiettivi e le metodologie dell\'attacco',14),(79,'DE.AE-3','Le informazioni relative agli eventi sono raccolte e correlate da sensori e sorgenti multiple',14),(80,'DE.AE-4','Viene determinato l\'impatto di un evento',14),(81,'DE.AE-5','Vengono definite delle soglie di allerta per gli incidenti',14),(82,'DE.CM-1','Viene svolto il monitoraggio della rete informatica per rilevare potenziali eventi di cybersecurity',15),(83,'DE.CM-2','Viene svolto il monitoraggio degli spazi fisici per rilevare potenziali eventi di cybersecurity',15),(84,'DE.CM-3','Viene svolto il monitoraggio del personale per rilevare potenziali eventi di cybersecurity',15),(85,'DE.CM-4','Il codice malevolo viene rilevato',15),(86,'DE.CM-5','Il codice non autorizzato su dispositivi mobili viene rilevato',15),(87,'DE.CM-6','Viene svolto il monitoraggio delle attivit dei service provider esterni per rilevare potenziali eventi di cybersecurity',15),(88,'DE.CM-7','Viene svolto il monitoraggio per rilevare personale, connessioni, dispositivi o software non autorizzati',15),(89,'DE.CM-8','Vengono svolte scansioni per l\'identificazione di vulnerabilit',15),(90,'DE.DP-1','Ruoli e responsabilit per i processi di monitoraggio sono ben definiti al fine di garantire l\'accountability',16),(91,'DE.DP-2','Le attivit di monitoraggio soddisfano tutti i requisiti applicabili',16),(92,'DE.DP-3','I processi di monitoraggio vengono testati',16),(93,'DE.DP-4','L\'informazione relativa agli eventi rilevati viene comunicata',16),(94,'DE.DP-5','I processi di monitoraggio sono oggetto di periodici miglioramenti e perfezionamenti',16),(95,'RS.RP-1','Esiste un piano di risposta (response plan) e questo viene eseguito durante o dopo un incidente',17),(96,'RS.CO-1','Il personale conosce il proprio ruolo e le operazioni che deve svolgere in caso sia necessaria una risposta ad un incidente',18),(97,'RS.CO-2','Sono stabiliti dei criteri per documentare gli incidenti',18),(98,'RS.CO-3','Le informazioni sono condivise in maniera coerente con il piano di risposta',18),(99,'RS.CO-4','Il coordinamento con le parti interessate dell\'organizzazione avviene in coerenza con i piani di risposta',18),(100,'RS.CO-5',' attuata una condivisione spontanea delle informazioni con le parti interessate esterne all\'organizzazione (information sharing) per ottenere una maggior consapevolezza della situazione (c.d. situational awareness)',18),(101,'DP-RS.CO-6','Gli incidenti che si configurano come violazioni di dati personali sono documentati ed eventualmente vengono informati le autorit di riferimento e gli interessati',18),(102,'RS.AN-1','Le notifiche provenienti dai sistemi di monitoraggio vengono sempre visionate e analizzate',19),(103,'RS.AN-2','Viene compreso l\'impatto di ogni incidente',19),(104,'RS.AN-3','A seguito di un incidente viene svolta un\'analisi forense',19),(105,'RS.AN-4','Gli incidenti sono categorizzate in maniera coerente con i piani di risposta',19),(106,'RS.AN-5','Sono definiti processi per ricevere, analizzare e rispondere a informazioni inerenti vulnerabilit rese note da fonti interne o esterne all\'organizzazione (es. test interni, bollettini di sicurezza, o ricercatori in sicurezza)',19),(107,'RS.MI-1','In caso di incidente vengono messe in atto procedure atte a contenerne l\'impatto',20),(108,'RS.MI-2','In caso di incidente vengono messe in atto procedure atte a mitigarne gli effetti',20),(109,'RS.MI-3','Le nuove vulnerabilit sono mitigate o documentate come rischio accettato',20),(110,'RS.IM-1','I piani di risposta agli incidenti tengono in considerazione le esperienze passate (lesson learned)',21),(111,'RS.IM-2','Le strategie di risposta agli incidenti sono aggiornate',21),(112,'RC.RP-1','Esiste un piano di ripristino (recovery plan) e viene eseguito durante o dopo un incidente di cybersecurity',17),(113,'RC.IM-1','I piani di ripristino tengono in considerazione le esperienze passate (lesson learned)',23),(114,'RC.IM-2','Le strategie di recupero sono aggiornate',23),(115,'RC.CO-1','A seguito di un incidente vengono gestite le pubbliche relazioni',24),(116,'RC.CO-2','A seguito di un incidente viene ripristinata la reputazione ',24),(117,'RC.CO-3','Le attivit di ripristino condotte a seguito di un incidente vengono comunicate alle parti interessate interne ed esterne all\'organizzazione, inclusi i dirigenti ed i vertici dell\'organizzazione',24);
/*!40000 ALTER TABLE `parsingbpmn_subcategory` ENABLE KEYS */;
UNLOCK TABLES;

--
-- Table structure for table `parsingbpmn_subcategory_is_implemented_through_control`
--

DROP TABLE IF EXISTS `parsingbpmn_subcategory_is_implemented_through_control`;
/*!40101 SET @saved_cs_client     = @@character_set_client */;
/*!40101 SET character_set_client = utf8 */;
CREATE TABLE `parsingbpmn_subcategory_is_implemented_through_control` (
  `id` int(11) NOT NULL AUTO_INCREMENT,
  `control_id` int(11) NOT NULL,
  `subcategory_id` int(11) NOT NULL,
  PRIMARY KEY (`id`),
  KEY `parsingbpmn_subcateg_control_id_a17f75f7_fk_parsingbp` (`control_id`),
  KEY `parsingbpmn_subcateg_subcategory_id_d66defd2_fk_parsingbp` (`subcategory_id`),
  CONSTRAINT `parsingbpmn_subcateg_control_id_a17f75f7_fk_parsingbp` FOREIGN KEY (`control_id`) REFERENCES `parsingbpmn_control` (`id`),
  CONSTRAINT `parsingbpmn_subcateg_subcategory_id_d66defd2_fk_parsingbp` FOREIGN KEY (`subcategory_id`) REFERENCES `parsingbpmn_subcategory` (`id`)
) ENGINE=InnoDB AUTO_INCREMENT=1050 DEFAULT CHARSET=utf8mb4;
/*!40101 SET character_set_client = @saved_cs_client */;

--
-- Dumping data for table `parsingbpmn_subcategory_is_implemented_through_control`
--

LOCK TABLES `parsingbpmn_subcategory_is_implemented_through_control` WRITE;
/*!40000 ALTER TABLE `parsingbpmn_subcategory_is_implemented_through_control` DISABLE KEYS */;
INSERT INTO `parsingbpmn_subcategory_is_implemented_through_control` VALUES (173,21,1),(174,22,1),(175,23,1),(176,24,1),(177,25,1),(178,26,1),(179,27,1),(180,28,1),(181,29,1),(182,30,1),(183,31,1),(184,32,1),(185,33,1),(186,34,2),(187,35,2),(188,36,2),(189,37,2),(190,38,2),(191,39,2),(192,40,2),(193,41,2),(194,79,3),(195,133,3),(196,134,3),(197,137,3),(198,138,3),(199,139,3),(200,140,3),(201,131,5),(202,132,5),(203,80,6),(204,83,6),(205,84,6),(206,85,6),(207,96,6),(208,97,6),(209,98,6),(210,99,6),(211,124,6),(212,57,18),(213,58,18),(214,69,18),(215,66,19),(216,72,21),(217,72,22),(218,87,38),(219,88,38),(220,89,38),(221,90,38),(222,91,38),(223,92,38),(224,93,38),(225,94,38),(226,100,38),(227,101,38),(228,101,39),(229,130,39),(230,50,40),(231,109,40),(232,76,41),(233,77,41),(234,78,41),(235,141,41),(236,133,42),(237,117,45),(238,118,45),(239,80,46),(240,87,46),(241,88,46),(242,89,46),(243,90,46),(244,93,46),(245,94,46),(246,95,46),(247,98,46),(248,99,46),(249,100,46),(250,133,50),(251,49,51),(252,139,54),(253,140,54),(254,141,54),(255,51,55),(256,52,55),(257,129,55),(258,75,56),(259,107,56),(260,43,58),(261,45,58),(262,82,58),(263,110,58),(264,111,58),(265,44,59),(266,46,59),(267,48,59),(268,49,59),(269,47,60),(270,53,60),(271,54,60),(272,55,60),(273,56,60),(274,83,60),(275,84,60),(276,85,60),(277,105,60),(278,106,60),(301,125,61),(302,126,61),(303,127,61),(304,128,61),(305,130,61),(306,130,62),(307,130,66),(308,71,69),(309,72,69),(310,73,69),(311,74,69),(312,67,70),(313,68,70),(314,106,70),(315,50,71),(316,106,71),(317,95,73),(318,115,73),(319,119,73),(320,135,73),(321,136,73),(323,76,74),(324,77,74),(325,78,74),(326,95,74),(327,108,74),(328,86,77),(329,109,77),(330,133,77),(331,103,82),(332,104,82),(333,112,82),(334,114,82),(335,120,82),(336,121,82),(337,122,82),(338,123,82),(339,134,82),(340,137,82),(341,138,82),(342,139,82),(343,140,82),(344,80,84),(345,81,84),(346,102,85),(347,106,85),(348,107,85),(349,112,85),(350,113,85),(351,114,85),(352,116,85),(353,117,85),(354,118,85),(355,119,85),(357,120,85),(358,121,85),(359,122,85),(360,123,85),(361,124,85),(362,102,86),(363,108,88),(364,109,88),(365,57,89),(366,58,89),(367,59,89),(368,60,89),(369,61,89),(370,62,89),(371,63,89),(372,64,89),(373,65,89),(374,69,89),(375,105,90),(376,104,96),(377,124,100),(378,104,107),(379,110,107),(380,111,107),(381,110,108),(382,111,108),(383,70,109),(384,71,109),(385,74,109),(386,46,112),(387,44,113),(388,1049,88),(389,1050,88),(390,1051,88),(391,1052,1),(392,1052,52),(393,1053,52),(394,1054,52),(395,1055,38),(396,1056,43),(397,1057,2),(398,1058,2),(399,1059,88),(400,1060,2),(401,1061,1),(402,1061,2),(403,1062,88),(404,1063,88),(405,1063,55),(406,1064,55),(407,1064,88),(408,1065,55),(409,1065,88),(410,1067,18),(411,1067,89),(412,1068,89),(413,1073,109),(414,1073,22),(415,1073,69),(416,1074,38),(417,1075,38),(418,1076,41),(419,1078,44),(420,1080,74),(421,1081,88),(422,1082,88),(423,1083,58),(424,1084,58),(425,1085,58),(426,1087,89),(427,1089,72),(428,1089,79),(429,1090,72),(430,1091,53),(431,1092,72),(432,1092,79),(433,1093,79),(434,1094,79),(435,1094,72),(436,1094,102),(437,1094,78),(438,1095,81),(439,1096,58),(440,1097,58),(441,1098,59),(442,1099,88),(443,1100,88),(444,1101,79),(445,1102,82),(446,1102,88),(447,1103,58),(448,1104,88),(449,1105,85),(450,1106,85),(451,1107,85),(452,1108,58),(453,1109,85),(454,1110,73),(455,1111,79),(456,1112,79),(457,1112,82),(458,1113,79),(459,1115,58),(460,1116,89),(461,1117,58),(462,1118,58),(463,1119,61),(464,1120,61),(465,1121,61),(466,1121,55),(467,1122,50),(468,1123,50),(469,1123,76),(470,1124,58),(471,1125,3),(472,1126,60),(473,1126,89),(474,1127,58),(475,1128,44),(476,1129,42),(477,1130,42),(478,1131,4),(479,1132,4),(480,1132,88),(481,1133,58),(482,1134,58),(483,1135,82),(484,1136,82),(485,1137,82),(486,1138,82),(487,1139,82),(488,1139,88),(489,1140,82),(490,1140,88),(491,1141,40),(492,1142,71),(493,1142,40),(494,1143,5),(495,1144,52),(496,1145,54),(497,1146,54),(498,1147,88),(499,1148,50),(500,1149,73),(501,1150,73),(502,1151,73),(503,1152,42),(504,1153,42),(505,1154,42),(506,1155,51),(507,1157,41),(508,1158,54),(509,1159,50),(510,1160,55),(511,1161,3),(512,1161,77),(513,1162,88),(514,1163,82),(515,1164,58),(516,1165,58),(517,1166,58),(518,1167,51),(519,1168,44),(520,1169,58),(521,1170,42),(522,1171,38),(523,1173,44),(524,1174,38),(525,1175,51),(526,1176,38),(527,1177,38),(528,1177,68),(529,1178,38),(530,1179,38),(531,1180,38),(532,1181,58),(533,1182,84),(534,1183,84),(535,1185,49),(536,1185,48),(537,1185,47),(538,1185,46),(539,1185,45),(540,1186,45),(541,1186,6),(542,1188,45),(543,1189,45),(544,1190,45),(545,1191,45),(546,1192,45),(547,1197,50),(548,1197,51),(549,1200,106),(550,1201,56),(551,1203,58),(552,1204,66),(553,1205,66),(554,1205,15),(555,1205,96),(556,1205,90),(557,1206,66),(558,1206,90),(559,1207,97),(560,1208,32),(561,1209,93),(562,1209,99),(563,1210,67),(564,1211,105),(565,1219,38),(566,405,1),(567,386,1),(568,405,2),(569,386,2),(570,169,3),(571,348,3),(572,365,3),(573,688,3),(574,255,4),(575,747,4),(576,423,5),(577,709,5),(578,786,5),(579,837,5),(580,423,6),(581,706,6),(582,423,9),(583,769,9),(584,786,11),(585,452,12),(586,650,12),(587,655,12),(588,786,12),(589,423,13),(590,473,13),(591,785,13),(592,786,13),(593,706,15),(594,725,17),(595,344,18),(596,358,18),(597,362,18),(598,710,18),(599,712,18),(600,738,18),(601,760,18),(602,958,18),(603,976,18),(604,1001,18),(605,1001,19),(606,710,20),(607,1001,20),(608,709,21),(609,710,21),(610,786,21),(611,709,22),(612,710,22),(613,786,27),(614,747,28),(615,769,28),(616,709,29),(617,710,29),(618,769,29),(619,786,29),(620,787,29),(621,747,30),(622,760,30),(623,769,30),(624,281,31),(625,296,31),(626,328,31),(627,340,31),(628,706,31),(629,747,31),(630,769,31),(631,423,32),(632,435,32),(633,537,32),(634,540,32),(635,553,32),(636,560,32),(637,561,32),(638,143,38),(639,144,38),(640,476,38),(641,477,38),(642,491,38),(643,496,38),(644,504,38),(645,520,38),(646,521,38),(647,528,38),(648,531,38),(649,532,38),(650,625,39),(651,629,39),(652,636,39),(653,637,39),(654,641,39),(655,647,39),(656,143,40),(657,233,40),(658,249,40),(659,255,40),(660,883,40),(661,143,41),(662,144,41),(663,158,41),(664,192,41),(665,193,41),(666,222,41),(667,265,41),(668,169,42),(669,213,42),(670,838,42),(671,143,43),(672,144,43),(673,158,43),(674,222,43),(675,249,43),(676,265,43),(677,476,43),(678,477,43),(679,496,43),(680,504,43),(681,522,43),(682,625,43),(683,694,43),(684,204,44),(685,207,44),(686,208,44),(687,214,44),(688,216,44),(689,219,44),(690,476,44),(691,477,44),(692,491,44),(693,496,44),(694,504,44),(695,522,44),(696,528,44),(697,531,44),(698,532,44),(699,270,45),(700,273,46),(701,706,47),(702,747,47),(703,799,47),(704,273,48),(705,273,49),(706,534,49),(707,619,50),(708,871,50),(709,915,50),(710,862,51),(711,869,51),(712,871,51),(713,405,52),(714,607,52),(715,670,52),(716,289,53),(717,423,53),(718,833,53),(719,169,54),(720,192,54),(721,193,54),(722,674,54),(723,694,54),(724,702,54),(725,838,54),(726,862,54),(727,877,54),(728,926,54),(729,976,54),(730,888,55),(731,1007,55),(732,368,56),(733,753,57),(734,1007,57),(735,368,58),(736,376,58),(737,383,58),(738,386,58),(739,394,58),(740,399,58),(741,415,58),(742,753,58),(743,688,59),(744,726,59),(745,727,59),(746,746,59),(747,753,59),(748,760,59),(749,769,59),(750,787,59),(751,800,59),(752,1036,59),(753,1037,59),(754,1043,59),(755,1046,59),(756,1047,59),(757,376,60),(758,383,60),(759,753,60),(760,435,61),(761,441,61),(762,458,61),(763,653,62),(764,658,62),(765,660,62),(766,665,62),(767,672,62),(768,607,63),(769,344,64),(770,358,64),(771,423,64),(772,560,64),(773,678,64),(774,260,65),(775,358,65),(776,976,65),(777,423,66),(778,445,66),(779,474,66),(780,475,66),(781,557,66),(782,560,66),(783,561,66),(784,671,66),(785,435,67),(786,537,67),(787,692,68),(788,694,68),(789,693,68),(790,698,68),(791,701,68),(792,702,68),(793,706,68),(794,707,68),(795,817,68),(796,710,69),(797,712,69),(798,958,69),(799,568,70),(800,571,70),(801,584,70),(802,590,70),(803,576,71),(804,280,72),(805,281,72),(806,286,72),(807,289,72),(808,291,72),(809,296,72),(810,307,72),(811,310,72),(812,313,72),(813,320,72),(814,326,72),(815,328,72),(816,332,72),(817,335,72),(818,339,72),(819,340,72),(820,595,73),(821,598,73),(822,599,73),(823,602,73),(824,616,73),(825,619,73),(826,158,74),(827,399,74),(828,169,75),(829,233,75),(830,243,75),(831,452,75),(832,838,75),(833,897,75),(834,898,75),(835,901,75),(836,903,75),(837,904,75),(838,910,75),(839,911,75),(840,918,75),(841,930,75),(842,937,75),(843,939,75),(844,941,75),(845,945,75),(846,950,75),(847,955,75),(848,445,76),(849,452,76),(850,473,76),(851,475,76),(852,688,76),(853,786,76),(854,837,76),(855,169,77),(856,348,77),(857,368,77),(858,976,77),(859,296,78),(860,358,78),(861,540,78),(862,976,78),(863,296,79),(864,358,79),(865,540,79),(866,551,79),(867,560,79),(868,976,79),(869,423,80),(870,540,80),(871,710,80),(872,976,80),(873,540,81),(874,551,81),(875,560,81),(876,144,82),(877,328,82),(878,358,82),(879,376,82),(880,833,82),(881,838,82),(882,976,82),(883,358,83),(884,629,83),(885,641,83),(886,676,83),(887,144,84),(888,328,84),(889,332,84),(890,358,84),(891,417,84),(892,419,84),(893,965,85),(894,1024,85),(895,891,86),(896,976,86),(897,956,86),(898,358,87),(899,706,87),(900,727,87),(901,747,87),(902,976,87),(903,328,88),(904,358,88),(905,376,88),(906,405,88),(907,629,88),(908,641,88),(909,676,88),(910,976,88),(911,712,89),(912,344,90),(913,358,90),(914,268,91),(915,344,91),(916,358,91),(917,808,91),(918,976,91),(919,344,92),(920,358,92),(921,629,92),(922,965,92),(923,976,92),(924,296,93),(925,344,93),(926,358,93),(927,712,93),(928,976,93),(929,344,94),(930,358,94),(931,678,94),(932,712,94),(933,976,94),(934,423,95),(935,466,95),(936,540,95),(937,560,95),(938,423,96),(939,432,96),(940,537,96),(941,560,96),(942,296,96),(943,553,96),(944,560,96),(945,344,97),(946,358,97),(947,423,97),(948,560,97),(949,641,97),(950,712,97),(951,976,97),(952,423,98),(953,540,98),(954,560,98),(955,1001,99),(956,296,101),(957,358,101),(958,540,101),(959,551,101),(960,641,101),(961,976,101),(962,423,102),(963,540,102),(964,307,103),(965,540,103),(966,423,104),(967,540,104),(968,551,104),(969,560,104),(970,1001,105),(971,540,106),(972,540,107),(988,423,113),(989,540,113),(990,560,113),(991,423,114),(992,540,114),(993,560,114),(994,423,117),(995,540,117),(996,540,108),(997,358,109),(998,710,109),(999,712,109),(1000,423,110),(1001,540,110),(1002,560,110),(1003,423,111),(1004,540,111),(1005,560,111),(1006,466,112),(1007,540,112),(1008,560,112),(1009,1223,7),(1010,1224,7),(1011,1225,7),(1012,1226,7),(1013,1227,7),(1014,1228,7),(1015,1229,7),(1016,1230,7),(1017,1231,7),(1018,1232,7),(1019,1233,7),(1020,1234,7),(1021,1235,8),(1022,1236,16),(1023,1237,16),(1024,1238,24),(1025,1239,24),(1026,1240,24),(1027,1241,24),(1028,1242,24),(1029,1243,34),(1030,1244,35),(1031,1245,35),(1032,1246,36),(1033,1247,36),(1034,1248,36),(1035,1249,36),(1036,1250,36),(1037,1251,36),(1038,1252,36),(1039,1253,36),(1040,1254,36),(1041,1255,36),(1042,1256,36),(1043,1257,37),(1044,1258,37),(1045,1259,37),(1046,1260,101),(1047,1261,101),(1048,1262,101),(1049,1263,101);
/*!40000 ALTER TABLE `parsingbpmn_subcategory_is_implemented_through_control` ENABLE KEYS */;
UNLOCK TABLES;

--
-- Table structure for table `parsingbpmn_system`
--

DROP TABLE IF EXISTS `parsingbpmn_system`;
/*!40101 SET @saved_cs_client     = @@character_set_client */;
/*!40101 SET character_set_client = utf8 */;
CREATE TABLE `parsingbpmn_system` (
  `id` int(11) NOT NULL AUTO_INCREMENT,
  `name` varchar(100) NOT NULL,
  PRIMARY KEY (`id`)
) ENGINE=InnoDB AUTO_INCREMENT=9 DEFAULT CHARSET=utf8mb4;
/*!40101 SET character_set_client = @saved_cs_client */;

--
-- Dumping data for table `parsingbpmn_system`
--

LOCK TABLES `parsingbpmn_system` WRITE;
/*!40000 ALTER TABLE `parsingbpmn_system` DISABLE KEYS */;
INSERT INTO `parsingbpmn_system` VALUES (3,'Regione Campania'),(4,'Unicampania');
/*!40000 ALTER TABLE `parsingbpmn_system` ENABLE KEYS */;
UNLOCK TABLES;

--
-- Table structure for table `parsingbpmn_threat`
--

DROP TABLE IF EXISTS `parsingbpmn_threat`;
/*!40101 SET @saved_cs_client     = @@character_set_client */;
/*!40101 SET character_set_client = utf8 */;
CREATE TABLE `parsingbpmn_threat` (
  `id` int(11) NOT NULL AUTO_INCREMENT,
  `name` varchar(100) NOT NULL,
  `description` varchar(500) NOT NULL,
  PRIMARY KEY (`id`)
) ENGINE=InnoDB AUTO_INCREMENT=173 DEFAULT CHARSET=utf8mb4;
/*!40101 SET character_set_client = @saved_cs_client */;

--
-- Dumping data for table `parsingbpmn_threat`
--

LOCK TABLES `parsingbpmn_threat` WRITE;
/*!40000 ALTER TABLE `parsingbpmn_threat` DISABLE KEYS */;
INSERT INTO `parsingbpmn_threat` VALUES (1,'Fraud','Fraud made by human'),(2,'Sabotage','Intentional actions (non-fulfillment or defective fulfillment of personal duties) aimed to cause disruption or damage of IT Assets'),(3,'Vandalism','Act of physically damage of IT Assets'),(4,'Theft (devices, storage media and documents)\r\n','Stealing of information or IT Assets. [Theft of mobile devices (smartphones/ tablets) - Theft of fi9ed hardware - Theft of documents - Theft of backups]'),(5,'Information leakage/sharing\r\n','Sharing information with unauthorised entities. Loss of information confidentiality due to intentional human actions.'),(6,'Unauthorized physical access / Unauthorised entry to premises\r\n','Unapproved access to facility.\r\n'),(7,'Coercion, extortion or corruption\r\n','Actions caused by coercion, extortion or corruption\r\n'),(8,'Damage from the warfare\r\n','Threats of direct impact of warfare activities\r\n'),(9,'Terrorists attack\r\n','Threats of bombing or other actions that counts as \"terrorists attacks\"\r\n'),(10,'Information leakage/sharing due to human error\r\n','Unintentional distribution of private or sensitive data to an unauthorized entity by staff member.\r\n'),(11,'Erroneous use or administration of devices and systems\r\n','Information leakage / sharing / damage caused by users IT Assets misuse (lack of awareness of application features) or wrong / improperly IT Assets configuration or management\r\n'),(12,'Using information from an unreliable source\r\n','Bad decision based on unreliable sources of information or unchecked information.\r\n'),(13,'Unintentional change of data in an information system\r\n','Loss of information integrity due to human error (information system user mistake)\r\n'),(14,'Inadequate design and planning or improperly adaptation\r\n','Threats caused by improperly IT Assets or business processes design (inadequate specifications of IT products, inadequate usability, insecure interfaces, policy/procedure flows, design errors)\r\n'),(15,'Damage caused by a third party \r\n','Threats of damage of IT Assets caused by third party \r\n'),(16,'Damages resulting from penetration testing\r\n','Threats to information systems caused by improperly / inprepare conducting of IT penetration testing\r\n'),(17,'Loss of information in the cloud\r\n','Threats of loosing information or data stored in the cloud\r\n'),(18,'Loss of (integrity of) sensitive information\r\n','Threats of loosing information or data (or changing) information classified as sensitive\r\n'),(19,'Loss of devices, storage media and documents\r\n','Threats of the lack of availability (loosing) of IT Assets and documents\r\n'),(20,'Destruction of records\r\n','Threats of the lack of availability (destruction) of data and records (information) stored in devices and storage media\r\n'),(21,'Disaster (natural earthquakes,floods,landslides, tsunamis,heavy rains,heavy snowfalls,heavy winds)','Large scale and large effects natural disasters'),(22,'Fire','Threat of fire '),(23,'Pollution, dust, corrosion\r\n','Threat of disruption of work of IT systems (hardware) dur to pollution, dust or corrosion (arising from the air)\r\n'),(24,'Thunder stroke\r\n','Threat of damage of IT hardware caused by the thunder strike (the electrical overvoltage)\r\n'),(25,'Water\r\n','Threat of damage of IT hardware caused by the water\r\n'),(26,'Explosion\r\n','empty\r\n'),(27,'Dangerous radiation leak\r\n','empty\r\n'),(28,'Unfavorable climatic conditions\r\n','Threat of disruption of work of IT systems due to climatic conditions that have the negative effect on hardware\r\n'),(29,'Major events in the environment\r\n','empty\r\n'),(30,'Threats from space / Electromagnetic storm\r\n','Threats of the negative impact of solar radiation (harmful rays) to a satellites and radio wave communication systems - Electromagnetic storm\r\n'),(31,'Wildlife\r\n','empty\r\n'),(32,'Failure of devices or systems\r\n','Threat of failure of IT hardware and/or software assets or its parts\r\n'),(33,'Failure or disruption of communication links (communication networks)\r\n','Threat of failure or malfunction of communications links \r\n'),(34,'Failure or disruption of main supply\r\n','Threat of failure or disruption of supply required for information systems\r\n'),(35,'Failure or disruption of service providers (supply chain)\r\n','Threat of failure or disruption of thire party services required for proper operation of information systems\r\n'),(36,'Malfunction of equipment (devices or systems)\r\n','Threat of malfunction of IT hardware and/or software assets or its parts\r\n'),(37,'Loss of resources\r\n','Unavailability of resources (supply) required for proper operation of information system\r\n'),(38,'Absence of personnel\r\n','Unavailability of key personnel and their competences\r\n'),(39,'Strike\r\n','Unavailability of staff due strike (large scale absence of personnel)\r\n'),(40,'Loss of support services\r\n','Unavailability of support services required for proper operation of information system\r\n'),(41,'Internet outage\r\n','Unavailability of the Internet connection\r\n'),(42,'Network outage\r\n','Unavailability of communication links\r\n'),(43,'War driving\r\n','Threat of locating and possible exploite connection to the wireless network\r\n'),(44,'Intercepting compromising emissions\r\n','Threat of disclosure transmitted information using interception and analysis of compromising emission\r\n'),(45,'Interception of information\r\n','Threat of interception of information improperly secured in transmission or improperly actions of staff\r\n'),(46,'Interfering radiation\r\n','Threat of failure of IT hardware or transmission connection due to electromagnetic induction or electromagnetic radiation emitted from an another source\r\n'),(47,'Replay of messages\r\n','Threat in which valid data transmission is maliciously or fraudulently repeated or delayed\r\n'),(48,'Network Reconnaissance, Network traffic manipulation and Information gathering\r\n','Threat of identifying information about network to find security weaknesses\r\n'),(49,'Man in the middle/ Session hijacking \r\n','Threats that relay on alters of communication between two parties\r\n'),(50,'Identity theft (Identity Fraud/ Account) \r\n','Threat of identity theft action\r\n'),(51,'Receive of unsolicited E-mail \r\n','Threat of receive of unsolicited E-mail that affect for information security and efficienty of work (SPAM)\r\n'),(52,'Denial of service\r\n','Threat of Deny of service type attacks at information systems/services\r\n'),(53,'Malicious code/ software/ activity\r\n','Threat of malicious code or software execution\r\n'),(54,'Social Engineering\r\n','Phishing attacks, Spear phishing attacks\r\n'),(55,'Abuse of Information Leakage\r\n','? What is difference between others Physical attack (deliberate/ intentional)?\r\n'),(56,'Generation and use of rogue certificates\r\n','Threat of use of rogue certificates\r\n'),(57,'Manipulation of hardware and software\r\n','Threat of unauthorized manipulation of hardware and software\r\n'),(58,'Manipulation of information\r\n','Threat of intentional data manipulation to mislead information systems or somebody or to cover other nefarious activities (loss of integrity of information) \r\n'),(59,'Misuse of audit tools\r\n','Threat of nefarious actions with use of audit tools (discovery security weaknesses in information systems)\r\n'),(60,'Misuse of information/ information systems (including mobile apps)\r\n','Threat of nefarious action due to misuse of information / information systems\r\n'),(61,'Unauthorized activities\r\n','empty\r\n'),(62,'Unauthorized installation of software\r\n','Threat of unauthorized installation of software\r\n'),(63,'Compromising confidential information (data breaches)\r\n','Threat of data breach \r\n'),(64,'Hoax\r\n','Threat of disruption of work due to False rumor and/or a fake warning\r\n'),(65,'Remote activity (execution)\r\n','Threat of remote activity over controled IT Assets\r\n'),(66,'Targeted attacks (APTs etc.)\r\n','Threat of sophisticated targetes attack with combination of many attack techniques\r\n'),(67,'Failed of bussines process\r\n','empty\r\n'),(68,'Brute force\r\n','empty\r\n'),(69,'Abuse of authorizations\r\n','empty\r\n'),(70,'Violation of laws or regulations / Breach of legislation\r\n','Threat of finacial or legal penatly or lost of trust of customers and collaborators due to violation of law or regulations\r\n'),(71,'Failure to meet contractual requirements\r\n','Threat of finacial penatly or lost of trust of customers and collaborators due to failure to meet contractual requirements\r\n'),(72,'Unauthorized use of IPR protected resources\r\n','Threat of finacial or legal penatly or lost of trust of customers and collaborators due to improper/illegal use of copyrights material\r\n'),(73,'Abuse of personal data\r\n','Threat of illegal use personal data\r\n'),(74,'Judiciary decisions/court orders\r\n','empty\r\n'),(75,'Fraud by employees','Fraud made by employees or others who are in relation with entities, who have access to knowledge about entities\' information and IT Assets'),(76,'Theft of mobile devices (smartphone/tablet)','Taking of another person\'s property in the form of mobile devices for example smartphones, tablets.'),(77,'Theft of fixed hardware ','Taking of another person\'s hardware property (except mobile devices), which often contain business-sensitive data.'),(78,'Theft of documents','Stealing documents of private/company archives, often for the purpose of re-sale or to achieve personal benefits.'),(79,'Theft of backups','Stealing media device, on which copies of essential informations are kept.'),(80,'Accidental leaks/sharing of data by employees','Unintentional distribution of private or sensitive data to an unauthorized entity by staff member.'),(81,'Leaks of data via mobile applications','empty'),(82,'Leaks of data via Web applications','Threat of leakage important information using web applications.'),(83,'Leaks of information transferred by network','Threat of leakage important information by unsecure network traffic.'),(84,'Loss of information due to  maintenance errs / operators errors','Threat of loss of information by incorrectly performed conservation of devices or systems or other operator activities'),(85,'Loss of information due to  configuration/ installation error','Threat of loss of information by errors in installation or system configuration'),(86,'Increasing recover time','Threat of loss of availability of information by errors in use od backup media and increasing information recovery time'),(87,'Loss of information due to  user errors','Threat of loss of availability of information or damage to IT assets by user errors in use of IT infrastructure or IT software on recovery time'),(88,'Security failure by third party','Threats of damage of IT Assets caused by breach security regulation by third party'),(89,'Loss of integrity of certificates','Threat of lossing integrity of certificates used for authorisation services'),(90,'Loss of devices/ mobile devices','Threat of loosing mobile devices.'),(91,'Loss of storage media ','Threat of loosing data-storage medium.'),(92,'Loss of documentation of IT Infrastructure','Threat of loosing important documentation.'),(93,'Infection of removable media','Threat of loss of important data due to infection of removable media.'),(94,'Abuse of storage ','Threat of loss of records by improperly/unauthorised use of storage devices'),(95,'Lost of data or accessibility of IT infrastructure in result of extensive humidity','Threat of disruption of work of IT systems due to high humidity.'),(96,'Lost of data or accessibility of IT infrastructure in result of extensive temperature','Threat of disruption of work of IT systems due to high or low temperature.\r\n'),(97,'Failure of defective data media','Threat of failure of data media'),(98,'Hardware failure','Threat of failure of IT hardware.'),(99,'Failure of applications and services','Threat of failure of software/applications or services.'),(100,'Failure of parts of devices (connectors, plug in)','Threat of failure of IT equipment or it\'s part.'),(101,'Failure of cable networks','Threat of failure of communications links due problems with cable network.'),(102,'Failure of wireless networks','Threat of failure of communications links due problems with wireless networks.'),(103,'Failure of mobile networks','Threat of failure of communications links due problems with mobile networks.'),(104,'Failure or disruption of the power supply','Threat of failure or malfunction of power supply.'),(105,'Failure of cooling infrastructure','Threat od failure of IT assets due to improper working of cooling infrastructure'),(106,'Loss of electricity','Threat of lack of electricity power.'),(107,'Cooling outages','Threat of cooling services (air-conditioning in server room)'),(108,'Outage of cable networks','Threat of lack of communications links due problems with cable network.'),(109,'Outage of wireless networks','Threat of lack of communications links due problems with wireless networks.'),(110,'Outages of mobile networks','Threat of lack of communications links due problems with mobile networks.'),(111,'Corporate Espionage','Threat of obtaining information secrets by dishonest means.'),(112,'Nation state espionage','empty'),(113,'Information leakage due to unsecured Wi-Fi, rogue access points','Threat of obtaining important information by unsecure network rogue access points etc.'),(114,'Credentials stealing trojans','Threat of identity theft action by malware computer programs'),(115,'SPAM','empty'),(116,'Unsolicited infected e-mails','empty'),(117,'Distributed Denial of network service (DDoS) (network layer attack i.e. Protocol exploitation / Malf','Threat of deny of service due to DoS attack.'),(118,'Distributed Denial of application service (DDoS) (application layer attack i.e. Ping of Death / XDoS','empty'),(119,'Distributed DoS (DDoS) to both network and application services (amplification/reflection methods i.','empty'),(120,'Abuse of resources','Threat of loss of records by improper /unauthorised use of memory, CPU cycles or any other IT resources.'),(121,'Search Engine Poisoning','Threat of deliberate manipulation of search engine indexes'),(122,'Exploitation of fake trust of social media','Threat of malicious due to trusted of social media'),(123,'Worms/ Trojans','Threat of malware computer programs (trojans/worm)'),(124,'Rootkits','Threat of stealthy types of malware software.'),(125,'Mobile malware','empty'),(126,'Infected trusted mobile apps','Threat of mobile malware software that are recognized as trusted one.'),(127,'Elevation of privileges','Threat of exploiting a bugs, design flaws or configuration oversights in an operating system or software application to gain elevated access to resources'),(128,'Web application attacks / injection attacks (Code injection: SQL, XSS)','empty'),(129,'Spyware or deceptive adware','Threat of software that aims to gather information about a person or organization without their knowledge'),(130,'Viruses','Threat of infection by viruses'),(131,'Rogue security software/  Rogueware/ Scareware','Threat of standalone malware computer program that pretends to be a well-known program, or a non-malicious one'),(132,'Exploits/Exploit Kits','empty'),(133,'Phishing attacks','Threat of an e-mail fraud method in which the perpetrator sends out legitimate-looking email in an attempt to gather personal and financial information from recipients. Typically, the messages appear to come from well known and trustworthy Web sites.'),(134,'Spear phishing attacks','empty'),(135,'Leakage affecting mobile privacy and mobile applications','Threat of leakage important information by malware mobile applications'),(136,'Leakage affecting web privacy and web applications','Threat of leakage important information by malware web applications'),(137,'Leakage affecting network traffic','Threat of leakage important information by network traffic'),(138,'Leakage affecting cloud computing','Threat of leakage important information by cloud computing'),(139,'Loss of (integrity of) sensitive information','Threat of loss sensitive information due to loss of integrity'),(140,'Man in the middle/ Session hijacking ','Threat of attack consists of the exploitation of the web session control mechanism, which is normally managed for a session token.'),(141,'Social Engineering / signed malware (e.g. install fake trust OS updates  signed malware)','Threat of attack due to malware application signed by a certificate that is typically trusted inherently by an endpoint.'),(142,'Fake SSL certificates','Threat of attack due to malware application signed by a certificate that is typically trusted inherently by an endpoint.'),(143,'Anonymous proxies','Threat of unauthorized manipulation by anonymous proxies'),(144,'Abuse of computing power of cloud to launch attacks (cybercrime as a service)','Threat of using large computing powers to generate attacks by demand'),(145,'Abuse of vulnerabilities, 0-day vulnerabilities','empty'),(146,'Access of web sites through chains of HTTP Proxies (Obfuscation)','Threat of bypass of the security mechanism using HTTP Proxies (bypass Web site black list)'),(147,'Access to device software','Threat of unauthorized manipulation by access to device software'),(148,'Alternation of software','Threat of unauthorized modifications to code or data, attacking its integrity'),(149,'Rogue hardware','Threat of manipulation due to unauthorized hardware'),(150,'Repudiation of actions','Threat of intentional data manipulation to repudiate action'),(151,'Address Space hijacking (IP prefixes)\r\nRouting table manipulation','empty'),(152,'DNS poisoning / DNS spoofing / DNS Manipulations ','empty'),(153,'Falsification of record','Threat of intentional data manipulation to falsification record'),(154,'AS hijacking','empty'),(155,'AS manipulation','empty'),(156,'Falsification of configurations','Threat of intentional manipulation due to falsification of configurations'),(157,'Unauthorized use or administration of devices and systems','Threat of nefarious action due to unauthorized use of devices and systems'),(158,'Unauthorized use of software','Threat of nefarious action due to unauthorized use of software'),(159,'Unauthorized access to the information systems / networks (IMPI Protocol / DNS Register Hijacking)','Threat of unauthorized access to the information systems / network'),(160,'Network Intrusion','Threat of unauthorized access to network'),(161,'Unauthorized changes of records','Threat of unauthorized changes of information'),(162,'Web based attacks (Drive-by download / malicious URLs / Browser based attacks)','empty'),(163,'False rumor and/or a fake warning','Threat of disruption of work due to False rumour and/or a fake warning'),(164,'Remote Command Execution','Threat of nefarious action due to remote command execution'),(165,'Remote Access Tool (RAT)','empty'),(166,'Botnets / Remote activity ','empty'),(167,'Mobile malware','Threat of mobile software that aims to gather information about a person or organization without their knowledge'),(168,'Spear phishing attacks','Threat of attack focuses on a single user or department within an organization, addressed from someone within the company in a position of trust and requesting information such as login IDs and passwords. '),(169,'Installation of sophisticated and targeted malware','empty'),(170,'Watering Hole attacks','Threat of malware the websites which the group often used'),(171,'Failure to meet contractual requirements by third party','Threat of finacial penatly or lost of trust of customers and collaborators due to failure to meet contractual requirements by third party'),(172,'Illegal usage of File Sharing services','Threat of finacial or legal penatly or lost of trust of customers and collaborators due to improper/illegal use of file sharing services');
/*!40000 ALTER TABLE `parsingbpmn_threat` ENABLE KEYS */;
UNLOCK TABLES;

--
-- Table structure for table `parsingbpmn_threat_has_attribute`
--

DROP TABLE IF EXISTS `parsingbpmn_threat_has_attribute`;
/*!40101 SET @saved_cs_client     = @@character_set_client */;
/*!40101 SET character_set_client = utf8 */;
CREATE TABLE `parsingbpmn_threat_has_attribute` (
  `id` int(11) NOT NULL AUTO_INCREMENT,
  `attribute_id` int(11) NOT NULL,
  `threat_id` int(11) NOT NULL,
  PRIMARY KEY (`id`),
  KEY `parsingBPMN_threat_h_attribute_id_8e431819_fk_parsingBP` (`attribute_id`),
  KEY `parsingBPMN_threat_h_threat_id_fbeae7da_fk_parsingBP` (`threat_id`),
  CONSTRAINT `parsingBPMN_threat_h_attribute_id_8e431819_fk_parsingBP` FOREIGN KEY (`attribute_id`) REFERENCES `parsingbpmn_attribute` (`id`),
  CONSTRAINT `parsingBPMN_threat_h_threat_id_fbeae7da_fk_parsingBP` FOREIGN KEY (`threat_id`) REFERENCES `parsingbpmn_threat` (`id`)
) ENGINE=InnoDB AUTO_INCREMENT=146 DEFAULT CHARSET=utf8mb4;
/*!40101 SET character_set_client = @saved_cs_client */;

--
-- Dumping data for table `parsingbpmn_threat_has_attribute`
--

LOCK TABLES `parsingbpmn_threat_has_attribute` WRITE;
/*!40000 ALTER TABLE `parsingbpmn_threat_has_attribute` DISABLE KEYS */;
INSERT INTO `parsingbpmn_threat_has_attribute` VALUES (1,1,1),(2,2,1),(3,3,1),(4,1,2),(5,2,2),(6,3,2),(7,3,3),(8,1,7),(9,2,7),(10,3,7),(11,1,10),(12,2,10),(13,3,10),(14,2,11),(15,1,17),(16,2,17),(17,1,32),(18,2,32),(19,1,33),(20,2,33),(21,1,34),(22,2,34),(23,3,34),(24,1,35),(25,2,35),(26,1,37),(27,2,37),(28,3,37),(29,1,41),(30,2,41),(31,1,45),(32,2,45),(33,3,45),(34,2,49),(35,1,50),(36,2,50),(37,3,58),(38,4,1),(39,5,1),(40,6,1),(41,4,2),(42,5,2),(43,6,2),(44,6,3),(45,4,7),(46,5,7),(47,6,7),(48,4,10),(49,5,10),(50,6,10),(51,4,17),(52,5,17),(53,4,33),(54,5,33),(55,4,34),(56,5,34),(57,6,34),(58,4,35),(59,5,35),(60,4,37),(61,5,37),(62,6,37),(63,4,41),(64,5,41),(65,4,45),(66,5,45),(67,6,45),(68,5,47),(69,5,49),(70,4,50),(71,5,50),(72,5,51),(73,5,52),(74,5,53),(75,5,54),(76,6,58),(77,12,1),(78,12,2),(79,12,3),(80,10,15),(81,11,15),(82,10,16),(83,11,16),(84,10,17),(85,10,32),(86,11,32),(87,10,35),(88,11,35),(89,10,37),(90,11,37),(91,10,41),(92,11,41),(93,10,52),(94,11,52),(95,9,1),(96,9,2),(97,9,3),(98,9,4),(99,9,5),(100,9,7),(101,7,1),(102,8,1),(103,7,2),(104,8,2),(105,7,7),(106,8,7),(107,7,11),(108,8,11),(109,7,17),(110,7,18),(111,8,18),(112,7,20),(113,8,20),(114,7,32),(115,8,32),(116,7,37),(117,8,37),(118,7,38),(119,8,38),(120,7,41),(121,8,42),(122,7,53),(123,8,53),(124,14,11),(125,14,17),(126,14,32),(127,14,33),(128,14,34),(129,14,35),(130,14,37),(131,14,41),(132,14,45),(133,14,49),(134,14,58),(135,15,17),(136,15,33),(137,15,34),(138,15,35),(139,15,37),(140,15,41),(141,15,45),(142,15,47),(143,15,49),(144,15,52),(145,15,58);
/*!40000 ALTER TABLE `parsingbpmn_threat_has_attribute` ENABLE KEYS */;
UNLOCK TABLES;

--
-- Table structure for table `parsingbpmn_threat_has_control`
--

DROP TABLE IF EXISTS `parsingbpmn_threat_has_control`;
/*!40101 SET @saved_cs_client     = @@character_set_client */;
/*!40101 SET character_set_client = utf8 */;
CREATE TABLE `parsingbpmn_threat_has_control` (
  `id` int(11) NOT NULL AUTO_INCREMENT,
  `control_id` int(11) NOT NULL,
  `threat_id` int(11) NOT NULL,
  PRIMARY KEY (`id`),
  KEY `parsingbpmn_threat_h_control_id_7388a9d5_fk_parsingbp` (`control_id`),
  KEY `parsingbpmn_threat_h_threat_id_e0101e51_fk_parsingbp` (`threat_id`),
  CONSTRAINT `parsingbpmn_threat_h_control_id_7388a9d5_fk_parsingbp` FOREIGN KEY (`control_id`) REFERENCES `parsingbpmn_control` (`id`),
  CONSTRAINT `parsingbpmn_threat_h_threat_id_e0101e51_fk_parsingbp` FOREIGN KEY (`threat_id`) REFERENCES `parsingbpmn_threat` (`id`)
) ENGINE=InnoDB AUTO_INCREMENT=2 DEFAULT CHARSET=utf8mb4;
/*!40101 SET character_set_client = @saved_cs_client */;

--
-- Dumping data for table `parsingbpmn_threat_has_control`
--

LOCK TABLES `parsingbpmn_threat_has_control` WRITE;
/*!40000 ALTER TABLE `parsingbpmn_threat_has_control` DISABLE KEYS */;
/*!40000 ALTER TABLE `parsingbpmn_threat_has_control` ENABLE KEYS */;
UNLOCK TABLES;

--
-- Table structure for table `parsingbpmn_threat_has_family`
--

DROP TABLE IF EXISTS `parsingbpmn_threat_has_family`;
/*!40101 SET @saved_cs_client     = @@character_set_client */;
/*!40101 SET character_set_client = utf8 */;
CREATE TABLE `parsingbpmn_threat_has_family` (
  `id` int(11) NOT NULL AUTO_INCREMENT,
  `family_id` int(11) NOT NULL,
  `threat_id` int(11) NOT NULL,
  PRIMARY KEY (`id`),
  KEY `parsingbpmn_threat_h_family_id_291f7dfe_fk_parsingbp` (`family_id`),
  KEY `parsingbpmn_threat_h_threat_id_1c0a7914_fk_parsingbp` (`threat_id`),
  CONSTRAINT `parsingbpmn_threat_h_family_id_291f7dfe_fk_parsingbp` FOREIGN KEY (`family_id`) REFERENCES `parsingbpmn_family` (`id`),
  CONSTRAINT `parsingbpmn_threat_h_threat_id_1c0a7914_fk_parsingbp` FOREIGN KEY (`threat_id`) REFERENCES `parsingbpmn_threat` (`id`)
) ENGINE=InnoDB AUTO_INCREMENT=421 DEFAULT CHARSET=utf8mb4;
/*!40101 SET character_set_client = @saved_cs_client */;

--
-- Dumping data for table `parsingbpmn_threat_has_family`
--

LOCK TABLES `parsingbpmn_threat_has_family` WRITE;
/*!40000 ALTER TABLE `parsingbpmn_threat_has_family` DISABLE KEYS */;
INSERT INTO `parsingbpmn_threat_has_family` VALUES (1,78,1),(2,81,1),(3,84,1),(4,85,1),(5,87,1),(6,74,2),(7,87,2),(8,78,3),(9,82,3),(10,87,3),(11,78,4),(12,81,4),(13,82,4),(14,87,4),(15,78,5),(16,81,5),(17,85,5),(18,87,5),(19,82,6),(20,85,6),(21,87,6),(22,74,7),(23,85,7),(24,87,7),(25,78,8),(26,87,8),(27,78,9),(28,87,9),(29,2,10),(30,71,10),(31,73,10),(32,75,10),(33,77,10),(34,79,10),(35,81,10),(36,85,10),(37,86,10),(38,87,10),(39,88,10),(40,1,11),(41,2,11),(42,72,11),(43,73,11),(44,79,11),(45,84,11),(46,85,11),(47,87,11),(48,71,12),(49,74,12),(50,75,12),(51,76,12),(52,85,12),(53,87,12),(54,88,12),(55,78,13),(56,81,13),(57,87,13),(58,71,14),(59,73,14),(60,77,14),(61,79,14),(62,82,14),(63,87,14),(64,1,15),(65,2,15),(66,71,15),(67,74,15),(68,76,15),(69,77,15),(70,80,15),(71,87,15),(72,71,16),(73,72,16),(74,73,16),(75,74,16),(76,77,16),(77,79,16),(78,80,16),(79,82,16),(80,83,16),(81,84,16),(82,86,16),(83,87,16),(84,88,16),(85,75,17),(86,78,17),(87,87,17),(88,1,18),(89,2,18),(90,71,18),(91,73,18),(92,75,18),(93,76,18),(94,77,18),(95,78,18),(96,79,18),(97,81,18),(98,84,18),(99,86,18),(100,87,18),(101,71,19),(102,75,19),(103,76,19),(104,78,19),(105,81,19),(106,86,19),(107,87,19),(108,1,20),(109,2,20),(110,71,20),(111,74,20),(112,75,20),(113,76,20),(114,78,20),(115,81,20),(116,84,20),(117,86,20),(118,87,20),(119,88,20),(120,78,21),(121,87,21),(122,78,22),(123,87,22),(124,78,23),(125,87,23),(126,78,24),(127,87,24),(128,78,25),(129,87,25),(130,78,26),(131,87,26),(132,78,27),(133,87,27),(134,78,28),(135,87,28),(136,78,29),(137,87,29),(138,78,30),(139,87,30),(140,78,31),(141,87,31),(142,1,32),(143,2,32),(144,73,32),(145,74,32),(146,85,32),(147,87,32),(148,1,33),(149,74,33),(150,78,33),(151,82,33),(152,83,33),(153,87,33),(154,1,34),(155,74,34),(156,87,34),(157,74,35),(158,87,35),(159,1,36),(160,2,36),(161,71,36),(162,74,36),(163,76,36),(164,78,36),(165,81,36),(166,86,36),(167,87,36),(168,88,36),(169,74,37),(170,78,37),(171,87,37),(172,85,38),(173,87,38),(174,85,39),(175,87,39),(176,74,40),(177,87,40),(178,1,41),(179,74,41),(180,78,41),(181,87,41),(182,1,42),(183,74,42),(184,78,42),(185,87,42),(186,1,43),(187,71,43),(188,73,43),(189,74,43),(190,76,43),(191,77,43),(192,79,43),(193,81,43),(194,83,43),(195,87,43),(196,88,43),(197,87,44),(198,71,45),(199,73,45),(200,75,45),(201,76,45),(202,81,45),(203,85,45),(204,86,45),(205,87,45),(206,88,45),(207,87,46),(208,1,47),(209,2,47),(210,71,47),(211,73,47),(212,75,47),(213,76,47),(214,86,47),(215,87,47),(216,88,47),(217,71,48),(218,74,48),(219,77,48),(220,79,48),(221,80,48),(222,87,48),(223,2,49),(224,73,49),(225,81,49),(226,84,49),(227,85,49),(228,87,49),(229,71,50),(230,73,50),(231,75,50),(232,76,50),(233,81,50),(234,82,50),(235,85,50),(236,86,50),(237,87,50),(238,88,50),(239,71,51),(240,73,51),(241,75,51),(242,76,51),(243,81,51),(244,85,51),(245,86,51),(246,87,51),(247,74,52),(248,77,52),(249,79,52),(250,80,52),(251,86,52),(252,87,52),(253,88,52),(254,2,53),(255,71,53),(256,73,53),(257,74,53),(258,75,53),(259,76,53),(260,77,53),(261,78,53),(262,79,53),(263,81,53),(264,85,53),(265,86,53),(266,87,53),(267,88,53),(268,75,54),(269,81,54),(270,85,54),(271,87,54),(272,78,55),(273,81,55),(274,87,55),(275,2,56),(276,74,56),(277,77,56),(278,81,56),(279,87,56),(280,1,57),(281,2,57),(282,71,57),(283,76,57),(284,78,57),(285,80,57),(286,81,57),(287,86,57),(288,87,57),(289,88,57),(290,71,58),(291,72,58),(292,73,58),(293,74,58),(294,75,58),(295,76,58),(296,77,58),(297,81,58),(298,82,58),(299,86,58),(300,87,58),(301,88,58),(302,71,59),(303,73,59),(304,76,59),(305,77,59),(306,80,59),(307,86,59),(308,87,59),(309,88,59),(310,71,60),(311,73,60),(312,76,60),(313,77,60),(314,80,60),(315,86,60),(316,87,60),(317,88,60),(318,72,61),(319,74,61),(320,77,61),(321,78,61),(322,81,61),(323,82,61),(324,83,61),(325,84,61),(326,87,61),(327,2,62),(328,72,62),(329,74,62),(330,77,62),(331,78,62),(332,81,62),(333,82,62),(334,83,62),(335,84,62),(336,86,62),(337,87,62),(338,1,63),(339,2,63),(340,71,63),(341,72,63),(342,73,63),(343,74,63),(344,76,63),(345,77,63),(346,81,63),(347,82,63),(348,85,63),(349,86,63),(350,87,63),(351,88,63),(352,85,64),(353,87,64),(354,73,65),(355,77,65),(356,79,65),(357,87,65),(358,1,66),(359,2,66),(360,71,66),(361,74,66),(362,76,66),(363,77,66),(364,79,66),(365,81,66),(366,86,66),(367,87,66),(368,88,66),(369,85,67),(370,87,67),(371,73,68),(372,74,68),(373,77,68),(374,79,68),(375,80,68),(376,82,68),(377,85,68),(378,86,68),(379,87,68),(380,88,68),(381,72,69),(382,73,69),(383,74,69),(384,79,69),(385,82,69),(386,86,69),(387,87,69),(388,71,70),(389,73,70),(390,74,70),(391,77,70),(392,79,70),(393,81,70),(394,82,70),(395,84,70),(396,85,70),(397,86,70),(398,87,70),(399,88,70),(400,71,71),(401,73,71),(402,74,71),(403,77,71),(404,79,71),(405,81,71),(406,82,71),(407,84,71),(408,85,71),(409,86,71),(410,87,71),(411,88,71),(412,81,72),(413,82,72),(414,85,72),(415,87,72),(416,81,73),(417,82,73),(418,85,73),(419,87,73),(420,87,74);
/*!40000 ALTER TABLE `parsingbpmn_threat_has_family` ENABLE KEYS */;
UNLOCK TABLES;

--
-- Table structure for table `parsingbpmn_threat_has_threatdetails`
--

DROP TABLE IF EXISTS `parsingbpmn_threat_has_threatdetails`;
/*!40101 SET @saved_cs_client     = @@character_set_client */;
/*!40101 SET character_set_client = utf8 */;
CREATE TABLE `parsingbpmn_threat_has_threatdetails` (
  `id` int(11) NOT NULL AUTO_INCREMENT,
  `threat_id` int(11) NOT NULL,
  `threatdetails_id` int(11) NOT NULL,
  PRIMARY KEY (`id`),
  KEY `parsingbpmn_threat_h_threat_id_13974262_fk_parsingbp` (`threat_id`),
  KEY `parsingbpmn_threat_h_threatdetails_id_28e7774d_fk_parsingbp` (`threatdetails_id`),
  CONSTRAINT `parsingbpmn_threat_h_threat_id_13974262_fk_parsingbp` FOREIGN KEY (`threat_id`) REFERENCES `parsingbpmn_threat` (`id`),
  CONSTRAINT `parsingbpmn_threat_h_threatdetails_id_28e7774d_fk_parsingbp` FOREIGN KEY (`threatdetails_id`) REFERENCES `parsingbpmn_threat` (`id`)
) ENGINE=InnoDB AUTO_INCREMENT=99 DEFAULT CHARSET=utf8mb4;
/*!40101 SET character_set_client = @saved_cs_client */;

--
-- Dumping data for table `parsingbpmn_threat_has_threatdetails`
--

LOCK TABLES `parsingbpmn_threat_has_threatdetails` WRITE;
/*!40000 ALTER TABLE `parsingbpmn_threat_has_threatdetails` DISABLE KEYS */;
INSERT INTO `parsingbpmn_threat_has_threatdetails` VALUES (1,1,75),(2,4,76),(3,4,77),(4,4,78),(5,4,79),(6,10,80),(7,10,81),(8,10,82),(9,10,83),(10,11,84),(11,11,85),(12,11,86),(13,11,87),(14,15,88),(15,18,89),(16,19,90),(17,19,91),(18,19,92),(19,20,93),(20,20,94),(21,28,95),(22,28,96),(23,32,97),(24,32,98),(25,32,99),(26,32,100),(27,33,101),(28,33,102),(29,33,103),(30,34,104),(31,34,105),(32,37,106),(33,37,107),(34,42,108),(35,42,109),(36,42,110),(37,45,111),(38,45,112),(39,45,113),(40,50,114),(41,51,115),(42,51,116),(43,52,117),(44,52,118),(45,52,119),(46,53,120),(47,53,121),(48,53,122),(49,53,123),(50,53,124),(51,53,125),(52,53,126),(53,53,127),(54,53,128),(55,53,129),(56,53,130),(57,53,131),(58,53,132),(59,54,133),(60,54,134),(61,55,135),(62,55,136),(63,55,137),(64,55,138),(65,56,139),(66,56,140),(67,56,141),(68,56,142),(69,57,143),(70,57,144),(71,57,145),(72,57,146),(73,57,147),(74,57,148),(75,57,149),(76,58,150),(77,58,151),(78,58,152),(79,58,153),(80,58,154),(81,58,155),(82,58,156),(83,61,157),(84,61,158),(85,61,159),(86,61,160),(87,61,161),(88,62,162),(89,64,163),(90,65,164),(91,65,165),(92,65,166),(93,66,167),(94,66,168),(95,66,169),(96,66,170),(97,71,171),(98,72,172);
/*!40000 ALTER TABLE `parsingbpmn_threat_has_threatdetails` ENABLE KEYS */;
UNLOCK TABLES;
/*!40103 SET TIME_ZONE=@OLD_TIME_ZONE */;

/*!40101 SET SQL_MODE=@OLD_SQL_MODE */;
/*!40014 SET FOREIGN_KEY_CHECKS=@OLD_FOREIGN_KEY_CHECKS */;
/*!40014 SET UNIQUE_CHECKS=@OLD_UNIQUE_CHECKS */;
/*!40101 SET CHARACTER_SET_CLIENT=@OLD_CHARACTER_SET_CLIENT */;
/*!40101 SET CHARACTER_SET_RESULTS=@OLD_CHARACTER_SET_RESULTS */;
/*!40101 SET COLLATION_CONNECTION=@OLD_COLLATION_CONNECTION */;
/*!40111 SET SQL_NOTES=@OLD_SQL_NOTES */;

-- Dump completed on 2021-04-09 10:50:20
